#
# There is insufficient memory for the Java Runtime Environment to continue.
# Native memory allocation (mmap) failed to map 65536 bytes. Error detail: Failed to commit metaspace.
# Possible reasons:
#   The system is out of physical RAM or swap space
#   This process is running with CompressedOops enabled, and the Java Heap may be blocking the growth of the native heap
# Possible solutions:
#   Reduce memory load on the system
#   Increase physical memory or swap space
#   Check if swap backing store is full
#   Decrease Java heap size (-Xmx/-Xms)
#   Decrease number of Java threads
#   Decrease Java thread stack sizes (-Xss)
#   Set larger code cache with -XX:ReservedCodeCacheSize=
#   JVM is running with Unscaled Compressed Oops mode in which the Java heap is
#     placed in the first 4GB address space. The Java Heap base address is the
#     maximum limit for the native heap growth. Please use -XX:HeapBaseMinAddress
#     to set the Java Heap base and to place the Java Heap above 4GB virtual address.
# This output file may be truncated or incomplete.
#
#  Out of Memory Error (virtualSpaceNode.cpp:113), pid=18108, tid=43180
#
# JRE version: OpenJDK Runtime Environment Temurin-21.0.12.1+1 (21.0.12.1+1) (build 21.0.12.1+1-LTS)
# Java VM: OpenJDK 64-Bit Server VM Temurin-21.0.12.1+1 (21.0.12.1+1-LTS, mixed mode, sharing, tiered, compressed oops, compressed class ptrs, g1 gc, windows-amd64)
# No core dump will be written. Minidumps are not enabled by default on client versions of Windows
#

---------------  S U M M A R Y ------------

Command Line: --add-opens=java.base/java.util=ALL-UNNAMED --add-opens=java.base/java.lang=ALL-UNNAMED --add-opens=java.base/java.lang.invoke=ALL-UNNAMED --add-opens=java.prefs/java.util.prefs=ALL-UNNAMED --add-exports=jdk.compiler/com.sun.tools.javac.api=ALL-UNNAMED --add-exports=jdk.compiler/com.sun.tools.javac.util=ALL-UNNAMED --add-opens=java.base/java.nio.charset=ALL-UNNAMED --add-opens=java.base/java.net=ALL-UNNAMED --add-opens=java.base/java.util.concurrent.atomic=ALL-UNNAMED -XX:MaxMetaspaceSize=384m -XX:+HeapDumpOnOutOfMemoryError -Xms256m -Xmx512m -Dfile.encoding=utf8 -Duser.country=ES -Duser.language=es -Duser.variant -javaagent:C:\Users\Lucas Hernandez\.gradle\wrapper\dists\gradle-8.9-bin\90cnw93cvbtalezasaz0blq0a\gradle-8.9\lib\agents\gradle-instrumentation-agent-8.9.jar org.gradle.launcher.daemon.bootstrap.GradleDaemon 8.9

Host: AMD Ryzen 5 7430U with Radeon Graphics, 12 cores, 15G,  Windows 11 , 64 bit Build 26100 (10.0.26100.9444)
Time: Wed Oct  7 16:08:23 2026 Hora de verano romance elapsed time: 33.043008 seconds (0d 0h 0m 33s)

---------------  T H R E A D  ---------------

Current thread (0x000002565b01a2d0):  JavaThread "Daemon worker"        [_thread_in_vm, id=43180, stack(0x000000a34cb00000,0x000000a34cc00000) (1024K)]

Stack: [0x000000a34cb00000,0x000000a34cc00000]
Native frames: (J=compiled Java code, j=interpreted, Vv=VM code, C=native code)
V  [jvm.dll+0x6d83e9]
V  [jvm.dll+0x8b5736]
V  [jvm.dll+0x8b7cee]
V  [jvm.dll+0x8b83d3]
V  [jvm.dll+0x284596]
V  [jvm.dll+0x8b147e]
V  [jvm.dll+0x679ad4]
V  [jvm.dll+0x1e849b]
V  [jvm.dll+0x1e825e]
V  [jvm.dll+0x67c3d2]
V  [jvm.dll+0x67c202]
V  [jvm.dll+0x67a4ae]
V  [jvm.dll+0x3c7a23]
V  [jvm.dll+0x2118db]
V  [jvm.dll+0x5b6aa9]
V  [jvm.dll+0x82f77d]
V  [jvm.dll+0x479a6e]
V  [jvm.dll+0x48cde6]
C  [java.dll+0x1657]

Java frames: (J=compiled Java code, j=interpreted, Vv=VM code)
J 1907  java.lang.ClassLoader.defineClass0(Ljava/lang/ClassLoader;Ljava/lang/Class;Ljava/lang/String;[BIILjava/security/ProtectionDomain;ZILjava/lang/Object;)Ljava/lang/Class; java.base@21.0.12.1 (0 bytes) @ 0x0000025635e71bbc [0x0000025635e71ac0+0x00000000000000fc]
J 2684 c1 java.lang.System$2.defineClass(Ljava/lang/ClassLoader;Ljava/lang/Class;Ljava/lang/String;[BLjava/security/ProtectionDomain;ZILjava/lang/Object;)Ljava/lang/Class; java.base@21.0.12.1 (21 bytes) @ 0x000002562e802674 [0x000002562e8025c0+0x00000000000000b4]
J 2470 c1 java.lang.invoke.MethodHandles$Lookup$ClassDefiner.defineClass(ZLjava/lang/Object;)Ljava/lang/Class; java.base@21.0.12.1 (213 bytes) @ 0x000002562e783efc [0x000002562e7839a0+0x000000000000055c]
J 2795 c1 java.lang.invoke.InvokerBytecodeGenerator.loadMethod([B)Ljava/lang/invoke/MemberName; java.base@21.0.12.1 (39 bytes) @ 0x000002562e838c0c [0x000002562e838a80+0x000000000000018c]
J 2439 c1 java.lang.invoke.InvokerBytecodeGenerator.generateCustomizedCode(Ljava/lang/invoke/LambdaForm;Ljava/lang/invoke/MethodType;)Ljava/lang/invoke/MemberName; java.base@21.0.12.1 (34 bytes) @ 0x000002562e76fbb4 [0x000002562e76fa00+0x00000000000001b4]
J 2598 c1 java.lang.invoke.LambdaForm.compileToBytecode()V java.base@21.0.12.1 (164 bytes) @ 0x000002562e7c58f4 [0x000002562e7c5700+0x00000000000001f4]
J 3658 c2 java.lang.invoke.BoundMethodHandle.<init>(Ljava/lang/invoke/MethodType;Ljava/lang/invoke/LambdaForm;)V java.base@21.0.12.1 (32 bytes) @ 0x0000025635f9dc08 [0x0000025635f9dac0+0x0000000000000148]
j  java.lang.invoke.BoundMethodHandle$Species_LLLLL.<init>(Ljava/lang/invoke/MethodType;Ljava/lang/invoke/LambdaForm;Ljava/lang/Object;Ljava/lang/Object;Ljava/lang/Object;Ljava/lang/Object;Ljava/lang/Object;)V+3 java.base@21.0.12.1
j  java.lang.invoke.BoundMethodHandle$Species_LLLLL.make(Ljava/lang/invoke/MethodType;Ljava/lang/invoke/LambdaForm;Ljava/lang/Object;Ljava/lang/Object;Ljava/lang/Object;Ljava/lang/Object;Ljava/lang/Object;)Ljava/lang/invoke/BoundMethodHandle;+14 java.base@21.0.12.1
j  java.lang.invoke.DirectMethodHandle$Holder.invokeStatic(Ljava/lang/Object;Ljava/lang/Object;Ljava/lang/Object;Ljava/lang/Object;Ljava/lang/Object;Ljava/lang/Object;Ljava/lang/Object;Ljava/lang/Object;)Ljava/lang/Object;+22 java.base@21.0.12.1
j  java.lang.invoke.BoundMethodHandle$Species_LLLL.copyWithExtendL(Ljava/lang/invoke/MethodType;Ljava/lang/invoke/LambdaForm;Ljava/lang/Object;)Ljava/lang/invoke/BoundMethodHandle;+26 java.base@21.0.12.1
J 2580 c1 java.lang.invoke.MethodHandleImpl.makePairwiseConvertByEditor(Ljava/lang/invoke/MethodHandle;Ljava/lang/invoke/MethodType;ZZ)Ljava/lang/invoke/MethodHandle; java.base@21.0.12.1 (617 bytes) @ 0x000002562e7bc08c [0x000002562e7b9aa0+0x00000000000025ec]
J 2579 c1 java.lang.invoke.MethodHandleImpl.makePairwiseConvert(Ljava/lang/invoke/MethodHandle;Ljava/lang/invoke/MethodType;ZZ)Ljava/lang/invoke/MethodHandle; java.base@21.0.12.1 (22 bytes) @ 0x000002562e7c11fc [0x000002562e7c10c0+0x000000000000013c]
J 2290 c1 java.lang.invoke.MethodHandle.asTypeUncached(Ljava/lang/invoke/MethodType;)Ljava/lang/invoke/MethodHandle; java.base@21.0.12.1 (54 bytes) @ 0x000002562e72d68c [0x000002562e72d0e0+0x00000000000005ac]
J 2303 c1 java.lang.invoke.MethodHandle.asType(Ljava/lang/invoke/MethodType;)Ljava/lang/invoke/MethodHandle; java.base@21.0.12.1 (32 bytes) @ 0x000002562e734004 [0x000002562e733e40+0x00000000000001c4]
j  java.lang.invoke.MethodHandle.asSpreader(ILjava/lang/Class;I)Ljava/lang/invoke/MethodHandle;+12 java.base@21.0.12.1
J 3238 c1 jdk.internal.reflect.MethodHandleAccessorFactory.makeSpecializedTarget(Ljava/lang/invoke/MethodHandle;ZZ)Ljava/lang/invoke/MethodHandle; java.base@21.0.12.1 (97 bytes) @ 0x000002562e9233cc [0x000002562e922fa0+0x000000000000042c]
J 3237 c1 jdk.internal.reflect.MethodHandleAccessorFactory.getDirectMethod(Ljava/lang/reflect/Method;Z)Ljava/lang/invoke/MethodHandle; java.base@21.0.12.1 (86 bytes) @ 0x000002562e922954 [0x000002562e922540+0x0000000000000414]
J 3236 c1 jdk.internal.reflect.MethodHandleAccessorFactory.newMethodAccessor(Ljava/lang/reflect/Method;Z)Ljdk/internal/reflect/MethodAccessorImpl; java.base@21.0.12.1 (61 bytes) @ 0x000002562e9219a4 [0x000002562e921500+0x00000000000004a4]
J 3464 c1 jdk.internal.reflect.ReflectionFactory.newMethodAccessor(Ljava/lang/reflect/Method;Z)Ljdk/internal/reflect/MethodAccessor; java.base@21.0.12.1 (69 bytes) @ 0x000002562e997994 [0x000002562e997760+0x0000000000000234]
J 3175 c1 java.lang.reflect.Method.acquireMethodAccessor()Ljdk/internal/reflect/MethodAccessor; java.base@21.0.12.1 (55 bytes) @ 0x000002562e8f587c [0x000002562e8f5720+0x000000000000015c]
J 3283 c1 org.gradle.internal.reflect.JavaMethod.invoke(Ljava/lang/Object;[Ljava/lang/Object;)Ljava/lang/Object; (74 bytes) @ 0x000002562e92f0dc [0x000002562e92ed40+0x000000000000039c]
J 3282 c1 org.gradle.internal.service.ReflectionBasedServiceMethod.invoke(Ljava/lang/Object;[Ljava/lang/Object;)Ljava/lang/Object; (16 bytes) @ 0x000002562e92e754 [0x000002562e92e6c0+0x0000000000000094]
J 3358 c1 org.gradle.internal.service.DefaultServiceRegistry$FactoryMethodService.invokeMethod([Ljava/lang/Object;)Ljava/lang/Object; (151 bytes) @ 0x000002562e959a64 [0x000002562e959940+0x0000000000000124]
J 3190 c1 org.gradle.internal.service.DefaultServiceRegistry$FactoryService.createServiceInstance()Ljava/lang/Object; (18 bytes) @ 0x000002562e8ff304 [0x000002562e8ff1c0+0x0000000000000144]
J 2622 c1 org.gradle.internal.service.DefaultServiceRegistry$ManagedObjectServiceProvider.getInstance()Ljava/lang/Object; (47 bytes) @ 0x000002562e7d948c [0x000002562e7d92e0+0x00000000000001ac]
J 2621 c1 org.gradle.internal.service.DefaultServiceRegistry$SingletonService.get()Ljava/lang/Object; (5 bytes) @ 0x000002562e7d8fbc [0x000002562e7d8f40+0x000000000000007c]
J 3191 c1 org.gradle.internal.service.DefaultServiceRegistry$FactoryService.assembleParameters()[Ljava/lang/Object; (58 bytes) @ 0x000002562e8fea34 [0x000002562e8fe800+0x0000000000000234]
J 3190 c1 org.gradle.internal.service.DefaultServiceRegistry$FactoryService.createServiceInstance()Ljava/lang/Object; (18 bytes) @ 0x000002562e8ff24c [0x000002562e8ff1c0+0x000000000000008c]
J 2622 c1 org.gradle.internal.service.DefaultServiceRegistry$ManagedObjectServiceProvider.getInstance()Ljava/lang/Object; (47 bytes) @ 0x000002562e7d948c [0x000002562e7d92e0+0x00000000000001ac]
J 2621 c1 org.gradle.internal.service.DefaultServiceRegistry$SingletonService.get()Ljava/lang/Object; (5 bytes) @ 0x000002562e7d8fbc [0x000002562e7d8f40+0x000000000000007c]
J 3191 c1 org.gradle.internal.service.DefaultServiceRegistry$FactoryService.assembleParameters()[Ljava/lang/Object; (58 bytes) @ 0x000002562e8fea34 [0x000002562e8fe800+0x0000000000000234]
J 3190 c1 org.gradle.internal.service.DefaultServiceRegistry$FactoryService.createServiceInstance()Ljava/lang/Object; (18 bytes) @ 0x000002562e8ff24c [0x000002562e8ff1c0+0x000000000000008c]
J 2622 c1 org.gradle.internal.service.DefaultServiceRegistry$ManagedObjectServiceProvider.getInstance()Ljava/lang/Object; (47 bytes) @ 0x000002562e7d948c [0x000002562e7d92e0+0x00000000000001ac]
J 2621 c1 org.gradle.internal.service.DefaultServiceRegistry$SingletonService.get()Ljava/lang/Object; (5 bytes) @ 0x000002562e7d8fbc [0x000002562e7d8f40+0x000000000000007c]
J 3191 c1 org.gradle.internal.service.DefaultServiceRegistry$FactoryService.assembleParameters()[Ljava/lang/Object; (58 bytes) @ 0x000002562e8fea34 [0x000002562e8fe800+0x0000000000000234]
J 3190 c1 org.gradle.internal.service.DefaultServiceRegistry$FactoryService.createServiceInstance()Ljava/lang/Object; (18 bytes) @ 0x000002562e8ff24c [0x000002562e8ff1c0+0x000000000000008c]
J 2622 c1 org.gradle.internal.service.DefaultServiceRegistry$ManagedObjectServiceProvider.getInstance()Ljava/lang/Object; (47 bytes) @ 0x000002562e7d948c [0x000002562e7d92e0+0x00000000000001ac]
J 2621 c1 org.gradle.internal.service.DefaultServiceRegistry$SingletonService.get()Ljava/lang/Object; (5 bytes) @ 0x000002562e7d8fbc [0x000002562e7d8f40+0x000000000000007c]
J 3191 c1 org.gradle.internal.service.DefaultServiceRegistry$FactoryService.assembleParameters()[Ljava/lang/Object; (58 bytes) @ 0x000002562e8fea34 [0x000002562e8fe800+0x0000000000000234]
J 3190 c1 org.gradle.internal.service.DefaultServiceRegistry$FactoryService.createServiceInstance()Ljava/lang/Object; (18 bytes) @ 0x000002562e8ff24c [0x000002562e8ff1c0+0x000000000000008c]
J 2622 c1 org.gradle.internal.service.DefaultServiceRegistry$ManagedObjectServiceProvider.getInstance()Ljava/lang/Object; (47 bytes) @ 0x000002562e7d948c [0x000002562e7d92e0+0x00000000000001ac]
J 2621 c1 org.gradle.internal.service.DefaultServiceRegistry$SingletonService.get()Ljava/lang/Object; (5 bytes) @ 0x000002562e7d8fbc [0x000002562e7d8f40+0x000000000000007c]
J 3191 c1 org.gradle.internal.service.DefaultServiceRegistry$FactoryService.assembleParameters()[Ljava/lang/Object; (58 bytes) @ 0x000002562e8fea34 [0x000002562e8fe800+0x0000000000000234]
J 3190 c1 org.gradle.internal.service.DefaultServiceRegistry$FactoryService.createServiceInstance()Ljava/lang/Object; (18 bytes) @ 0x000002562e8ff24c [0x000002562e8ff1c0+0x000000000000008c]
J 2622 c1 org.gradle.internal.service.DefaultServiceRegistry$ManagedObjectServiceProvider.getInstance()Ljava/lang/Object; (47 bytes) @ 0x000002562e7d948c [0x000002562e7d92e0+0x00000000000001ac]
J 2621 c1 org.gradle.internal.service.DefaultServiceRegistry$SingletonService.get()Ljava/lang/Object; (5 bytes) @ 0x000002562e7d8fbc [0x000002562e7d8f40+0x000000000000007c]
J 3191 c1 org.gradle.internal.service.DefaultServiceRegistry$FactoryService.assembleParameters()[Ljava/lang/Object; (58 bytes) @ 0x000002562e8fea34 [0x000002562e8fe800+0x0000000000000234]
J 3190 c1 org.gradle.internal.service.DefaultServiceRegistry$FactoryService.createServiceInstance()Ljava/lang/Object; (18 bytes) @ 0x000002562e8ff24c [0x000002562e8ff1c0+0x000000000000008c]
J 2622 c1 org.gradle.internal.service.DefaultServiceRegistry$ManagedObjectServiceProvider.getInstance()Ljava/lang/Object; (47 bytes) @ 0x000002562e7d948c [0x000002562e7d92e0+0x00000000000001ac]
J 2621 c1 org.gradle.internal.service.DefaultServiceRegistry$SingletonService.get()Ljava/lang/Object; (5 bytes) @ 0x000002562e7d8fbc [0x000002562e7d8f40+0x000000000000007c]
j  org.gradle.internal.service.DefaultServiceRegistry.find(Ljava/lang/reflect/Type;)Ljava/lang/Object;+22
j  org.gradle.internal.service.DefaultServiceRegistry.get(Ljava/lang/reflect/Type;)Ljava/lang/Object;+2
j  org.gradle.internal.service.DefaultServiceRegistry.get(Ljava/lang/Class;)Ljava/lang/Object;+3
j  org.gradle.api.internal.artifacts.DefaultDependencyManagementServices$DefaultDependencyResolutionServices.getDependencyLockingHandler()Lorg/gradle/api/artifacts/dsl/DependencyLockingHandler;+6
j  org.gradle.api.internal.initialization.DefaultScriptHandler.<init>(Lorg/gradle/groovy/scripts/ScriptSource;Lorg/gradle/api/internal/artifacts/DependencyResolutionServices;Lorg/gradle/api/internal/initialization/ClassLoaderScope;Lorg/gradle/api/internal/initialization/BuildLogicBuilder;)V+31
j  org.gradle.api.internal.initialization.DefaultScriptHandler_Decorated.<init>(Lorg/gradle/groovy/scripts/ScriptSource;Lorg/gradle/api/internal/artifacts/DependencyResolutionServices;Lorg/gradle/api/internal/initialization/ClassLoaderScope;Lorg/gradle/api/internal/initialization/BuildLogicBuilder;)V+6
j  java.lang.invoke.LambdaForm$DMH+0x00000256421cc000.newInvokeSpecial(Ljava/lang/Object;Ljava/lang/Object;Ljava/lang/Object;Ljava/lang/Object;Ljava/lang/Object;)Ljava/lang/Object;+24 java.base@21.0.12.1
j  java.lang.invoke.LambdaForm$MH+0x0000025642408800.invoke(Ljava/lang/Object;Ljava/lang/Object;)Ljava/lang/Object;+122 java.base@21.0.12.1
j  java.lang.invoke.Invokers$Holder.invokeExact_MT(Ljava/lang/Object;Ljava/lang/Object;Ljava/lang/Object;)Ljava/lang/Object;+19 java.base@21.0.12.1
J 1838 c1 jdk.internal.reflect.DirectConstructorHandleAccessor.newInstance([Ljava/lang/Object;)Ljava/lang/Object; java.base@21.0.12.1 (130 bytes) @ 0x000002562e65b92c [0x000002562e65b640+0x00000000000002ec]
J 1589 c1 java.lang.reflect.Constructor.newInstanceWithCaller([Ljava/lang/Object;ZLjava/lang/Class;)Ljava/lang/Object; java.base@21.0.12.1 (51 bytes) @ 0x000002562e5d67cc [0x000002562e5d65e0+0x00000000000001ec]
J 1590 c1 java.lang.reflect.Constructor.newInstance([Ljava/lang/Object;)Ljava/lang/Object; java.base@21.0.12.1 (34 bytes) @ 0x000002562e5d6d44 [0x000002562e5d6be0+0x0000000000000164]
j  org.gradle.internal.instantiation.generator.AsmBackedClassGenerator$InvokeConstructorStrategy.newInstance(Lorg/gradle/internal/service/ServiceLookup;Lorg/gradle/internal/instantiation/InstanceGenerator;Lorg/gradle/api/Describable;[Ljava/lang/Object;)Ljava/lang/Object;+37
j  org.gradle.internal.instantiation.generator.AbstractClassGenerator$GeneratedClassImpl$GeneratedConstructorImpl.newInstance(Lorg/gradle/internal/service/ServiceLookup;Lorg/gradle/internal/instantiation/InstanceGenerator;Lorg/gradle/api/Describable;[Ljava/lang/Object;)Ljava/lang/Object;+9
j  org.gradle.internal.instantiation.generator.DependencyInjectingInstantiator.doCreate(Ljava/lang/Class;Lorg/gradle/api/Describable;[Ljava/lang/Object;)Ljava/lang/Object;+37
j  org.gradle.internal.instantiation.generator.DependencyInjectingInstantiator.newInstance(Ljava/lang/Class;[Ljava/lang/Object;)Ljava/lang/Object;+4
j  org.gradle.api.internal.model.DefaultObjectFactory.newInstance(Ljava/lang/Class;[Ljava/lang/Object;)Ljava/lang/Object;+6
j  org.gradle.api.internal.initialization.DefaultScriptHandlerFactory.create(Lorg/gradle/groovy/scripts/ScriptSource;Lorg/gradle/api/internal/initialization/ClassLoaderScope;Lorg/gradle/api/internal/DomainObjectContext;)Lorg/gradle/api/internal/initialization/ScriptHandlerInternal;+61
j  org.gradle.api.internal.initialization.DefaultScriptHandlerFactory.create(Lorg/gradle/groovy/scripts/ScriptSource;Lorg/gradle/api/internal/initialization/ClassLoaderScope;)Lorg/gradle/api/internal/initialization/ScriptHandlerInternal;+6
j  org.gradle.configuration.DefaultInitScriptProcessor.process(Lorg/gradle/groovy/scripts/ScriptSource;Lorg/gradle/api/internal/GradleInternal;)V+91
j  org.gradle.initialization.InitScriptHandler$1.run(Lorg/gradle/internal/operations/BuildOperationContext;)V+66
j  org.gradle.internal.operations.DefaultBuildOperationRunner$1.execute(Lorg/gradle/internal/operations/RunnableBuildOperation;Lorg/gradle/internal/operations/BuildOperationContext;)V+2
j  org.gradle.internal.operations.DefaultBuildOperationRunner$1.execute(Lorg/gradle/internal/operations/BuildOperation;Lorg/gradle/internal/operations/BuildOperationContext;)V+6
j  org.gradle.internal.operations.DefaultBuildOperationRunner$2.execute(Lorg/gradle/internal/operations/BuildOperationDescriptor;Lorg/gradle/internal/operations/BuildOperationState;Lorg/gradle/internal/operations/BuildOperationState;Lorg/gradle/internal/operations/DefaultBuildOperationRunner$ReadableBuildOperationContext;Lorg/gradle/internal/operations/DefaultBuildOperationRunner$BuildOperationExecutionListener;)Lorg/gradle/internal/operations/BuildOperation;+22
j  org.gradle.internal.operations.DefaultBuildOperationRunner$2.execute(Lorg/gradle/internal/operations/BuildOperationDescriptor;Lorg/gradle/internal/operations/BuildOperationState;Lorg/gradle/internal/operations/BuildOperationState;Lorg/gradle/internal/operations/DefaultBuildOperationRunner$ReadableBuildOperationContext;Lorg/gradle/internal/operations/DefaultBuildOperationRunner$BuildOperationExecutionListener;)Ljava/lang/Object;+8
j  org.gradle.internal.operations.DefaultBuildOperationRunner.execute(Lorg/gradle/internal/operations/BuildOperationDescriptor$Builder;Lorg/gradle/internal/operations/BuildOperationState;Lorg/gradle/internal/operations/DefaultBuildOperationRunner$BuildOperationExecution;)Ljava/lang/Object;+141
j  org.gradle.internal.operations.DefaultBuildOperationRunner.execute(Lorg/gradle/internal/operations/BuildOperation;Lorg/gradle/internal/operations/BuildOperationWorker;Lorg/gradle/internal/operations/BuildOperationState;)V+18
j  org.gradle.internal.operations.DefaultBuildOperationRunner.run(Lorg/gradle/internal/operations/RunnableBuildOperation;)V+9
j  org.gradle.initialization.InitScriptHandler.executeScripts(Lorg/gradle/api/internal/GradleInternal;)V+34
j  org.gradle.initialization.InitScriptHandlingSettingsLoader.findAndLoadSettings(Lorg/gradle/api/internal/GradleInternal;)Lorg/gradle/initialization/SettingsState;+5
j  org.gradle.api.internal.initialization.CacheConfigurationsHandlingSettingsLoader.findAndLoadSettings(Lorg/gradle/api/internal/GradleInternal;)Lorg/gradle/initialization/SettingsState;+15
j  org.gradle.initialization.GradlePropertiesHandlingSettingsLoader.findAndLoadSettings(Lorg/gradle/api/internal/GradleInternal;)Lorg/gradle/initialization/SettingsState;+40
j  org.gradle.initialization.DefaultSettingsPreparer.prepareSettings(Lorg/gradle/api/internal/GradleInternal;)V+33
j  org.gradle.initialization.BuildOperationFiringSettingsPreparer$LoadBuild.doLoadBuild()V+11
j  org.gradle.initialization.BuildOperationFiringSettingsPreparer$LoadBuild.run(Lorg/gradle/internal/operations/BuildOperationContext;)V+1
j  org.gradle.internal.operations.DefaultBuildOperationRunner$1.execute(Lorg/gradle/internal/operations/RunnableBuildOperation;Lorg/gradle/internal/operations/BuildOperationContext;)V+2
j  org.gradle.internal.operations.DefaultBuildOperationRunner$1.execute(Lorg/gradle/internal/operations/BuildOperation;Lorg/gradle/internal/operations/BuildOperationContext;)V+6
j  org.gradle.internal.operations.DefaultBuildOperationRunner$2.execute(Lorg/gradle/internal/operations/BuildOperationDescriptor;Lorg/gradle/internal/operations/BuildOperationState;Lorg/gradle/internal/operations/BuildOperationState;Lorg/gradle/internal/operations/DefaultBuildOperationRunner$ReadableBuildOperationContext;Lorg/gradle/internal/operations/DefaultBuildOperationRunner$BuildOperationExecutionListener;)Lorg/gradle/internal/operations/BuildOperation;+22
j  org.gradle.internal.operations.DefaultBuildOperationRunner$2.execute(Lorg/gradle/internal/operations/BuildOperationDescriptor;Lorg/gradle/internal/operations/BuildOperationState;Lorg/gradle/internal/operations/BuildOperationState;Lorg/gradle/internal/operations/DefaultBuildOperationRunner$ReadableBuildOperationContext;Lorg/gradle/internal/operations/DefaultBuildOperationRunner$BuildOperationExecutionListener;)Ljava/lang/Object;+8
j  org.gradle.internal.operations.DefaultBuildOperationRunner.execute(Lorg/gradle/internal/operations/BuildOperationDescriptor$Builder;Lorg/gradle/internal/operations/BuildOperationState;Lorg/gradle/internal/operations/DefaultBuildOperationRunner$BuildOperationExecution;)Ljava/lang/Object;+141
j  org.gradle.internal.operations.DefaultBuildOperationRunner.execute(Lorg/gradle/internal/operations/BuildOperation;Lorg/gradle/internal/operations/BuildOperationWorker;Lorg/gradle/internal/operations/BuildOperationState;)V+18
j  org.gradle.internal.operations.DefaultBuildOperationRunner.run(Lorg/gradle/internal/operations/RunnableBuildOperation;)V+9
j  org.gradle.initialization.BuildOperationFiringSettingsPreparer.prepareSettings(Lorg/gradle/api/internal/GradleInternal;)V+31
j  org.gradle.initialization.VintageBuildModelController.lambda$prepareSettings$1()V+8
j  org.gradle.initialization.VintageBuildModelController$$Lambda+0x00000256423f2dc8.run()V+4
j  org.gradle.internal.model.StateTransitionController.lambda$doTransition$14(Ljava/lang/Runnable;)Lorg/gradle/internal/build/ExecutionResult;+1
j  org.gradle.internal.model.StateTransitionController$$Lambda+0x00000256423f2ba0.get()Ljava/lang/Object;+4
j  org.gradle.internal.model.StateTransitionController.doTransition(Lorg/gradle/internal/model/StateTransitionController$State;Lorg/gradle/internal/model/StateTransitionController$State;Ljava/util/function/Supplier;)Lorg/gradle/internal/build/ExecutionResult;+24
j  org.gradle.internal.model.StateTransitionController.doTransition(Lorg/gradle/internal/model/StateTransitionController$State;Lorg/gradle/internal/model/StateTransitionController$State;Ljava/lang/Runnable;)V+9
j  org.gradle.internal.model.StateTransitionController.lambda$transitionIfNotPreviously$11(Lorg/gradle/internal/model/StateTransitionController$State;Lorg/gradle/internal/model/StateTransitionController$State;Ljava/lang/Runnable;)V+16
j  org.gradle.internal.model.StateTransitionController$$Lambda+0x00000256423f2ff0.run()V+16
j  org.gradle.internal.work.DefaultSynchronizer.withLock(Ljava/lang/Runnable;)V+6
j  org.gradle.internal.model.StateTransitionController.transitionIfNotPreviously(Lorg/gradle/internal/model/StateTransitionController$State;Lorg/gradle/internal/model/StateTransitionController$State;Ljava/lang/Runnable;)V+13
j  org.gradle.initialization.VintageBuildModelController.prepareSettings()V+16
j  org.gradle.initialization.VintageBuildModelController.prepareToScheduleTasks()V+1
j  org.gradle.internal.build.DefaultBuildLifecycleController.lambda$prepareToScheduleTasks$6()V+9
j  org.gradle.internal.build.DefaultBuildLifecycleController$$Lambda+0x00000256423f2750.run()V+4
j  org.gradle.internal.model.StateTransitionController.lambda$doTransition$14(Ljava/lang/Runnable;)Lorg/gradle/internal/build/ExecutionResult;+1
j  org.gradle.internal.model.StateTransitionController$$Lambda+0x00000256423f2ba0.get()Ljava/lang/Object;+4
j  org.gradle.internal.model.StateTransitionController.doTransition(Lorg/gradle/internal/model/StateTransitionController$State;Lorg/gradle/internal/model/StateTransitionController$State;Ljava/util/function/Supplier;)Lorg/gradle/internal/build/ExecutionResult;+24
j  org.gradle.internal.model.StateTransitionController.doTransition(Lorg/gradle/internal/model/StateTransitionController$State;Lorg/gradle/internal/model/StateTransitionController$State;Ljava/lang/Runnable;)V+9
j  org.gradle.internal.model.StateTransitionController.lambda$maybeTransition$9(Lorg/gradle/internal/model/StateTransitionController$State;Lorg/gradle/internal/model/StateTransitionController$State;Ljava/lang/Runnable;)V+16
j  org.gradle.internal.model.StateTransitionController$$Lambda+0x00000256423f2978.run()V+16
j  org.gradle.internal.work.DefaultSynchronizer.withLock(Ljava/lang/Runnable;)V+6
j  org.gradle.internal.model.StateTransitionController.maybeTransition(Lorg/gradle/internal/model/StateTransitionController$State;Lorg/gradle/internal/model/StateTransitionController$State;Ljava/lang/Runnable;)V+13
j  org.gradle.internal.build.DefaultBuildLifecycleController.prepareToScheduleTasks()V+16
j  org.gradle.internal.buildtree.DefaultBuildTreeWorkPreparer.scheduleRequestedTasks(Lorg/gradle/internal/buildtree/BuildTreeWorkGraph;Lorg/gradle/execution/EntryTaskSelector;)Lorg/gradle/internal/buildtree/BuildTreeWorkGraph$FinalizedGraph;+4
j  org.gradle.internal.cc.impl.VintageBuildTreeWorkController$scheduleAndRunRequestedTasks$1.apply(Lorg/gradle/internal/buildtree/BuildTreeWorkGraph;)Lorg/gradle/internal/build/ExecutionResult;+18
j  org.gradle.internal.cc.impl.VintageBuildTreeWorkController$scheduleAndRunRequestedTasks$1.apply(Ljava/lang/Object;)Ljava/lang/Object;+5
j  org.gradle.composite.internal.DefaultIncludedBuildTaskGraph.withNewWorkGraph(Ljava/util/function/Function;)Ljava/lang/Object;+30
j  org.gradle.internal.cc.impl.VintageBuildTreeWorkController.scheduleAndRunRequestedTasks(Lorg/gradle/execution/EntryTaskSelector;)Lorg/gradle/internal/build/ExecutionResult;+16
j  org.gradle.internal.buildtree.DefaultBuildTreeLifecycleController.lambda$scheduleAndRunTasks$1(Lorg/gradle/execution/EntryTaskSelector;)Lorg/gradle/internal/build/ExecutionResult;+5
j  org.gradle.internal.buildtree.DefaultBuildTreeLifecycleController$$Lambda+0x00000256423f1ab0.get()Ljava/lang/Object;+8
j  org.gradle.internal.buildtree.DefaultBuildTreeLifecycleController.lambda$runBuild$4(Ljava/util/function/Supplier;)Ljava/lang/Object;+1
j  org.gradle.internal.buildtree.DefaultBuildTreeLifecycleController$$Lambda+0x00000256423f1cd8.get()Ljava/lang/Object;+8
j  org.gradle.internal.model.StateTransitionController.lambda$transition$6(Ljava/util/function/Supplier;)Lorg/gradle/internal/build/ExecutionResult;+1
j  org.gradle.internal.model.StateTransitionController$$Lambda+0x00000256423f2128.get()Ljava/lang/Object;+4
j  org.gradle.internal.model.StateTransitionController.doTransition(Lorg/gradle/internal/model/StateTransitionController$State;Lorg/gradle/internal/model/StateTransitionController$State;Ljava/util/function/Supplier;)Lorg/gradle/internal/build/ExecutionResult;+24
j  org.gradle.internal.model.StateTransitionController.lambda$transition$7(Lorg/gradle/internal/model/StateTransitionController$State;Lorg/gradle/internal/model/StateTransitionController$State;Ljava/util/function/Supplier;)Ljava/lang/Object;+9
j  org.gradle.internal.model.StateTransitionController$$Lambda+0x00000256423f1f00.create()Ljava/lang/Object;+16
j  org.gradle.internal.work.DefaultSynchronizer.withLock(Lorg/gradle/internal/Factory;)Ljava/lang/Object;+6
j  org.gradle.internal.model.StateTransitionController.transition(Lorg/gradle/internal/model/StateTransitionController$State;Lorg/gradle/internal/model/StateTransitionController$State;Ljava/util/function/Supplier;)Ljava/lang/Object;+13
j  org.gradle.internal.buildtree.DefaultBuildTreeLifecycleController.runBuild(Ljava/util/function/Supplier;)Ljava/lang/Object;+17
j  org.gradle.internal.buildtree.DefaultBuildTreeLifecycleController.scheduleAndRunTasks(Lorg/gradle/execution/EntryTaskSelector;)V+8
j  org.gradle.internal.buildtree.DefaultBuildTreeLifecycleController.scheduleAndRunTasks()V+2
j  org.gradle.tooling.internal.provider.runner.BuildModelActionRunner.run(Lorg/gradle/internal/invocation/BuildAction;Lorg/gradle/internal/buildtree/BuildTreeLifecycleController;)Lorg/gradle/internal/buildtree/BuildActionRunner$Result;+65
j  org.gradle.launcher.exec.ChainingBuildActionRunner.run(Lorg/gradle/internal/invocation/BuildAction;Lorg/gradle/internal/buildtree/BuildTreeLifecycleController;)Lorg/gradle/internal/buildtree/BuildActionRunner$Result;+34
j  org.gradle.internal.buildtree.ProblemReportingBuildActionRunner.run(Lorg/gradle/internal/invocation/BuildAction;Lorg/gradle/internal/buildtree/BuildTreeLifecycleController;)Lorg/gradle/internal/buildtree/BuildActionRunner$Result;+12
j  org.gradle.launcher.exec.BuildOutcomeReportingBuildActionRunner.run(Lorg/gradle/internal/invocation/BuildAction;Lorg/gradle/internal/buildtree/BuildTreeLifecycleController;)Lorg/gradle/internal/buildtree/BuildActionRunner$Result;+69
j  org.gradle.tooling.internal.provider.FileSystemWatchingBuildActionRunner.run(Lorg/gradle/internal/invocation/BuildAction;Lorg/gradle/internal/buildtree/BuildTreeLifecycleController;)Lorg/gradle/internal/buildtree/BuildActionRunner$Result;+335
j  org.gradle.launcher.exec.BuildCompletionNotifyingBuildActionRunner.run(Lorg/gradle/internal/invocation/BuildAction;Lorg/gradle/internal/buildtree/BuildTreeLifecycleController;)Lorg/gradle/internal/buildtree/BuildActionRunner$Result;+6
j  org.gradle.launcher.exec.RootBuildLifecycleBuildActionExecutor.lambda$execute$0(Lorg/gradle/internal/invocation/BuildAction;Lorg/gradle/internal/buildtree/BuildTreeLifecycleController;)Lorg/gradle/internal/buildtree/BuildActionRunner$Result;+6
j  org.gradle.launcher.exec.RootBuildLifecycleBuildActionExecutor$$Lambda+0x00000256423de400.apply(Ljava/lang/Object;)Ljava/lang/Object;+12
j  org.gradle.composite.internal.DefaultRootBuildState.run(Ljava/util/function/Function;)Ljava/lang/Object;+87
j  org.gradle.launcher.exec.RootBuildLifecycleBuildActionExecutor.execute(Lorg/gradle/internal/invocation/BuildAction;Lorg/gradle/internal/buildtree/BuildTreeContext;)Lorg/gradle/internal/buildtree/BuildActionRunner$Result;+28
j  org.gradle.internal.buildtree.InitDeprecationLoggingActionExecutor.execute(Lorg/gradle/internal/invocation/BuildAction;Lorg/gradle/internal/buildtree/BuildTreeContext;)Lorg/gradle/internal/buildtree/BuildActionRunner$Result;+83
j  org.gradle.internal.buildtree.InitProblems.execute(Lorg/gradle/internal/invocation/BuildAction;Lorg/gradle/internal/buildtree/BuildTreeContext;)Lorg/gradle/internal/buildtree/BuildActionRunner$Result;+13
j  org.gradle.internal.buildtree.DefaultBuildTreeContext.execute(Lorg/gradle/internal/invocation/BuildAction;)Lorg/gradle/internal/buildtree/BuildActionRunner$Result;+64
j  org.gradle.launcher.exec.BuildTreeLifecycleBuildActionExecutor.lambda$execute$0(Lorg/gradle/internal/invocation/BuildAction;Lorg/gradle/internal/buildtree/BuildTreeContext;)Lorg/gradle/internal/buildtree/BuildActionRunner$Result;+2
j  org.gradle.launcher.exec.BuildTreeLifecycleBuildActionExecutor$$Lambda+0x00000256422a35a0.apply(Ljava/lang/Object;)Ljava/lang/Object;+8
j  org.gradle.internal.buildtree.BuildTreeState.run(Ljava/util/function/Function;)Ljava/lang/Object;+45
j  org.gradle.launcher.exec.BuildTreeLifecycleBuildActionExecutor.execute(Lorg/gradle/internal/invocation/BuildAction;Lorg/gradle/internal/session/BuildSessionContext;)Lorg/gradle/internal/buildtree/BuildActionRunner$Result;+74
j  org.gradle.launcher.exec.RunAsBuildOperationBuildActionExecutor$3.call(Lorg/gradle/internal/operations/BuildOperationContext;)Lorg/gradle/internal/buildtree/BuildActionRunner$Result;+25
j  org.gradle.launcher.exec.RunAsBuildOperationBuildActionExecutor$3.call(Lorg/gradle/internal/operations/BuildOperationContext;)Ljava/lang/Object;+2
j  org.gradle.internal.operations.DefaultBuildOperationRunner$CallableBuildOperationWorker.execute(Lorg/gradle/internal/operations/CallableBuildOperation;Lorg/gradle/internal/operations/BuildOperationContext;)V+3
j  org.gradle.internal.operations.DefaultBuildOperationRunner$CallableBuildOperationWorker.execute(Lorg/gradle/internal/operations/BuildOperation;Lorg/gradle/internal/operations/BuildOperationContext;)V+6
j  org.gradle.internal.operations.DefaultBuildOperationRunner$2.execute(Lorg/gradle/internal/operations/BuildOperationDescriptor;Lorg/gradle/internal/operations/BuildOperationState;Lorg/gradle/internal/operations/BuildOperationState;Lorg/gradle/internal/operations/DefaultBuildOperationRunner$ReadableBuildOperationContext;Lorg/gradle/internal/operations/DefaultBuildOperationRunner$BuildOperationExecutionListener;)Lorg/gradle/internal/operations/BuildOperation;+22
j  org.gradle.internal.operations.DefaultBuildOperationRunner$2.execute(Lorg/gradle/internal/operations/BuildOperationDescriptor;Lorg/gradle/internal/operations/BuildOperationState;Lorg/gradle/internal/operations/BuildOperationState;Lorg/gradle/internal/operations/DefaultBuildOperationRunner$ReadableBuildOperationContext;Lorg/gradle/internal/operations/DefaultBuildOperationRunner$BuildOperationExecutionListener;)Ljava/lang/Object;+8
j  org.gradle.internal.operations.DefaultBuildOperationRunner.execute(Lorg/gradle/internal/operations/BuildOperationDescriptor$Builder;Lorg/gradle/internal/operations/BuildOperationState;Lorg/gradle/internal/operations/DefaultBuildOperationRunner$BuildOperationExecution;)Ljava/lang/Object;+141
j  org.gradle.internal.operations.DefaultBuildOperationRunner.execute(Lorg/gradle/internal/operations/BuildOperation;Lorg/gradle/internal/operations/BuildOperationWorker;Lorg/gradle/internal/operations/BuildOperationState;)V+18
j  org.gradle.internal.operations.DefaultBuildOperationRunner.call(Lorg/gradle/internal/operations/CallableBuildOperation;)Ljava/lang/Object;+16
j  org.gradle.launcher.exec.RunAsBuildOperationBuildActionExecutor.execute(Lorg/gradle/internal/invocation/BuildAction;Lorg/gradle/internal/session/BuildSessionContext;)Lorg/gradle/internal/buildtree/BuildActionRunner$Result;+23
j  org.gradle.launcher.exec.RunAsWorkerThreadBuildActionExecutor.lambda$execute$0(Lorg/gradle/internal/invocation/BuildAction;Lorg/gradle/internal/session/BuildSessionContext;)Lorg/gradle/internal/buildtree/BuildActionRunner$Result;+6
j  org.gradle.launcher.exec.RunAsWorkerThreadBuildActionExecutor$$Lambda+0x000002564226fb78.create()Ljava/lang/Object;+12
j  org.gradle.internal.work.DefaultWorkerLeaseService.withLocks(Ljava/util/Collection;Lorg/gradle/internal/Factory;)Ljava/lang/Object;+28
j  org.gradle.internal.work.DefaultWorkerLeaseService.runAsWorkerThread(Lorg/gradle/internal/Factory;)Ljava/lang/Object;+33
j  org.gradle.launcher.exec.RunAsWorkerThreadBuildActionExecutor.execute(Lorg/gradle/internal/invocation/BuildAction;Lorg/gradle/internal/session/BuildSessionContext;)Lorg/gradle/internal/buildtree/BuildActionRunner$Result;+12
j  org.gradle.tooling.internal.provider.continuous.ContinuousBuildActionExecutor.execute(Lorg/gradle/internal/invocation/BuildAction;Lorg/gradle/internal/session/BuildSessionContext;)Lorg/gradle/internal/buildtree/BuildActionRunner$Result;+58
j  org.gradle.tooling.internal.provider.SubscribableBuildActionExecutor.execute(Lorg/gradle/internal/invocation/BuildAction;Lorg/gradle/internal/session/BuildSessionContext;)Lorg/gradle/internal/buildtree/BuildActionRunner$Result;+30
j  org.gradle.internal.session.DefaultBuildSessionContext.execute(Lorg/gradle/internal/invocation/BuildAction;)Lorg/gradle/internal/buildtree/BuildActionRunner$Result;+64
j  org.gradle.internal.buildprocess.execution.BuildSessionLifecycleBuildActionExecutor$ActionImpl.apply(Lorg/gradle/internal/session/BuildSessionContext;)Lorg/gradle/launcher/exec/BuildActionResult;+6
j  org.gradle.internal.buildprocess.execution.BuildSessionLifecycleBuildActionExecutor$ActionImpl.apply(Ljava/lang/Object;)Ljava/lang/Object;+5
j  org.gradle.internal.session.BuildSessionState.run(Ljava/util/function/Function;)Ljava/lang/Object;+5
j  org.gradle.internal.buildprocess.execution.BuildSessionLifecycleBuildActionExecutor.execute(Lorg/gradle/internal/invocation/BuildAction;Lorg/gradle/launcher/exec/BuildActionParameters;Lorg/gradle/initialization/BuildRequestContext;)Lorg/gradle/launcher/exec/BuildActionResult;+95
j  org.gradle.internal.buildprocess.execution.BuildSessionLifecycleBuildActionExecutor.execute(Lorg/gradle/internal/invocation/BuildAction;Ljava/lang/Object;Ljava/lang/Object;)Lorg/gradle/launcher/exec/BuildActionResult;+10
j  org.gradle.internal.buildprocess.execution.StartParamsValidatingActionExecutor.execute(Lorg/gradle/internal/invocation/BuildAction;Lorg/gradle/launcher/exec/BuildActionParameters;Lorg/gradle/initialization/BuildRequestContext;)Lorg/gradle/launcher/exec/BuildActionResult;+203
j  org.gradle.internal.buildprocess.execution.StartParamsValidatingActionExecutor.execute(Lorg/gradle/internal/invocation/BuildAction;Ljava/lang/Object;Ljava/lang/Object;)Lorg/gradle/launcher/exec/BuildActionResult;+10
j  org.gradle.internal.buildprocess.execution.SessionFailureReportingActionExecutor.execute(Lorg/gradle/internal/invocation/BuildAction;Lorg/gradle/launcher/exec/BuildActionParameters;Lorg/gradle/initialization/BuildRequestContext;)Lorg/gradle/launcher/exec/BuildActionResult;+7
j  org.gradle.internal.buildprocess.execution.SessionFailureReportingActionExecutor.execute(Lorg/gradle/internal/invocation/BuildAction;Ljava/lang/Object;Ljava/lang/Object;)Lorg/gradle/launcher/exec/BuildActionResult;+10
j  org.gradle.internal.buildprocess.execution.SetupLoggingActionExecutor.execute(Lorg/gradle/internal/invocation/BuildAction;Lorg/gradle/launcher/exec/BuildActionParameters;Lorg/gradle/initialization/BuildRequestContext;)Lorg/gradle/launcher/exec/BuildActionResult;+50
j  org.gradle.internal.buildprocess.execution.SetupLoggingActionExecutor.execute(Lorg/gradle/internal/invocation/BuildAction;Ljava/lang/Object;Ljava/lang/Object;)Lorg/gradle/launcher/exec/BuildActionResult;+10
j  org.gradle.launcher.daemon.server.exec.ExecuteBuild.doBuild(Lorg/gradle/launcher/daemon/server/api/DaemonCommandExecution;Lorg/gradle/launcher/daemon/protocol/Build;)V+147
j  org.gradle.launcher.daemon.server.exec.BuildCommandOnly.execute(Lorg/gradle/launcher/daemon/server/api/DaemonCommandExecution;)V+49
j  org.gradle.launcher.daemon.server.api.DaemonCommandExecution.proceed()Z+23
j  org.gradle.launcher.daemon.server.exec.WatchForDisconnection.execute(Lorg/gradle/launcher/daemon/server/api/DaemonCommandExecution;)V+19
j  org.gradle.launcher.daemon.server.api.DaemonCommandExecution.proceed()Z+23
j  org.gradle.launcher.daemon.server.exec.ResetDeprecationLogger.execute(Lorg/gradle/launcher/daemon/server/api/DaemonCommandExecution;)V+7
j  org.gradle.launcher.daemon.server.api.DaemonCommandExecution.proceed()Z+23
j  org.gradle.launcher.daemon.server.exec.RequestStopIfSingleUsedDaemon.execute(Lorg/gradle/launcher/daemon/server/api/DaemonCommandExecution;)V+33
j  org.gradle.launcher.daemon.server.api.DaemonCommandExecution.proceed()Z+23
j  org.gradle.launcher.daemon.server.exec.ForwardClientInput.lambda$execute$0(Lorg/gradle/launcher/daemon/server/api/DaemonCommandExecution;Lorg/gradle/internal/daemon/clientinput/StdinHandler;)Ljava/lang/Object;+11
j  org.gradle.launcher.daemon.server.exec.ForwardClientInput$$Lambda+0x0000025642187c28.apply(Ljava/lang/Object;)Ljava/lang/Object;+8
j  org.gradle.internal.daemon.clientinput.ClientInputForwarder.forwardInput(Ljava/util/function/Function;)Ljava/lang/Object;+46
j  org.gradle.launcher.daemon.server.exec.ForwardClientInput.execute(Lorg/gradle/launcher/daemon/server/api/DaemonCommandExecution;)V+10
j  org.gradle.launcher.daemon.server.api.DaemonCommandExecution.proceed()Z+23
j  org.gradle.launcher.daemon.server.exec.LogAndCheckHealth.execute(Lorg/gradle/launcher/daemon/server/api/DaemonCommandExecution;)V+51
j  org.gradle.launcher.daemon.server.api.DaemonCommandExecution.proceed()Z+23
j  org.gradle.launcher.daemon.server.exec.LogToClient.doBuild(Lorg/gradle/launcher/daemon/server/api/DaemonCommandExecution;Lorg/gradle/launcher/daemon/protocol/Build;)V+87
j  org.gradle.launcher.daemon.server.exec.BuildCommandOnly.execute(Lorg/gradle/launcher/daemon/server/api/DaemonCommandExecution;)V+49
j  org.gradle.launcher.daemon.server.api.DaemonCommandExecution.proceed()Z+23
j  org.gradle.launcher.daemon.server.exec.EstablishBuildEnvironment.doBuild(Lorg/gradle/launcher/daemon/server/api/DaemonCommandExecution;Lorg/gradle/launcher/daemon/protocol/Build;)V+356
j  org.gradle.launcher.daemon.server.exec.BuildCommandOnly.execute(Lorg/gradle/launcher/daemon/server/api/DaemonCommandExecution;)V+49
j  org.gradle.launcher.daemon.server.api.DaemonCommandExecution.proceed()Z+23
j  org.gradle.launcher.daemon.server.exec.StartBuildOrRespondWithBusy$1.run()V+44
j  org.gradle.launcher.daemon.server.DaemonStateCoordinator.lambda$runCommand$0(Ljava/lang/Runnable;)V+1
j  org.gradle.launcher.daemon.server.DaemonStateCoordinator$$Lambda+0x00000256421865b0.run()V+8
j  org.gradle.internal.concurrent.ExecutorPolicy$CatchAndRecordFailures.onExecute(Ljava/lang/Runnable;)V+1
j  org.gradle.internal.concurrent.AbstractManagedExecutor$1.run()V+25
j  java.util.concurrent.ThreadPoolExecutor.runWorker(Ljava/util/concurrent/ThreadPoolExecutor$Worker;)V+92 java.base@21.0.12.1
j  java.util.concurrent.ThreadPoolExecutor$Worker.run()V+5 java.base@21.0.12.1
j  java.lang.Thread.runWith(Ljava/lang/Object;Ljava/lang/Runnable;)V+5 java.base@21.0.12.1
j  java.lang.Thread.run()V+19 java.base@21.0.12.1
v  ~StubRoutines::call_stub 0x00000256357f100d

Compiled method (n/a) 33339 1907     n 0       java.lang.ClassLoader::defineClass0 (native)
 total in heap  [0x0000025635e71910,0x0000025635e71ed0] = 1472
 relocation     [0x0000025635e71a70,0x0000025635e71aa8] = 56
 main code      [0x0000025635e71ac0,0x0000025635e71ecc] = 1036
 stub code      [0x0000025635e71ecc,0x0000025635e71ed0] = 4

[Constant Pool (empty)]

[MachCode]
[Entry Point]
  # {method} {0x0000025641434610} 'defineClass0' '(Ljava/lang/ClassLoader;Ljava/lang/Class;Ljava/lang/String;[BIILjava/security/ProtectionDomain;ZILjava/lang/Object;)Ljava/lang/Class;' in 'java/lang/ClassLoader'
  # parm0:    rdx:rdx   = 'java/lang/ClassLoader'
  # parm1:    r8:r8     = 'java/lang/Class'
  # parm2:    r9:r9     = 'java/lang/String'
  # parm3:    rdi:rdi   = '[B'
  # parm4:    rsi       = int
  # parm5:    rcx       = int
  # parm6:    [sp+0xb0]   = 'java/security/ProtectionDomain'  (sp of caller)
  # parm7:    [sp+0xb8]   = boolean
  # parm8:    [sp+0xc0]   = int
  # parm9:    [sp+0xc8]   = 'java/lang/Object'
  0x0000025635e71ac0: 448b 5208 | 49bb 0000 | 0041 5602 | 0000 4d03 | d349 3bc2 | 0f84 0600 

  0x0000025635e71ad8: ;   {runtime_call ic_miss_stub}
  0x0000025635e71ad8: 0000 e9a1 | cc9c ff90 
[Verified Entry Point]
  0x0000025635e71ae0: 8984 2400 | 80ff ff55 | 488b ec48 | 81ec a000 | 0000 6690 | 4181 7f20 | 0300 0000 

  0x0000025635e71afc: ;   {runtime_call StubRoutines (final stubs)}
  0x0000025635e71afc: 7405 e89d | 499b ff48 | 837d 2800 | 488d 4528 | 480f 4445 | 2848 8944 | 2458 4863 | 4520 4889 
  0x0000025635e71b1c: 4424 5048 | 6345 1848 | 8944 2448 | 4883 7d10 | 0048 8d45 | 1048 0f44 | 4510 4889 | 4424 4048 
  0x0000025635e71b3c: 894c 2438 | 4889 7424 | 3048 897c | 2478 4883 | ff00 488d | 4424 7848 | 0f44 4424 | 7848 8944 
  0x0000025635e71b5c: 2428 4c89 | 4c24 7049 | 83f9 0048 | 8d44 2470 | 480f 4444 | 2470 4889 | 4424 204c | 8944 2468 
  0x0000025635e71b7c: 4983 f800 | 4c8d 4c24 | 684c 0f44 | 4c24 6848 | 8954 2460 | 4883 fa00 | 4c8d 4424 | 604c 0f44 
  0x0000025635e71b9c: ;   {oop(a 'java/lang/Class'{0x00000000e0709720} = 'java/lang/ClassLoader')}
  0x0000025635e71b9c: 4424 6049 | be20 9770 | e000 0000 | 004c 89b4 | 2490 0000 | 004c 8db4 | 2490 0000 | 0049 8bd6 
  0x0000025635e71bbc: ;   {internal_word}
  0x0000025635e71bbc: c5f8 7749 | babc 1be7 | 3556 0200 | 004d 8997 | a803 0000 | 4989 a7a0 

  0x0000025635e71bd4: ;   {external_word}
  0x0000025635e71bd4: 0300 0049 | ba06 6dd7 | a9f9 7f00 | 0041 803a | 000f 844e | 0000 0052 | 4150 4151 

  0x0000025635e71bf0: ;   {metadata({method} {0x0000025641434610} 'defineClass0' '(Ljava/lang/ClassLoader;Ljava/lang/Class;Ljava/lang/String;[BIILjava/security/ProtectionDomain;ZILjava/lang/Object;)Ljava/lang/Class;' in 'java/lang/ClassLoader')}
  0x0000025635e71bf0: 48ba 0846 | 4341 5602 | 0000 498b | cf48 83ec | 2040 f6c4 | 0f0f 8419 | 0000 0048 

  0x0000025635e71c0c: ;   {runtime_call}
  0x0000025635e71c0c: 83ec 0848 | b8e0 ea80 | a9f9 7f00 | 00ff d048 | 83c4 08e9 | 0c00 0000 

  0x0000025635e71c24: ;   {runtime_call}
  0x0000025635e71c24: 48b8 e0ea | 80a9 f97f | 0000 ffd0 | 4883 c420 | 4159 4158 | 5a49 8d8f | c003 0000 | 41c7 874c 
  0x0000025635e71c44: 0400 0004 

  0x0000025635e71c48: ;   {runtime_call}
  0x0000025635e71c48: 0000 0048 | b81c 1538 | 54fa 7f00 | 00ff d0c5 | f877 41c7 | 874c 0400 | 0005 0000 | 00f0 8344 
  0x0000025635e71c68: 24c0 0049 | 3baf 5004 | 0000 0f87 | 0e00 0000 | 4183 bf48 | 0400 0000 | 0f84 2b00 | 0000 c5f8 
  0x0000025635e71c88: 7748 8945 | f849 8bcf | 4c8b e448 | 83ec 2048 

  0x0000025635e71c98: ;   {runtime_call}
  0x0000025635e71c98: 83e4 f048 | b800 584c | a9f9 7f00 | 00ff d049 | 8be4 4d33 | e448 8b45 | f841 c787 | 4c04 0000 
  0x0000025635e71cb8: 0800 0000 | 4183 bfc8 | 0400 0002 | 0f84 d501 

  0x0000025635e71cc8: ;   {external_word}
  0x0000025635e71cc8: 0000 49ba | 066d d7a9 | f97f 0000 | 4180 3a00 | 0f84 4c00 | 0000 4889 

  0x0000025635e71ce0: ;   {metadata({method} {0x0000025641434610} 'defineClass0' '(Ljava/lang/ClassLoader;Ljava/lang/Class;Ljava/lang/String;[BIILjava/security/ProtectionDomain;ZILjava/lang/Object;)Ljava/lang/Class;' in 'java/lang/ClassLoader')}
  0x0000025635e71ce0: 45f8 48ba | 0846 4341 | 5602 0000 | 498b cf48 | 83ec 2040 | f6c4 0f0f | 8419 0000 | 0048 83ec 
  0x0000025635e71d00: ;   {runtime_call}
  0x0000025635e71d00: 0848 b8e0 | ea80 a9f9 | 7f00 00ff | d048 83c4 | 08e9 0c00 

  0x0000025635e71d14: ;   {runtime_call}
  0x0000025635e71d14: 0000 48b8 | e0ea 80a9 | f97f 0000 | ffd0 4883 | c420 488b | 45f8 49c7 | 87a0 0300 | 0000 0000 
  0x0000025635e71d34: 0049 c787 | a803 0000 | 0000 0000 | c5f8 7748 | 85c0 0f84 | 3001 0000 | a803 0f85 | 0800 0000 
  0x0000025635e71d54: 488b 00e9 | 2001 0000 | a801 0f85 | 0900 0000 | 488b 40fe | e90f 0100 | 0048 8b40 | ff41 807f 
  0x0000025635e71d74: 4000 0f84 | 0001 0000 | 4883 f800 | 0f84 f600 | 0000 498b | 4f28 4883 | f900 0f84 | 1400 0000 
  0x0000025635e71d94: 4883 e908 | 4989 4f28 | 4903 4f38 | 4889 01e9 | d400 0000 | 4883 ec70 | 4889 0424 | 4889 4c24 
  0x0000025635e71db4: 0848 8954 | 2410 4c89 | 4424 184c | 894c 2420 | 4c89 5424 | 284c 895c | 2430 c5fb | 1144 2440 
  0x0000025635e71dd4: c5fb 114c | 2448 c5fb | 1154 2450 | c5fb 115c | 2458 c5fb | 1164 2460 | c5fb 116c | 2468 498b 
  0x0000025635e71df4: d748 8bc8 | 4883 ec20 | 40f6 c40f | 0f84 1900 | 0000 4883 

  0x0000025635e71e08: ;   {runtime_call}
  0x0000025635e71e08: ec08 48b8 | 20a4 3fa9 | f97f 0000 | ffd0 4883 | c408 e90c 

  0x0000025635e71e1c: ;   {runtime_call}
  0x0000025635e71e1c: 0000 0048 | b820 a43f | a9f9 7f00 | 00ff d048 | 83c4 20c5 | fb10 6c24 | 68c5 fb10 | 6424 60c5 
  0x0000025635e71e3c: fb10 5c24 | 58c5 fb10 | 5424 50c5 | fb10 4c24 | 48c5 fb10 | 4424 404c | 8b5c 2430 | 4c8b 5424 
  0x0000025635e71e5c: 284c 8b4c | 2420 4c8b | 4424 1848 | 8b54 2410 | 488b 4c24 | 0848 8b04 | 2448 83c4 | 70c5 f877 
  0x0000025635e71e7c: 498b 8f30 | 0400 00c7 | 8100 0100 | 0000 0000 | 00c9 4983 | 7f08 000f | 8501 0000 

  0x0000025635e71e98: ;   {runtime_call StubRoutines (initial stubs)}
  0x0000025635e71e98: 00c3 e961 | f097 ffc5 | f877 4889 | 45f8 4c8b | e448 83ec | 2048 83e4 

  0x0000025635e71eb0: ;   {runtime_call}
  0x0000025635e71eb0: f048 b830 | 2281 a9f9 | 7f00 00ff | d049 8be4 | 4d33 e448 | 8b45 f8e9 | fefd ffff 
[Stub Code]
  0x0000025635e71ecc: f4f4 f4f4 
[/MachCode]


Compiled method (c1) 33393 2684       3       java.lang.System$2::defineClass (21 bytes)
 total in heap  [0x000002562e802410,0x000002562e8027f0] = 992
 relocation     [0x000002562e802570,0x000002562e8025b0] = 64
 main code      [0x000002562e8025c0,0x000002562e8026f8] = 312
 stub code      [0x000002562e8026f8,0x000002562e802738] = 64
 metadata       [0x000002562e802738,0x000002562e802740] = 8
 scopes data    [0x000002562e802740,0x000002562e802788] = 72
 scopes pcs     [0x000002562e802788,0x000002562e8027d8] = 80
 dependencies   [0x000002562e8027d8,0x000002562e8027e0] = 8
 nul chk table  [0x000002562e8027e0,0x000002562e8027f0] = 16

[Constant Pool (empty)]

[MachCode]
[Entry Point]
  # {method} {0x0000025641019588} 'defineClass' '(Ljava/lang/ClassLoader;Ljava/lang/Class;Ljava/lang/String;[BLjava/security/ProtectionDomain;ZILjava/lang/Object;)Ljava/lang/Class;' in 'java/lang/System$2'
  # this:     rdx:rdx   = 'java/lang/System$2'
  # parm0:    r8:r8     = 'java/lang/ClassLoader'
  # parm1:    r9:r9     = 'java/lang/Class'
  # parm2:    rdi:rdi   = 'java/lang/String'
  # parm3:    rsi:rsi   = '[B'
  # parm4:    rcx:rcx   = 'java/security/ProtectionDomain'
  # parm5:    [sp+0x70]   = boolean  (sp of caller)
  # parm6:    [sp+0x78]   = int
  # parm7:    [sp+0x80]   = 'java/lang/Object'
  0x000002562e8025c0: 448b 5208 | 49bb 0000 | 0041 5602 | 0000 4d03 | d34c 3bd0 

  0x000002562e8025d4: ;   {runtime_call ic_miss_stub}
  0x000002562e8025d4: 0f85 a6c1 | 0307 660f | 1f44 0000 
[Verified Entry Point]
  0x000002562e8025e0: 8984 2400 | 80ff ff55 | 4883 ec60 | 4181 7f20 | 0300 0000 

  0x000002562e8025f4: ;   {runtime_call StubRoutines (final stubs)}
  0x000002562e8025f4: 7405 e8a5 | 3e02 0748 

  0x000002562e8025fc: ;   {metadata(method data for {method} {0x0000025641019588} 'defineClass' '(Ljava/lang/ClassLoader;Ljava/lang/Class;Ljava/lang/String;[BLjava/security/ProtectionDomain;ZILjava/lang/Object;)Ljava/lang/Class;' in 'java/lang/System$2')}
  0x000002562e8025fc: 8bd9 48b9 | 486f 8956 | 5602 0000 | 8b81 cc00 | 0000 83c0 | 0289 81cc | 0000 0025 | fe07 0000 
  0x000002562e80261c: 85c0 0f84 | 6b00 0000 | 4c8b ac24 | 8000 0000 | 448b 5c24 | 788b 4424 | 708b 4e0c 

  0x000002562e802638: ;   {metadata(method data for {method} {0x0000025641019588} 'defineClass' '(Ljava/lang/ClassLoader;Ljava/lang/Class;Ljava/lang/String;[BLjava/security/ProtectionDomain;ZILjava/lang/Object;)Ljava/lang/Class;' in 'java/lang/System$2')}
  0x000002562e802638: 48ba 486f | 8956 5602 | 0000 4883 | 8210 0100 | 0001 498b | d04d 8bc1 | 4c8b cf48 | 8bfe be00 
  0x000002562e802658: 0000 0048 | 891c 2489 | 4424 0844 | 895c 2410 | 4c89 6c24 

  0x000002562e80266c: ;   {static_call}
  0x000002562e80266c: 1866 90e8 

  0x000002562e802670: ; ImmutableOopMap {}
                      ;*invokestatic defineClass0 {reexecute=0 rethrow=0 return_oop=0}
                      ; - java.lang.System$2::defineClass@17
  0x000002562e802670: 6cf4 6607 

  0x000002562e802674: ;   {other}
  0x000002562e802674: 0f1f 8400 | 6402 0000 | 4883 c460 

  0x000002562e802680: ;   {poll_return}
  0x000002562e802680: 5d49 3ba7 | 5004 0000 | 0f87 2700 

  0x000002562e80268c: ;   {metadata({method} {0x0000025641019588} 'defineClass' '(Ljava/lang/ClassLoader;Ljava/lang/Class;Ljava/lang/String;[BLjava/security/ProtectionDomain;ZILjava/lang/Object;)Ljava/lang/Class;' in 'java/lang/System$2')}
  0x000002562e80268c: 0000 c349 | ba80 9501 | 4156 0200 | 004c 8954 | 2408 48c7 | 0424 ffff 

  0x000002562e8026a4: ;   {runtime_call counter_overflow Runtime1 stub}
  0x000002562e8026a4: ffff e855 

  0x000002562e8026a8: ; ImmutableOopMap {rdx=Oop r8=Oop r9=Oop rdi=Oop rsi=Oop rbx=Oop [128]=Oop }
                      ;*synchronization entry
                      ; - java.lang.System$2::defineClass@-1
  0x000002562e8026a8: 4b10 07e9 | 74ff ffff 

  0x000002562e8026b0: ;   {runtime_call throw_null_pointer_exception Runtime1 stub}
  0x000002562e8026b0: e84b 0107 

  0x000002562e8026b4: ; ImmutableOopMap {r8=Oop r9=Oop rdi=Oop rsi=Oop rbx=Oop r13=Oop [128]=Oop }
                      ;*arraylength {reexecute=0 rethrow=0 return_oop=0}
                      ; - java.lang.System$2::defineClass@8
                      ;   {internal_word}
  0x000002562e8026b4: 0749 ba81 | 2680 2e56 | 0200 004d | 8997 6804 

  0x000002562e8026c4: ;   {runtime_call SafepointBlob}
  0x000002562e8026c4: 0000 e9b5 | 2d04 0749 | 8b87 0005 | 0000 49c7 | 8700 0500 | 0000 0000 | 0049 c787 | 0805 0000 
  0x000002562e8026e4: 0000 0000 | 4883 c460 

  0x000002562e8026ec: ;   {runtime_call unwind_exception Runtime1 stub}
  0x000002562e8026ec: 5de9 0e10 | 0707 f4f4 | f4f4 f4f4 
[Stub Code]
  0x000002562e8026f8: ;   {no_reloc}
  0x000002562e8026f8: 48bb 0000 | 0000 0000 

  0x000002562e802700: ;   {runtime_call nmethod}
  0x000002562e802700: 0000 e9fb 

  0x000002562e802704: ;   {runtime_call handle_exception_from_callee Runtime1 stub}
  0x000002562e802704: ffff ffe8 | f41c 0707 

  0x000002562e80270c: ;   {external_word}
  0x000002562e80270c: 48b9 5063 | ada9 f97f | 0000 4883 

  0x000002562e802718: ;   {runtime_call}
  0x000002562e802718: e4f0 48b8 | c0c9 6fa9 | f97f 0000 

  0x000002562e802724: ;   {section_word}
  0x000002562e802724: ffd0 f449 | ba27 2780 | 2e56 0200 

  0x000002562e802730: ;   {runtime_call DeoptimizationBlob}
  0x000002562e802730: 0041 52e9 | e81f 0407 
[/MachCode]


Compiled method (c1) 33410 2470   !   3       java.lang.invoke.MethodHandles$Lookup$ClassDefiner::defineClass (213 bytes)
 total in heap  [0x000002562e783710,0x000002562e784970] = 4704
 relocation     [0x000002562e783870,0x000002562e783990] = 288
 main code      [0x000002562e7839a0,0x000002562e784408] = 2664
 stub code      [0x000002562e784408,0x000002562e784480] = 120
 metadata       [0x000002562e784480,0x000002562e7844f0] = 112
 scopes data    [0x000002562e7844f0,0x000002562e784708] = 536
 scopes pcs     [0x000002562e784708,0x000002562e7848c8] = 448
 dependencies   [0x000002562e7848c8,0x000002562e7848e0] = 24
 handler table  [0x000002562e7848e0,0x000002562e784928] = 72
 nul chk table  [0x000002562e784928,0x000002562e784970] = 72

[Constant Pool (empty)]

[MachCode]
[Entry Point]
  # {method} {0x00000256411eae68} 'defineClass' '(ZLjava/lang/Object;)Ljava/lang/Class;' in 'java/lang/invoke/MethodHandles$Lookup$ClassDefiner'
  # this:     rdx:rdx   = 'java/lang/invoke/MethodHandles$Lookup$ClassDefiner'
  # parm0:    r8        = boolean
  # parm1:    r9:r9     = 'java/lang/Object'
  #           [sp+0xf0]  (sp of caller)
  0x000002562e7839a0: 448b 5208 | 49bb 0000 | 0041 5602 | 0000 4d03 | d34c 3bd0 

  0x000002562e7839b4: ;   {runtime_call ic_miss_stub}
  0x000002562e7839b4: 0f85 c6ad | 0b07 660f | 1f44 0000 
[Verified Entry Point]
  0x000002562e7839c0: 8984 2400 | 80ff ff55 | 4881 ece0 | 0000 0090 | 4181 7f20 | 0300 0000 

  0x000002562e7839d8: ;   {runtime_call StubRoutines (final stubs)}
  0x000002562e7839d8: 7405 e8c1 | 2a0a 0748 | 8994 2498 | 0000 0044 | 8984 24b0 | 0000 004c | 898c 24b8 

  0x000002562e7839f4: ;   {metadata(method data for {method} {0x00000256411eae68} 'defineClass' '(ZLjava/lang/Object;)Ljava/lang/Class;' in 'java/lang/invoke/MethodHandles$Lookup$ClassDefiner')}
  0x000002562e7839f4: 0000 0048 | be20 6489 | 5656 0200 | 008b becc | 0000 0083 | c702 89be | cc00 0000 | 81e7 fe07 
  0x000002562e783a14: 0000 85ff | 0f84 6b07 | 0000 8b72 | 1048 89b4 | 2490 0000 | 0048 3b06 

  0x000002562e783a2c: ;   {metadata(method data for {method} {0x00000256411eae68} 'defineClass' '(ZLjava/lang/Object;)Ljava/lang/Class;' in 'java/lang/invoke/MethodHandles$Lookup$ClassDefiner')}
  0x000002562e783a2c: 488b fe48 | bb20 6489 | 5656 0200 | 0048 8383 | 1001 0000 | 018b 7e10 | 4889 bc24 | a800 0000 
  0x000002562e783a4c: ; implicit exception: dispatches to 0x000002562e7841af
  0x000002562e783a4c: 483b 0748 

  0x000002562e783a50: ;   {metadata(method data for {method} {0x00000256411eae68} 'defineClass' '(ZLjava/lang/Object;)Ljava/lang/Class;' in 'java/lang/invoke/MethodHandles$Lookup$ClassDefiner')}
  0x000002562e783a50: 8bdf 48b8 | 2064 8956 | 5602 0000 | 4883 8048 | 0100 0001 

  0x000002562e783a64: ;   {metadata(method data for {method} {0x0000025641468e60} 'getClassLoader' '()Ljava/lang/ClassLoader;' in 'java/lang/Class')}
  0x000002562e783a64: 48bb 602e | 0256 5602 | 0000 8b83 | cc00 0000 | 83c0 0289 | 83cc 0000 | 0025 feff | 1f00 85c0 
  0x000002562e783a84: 0f84 2a07 | 0000 8b5f | 3448 85db 

  0x000002562e783a90: ;   {metadata(method data for {method} {0x0000025641468e60} 'getClassLoader' '()Ljava/lang/ClassLoader;' in 'java/lang/Class')}
  0x000002562e783a90: 48b8 602e | 0256 5602 | 0000 48c7 | c110 0100 | 0075 0748 | c7c1 2001 | 0000 4c8b | 1c08 4d8d 
  0x000002562e783ab0: 5b01 4c89 | 1c08 0f85 | 0f00 0000 

  0x000002562e783abc: ;   {oop(nullptr)}
  0x000002562e783abc: 48bb 0000 | 0000 0000 | 0000 e9a2 

  0x000002562e783ac8: ;   {metadata(method data for {method} {0x0000025641468e60} 'getClassLoader' '()Ljava/lang/ClassLoader;' in 'java/lang/Class')}
  0x000002562e783ac8: 0000 0048 | b860 2e02 | 5656 0200 | 0048 8380 | 3001 0000 

  0x000002562e783adc: ;   {metadata(method data for {method} {0x000002564101b1d0} 'getSecurityManager' '()Ljava/lang/SecurityManager;' in 'java/lang/System')}
  0x000002562e783adc: 0148 b820 | 3002 5656 | 0200 008b | 88cc 0000 | 0083 c102 | 8988 cc00 | 0000 81e1 | feff 1f00 
  0x000002562e783afc: 85c9 0f84 | d106 0000 

  0x000002562e783b04: ;   {metadata(method data for {method} {0x000002564101b1d0} 'getSecurityManager' '()Ljava/lang/SecurityManager;' in 'java/lang/System')}
  0x000002562e783b04: 48b8 2030 | 0256 5602 | 0000 4883 | 8010 0100 

  0x000002562e783b14: ;   {metadata(method data for {method} {0x000002564101b2e8} 'allowSecurityManager' '()Z' in 'java/lang/System')}
  0x000002562e783b14: 0001 48b8 | 9831 0256 | 5602 0000 | 8b88 cc00 | 0000 83c1 | 0289 88cc | 0000 0081 | e1fe ff1f 
  0x000002562e783b34: 0085 c90f | 84b9 0600 

  0x000002562e783b3c: ;   {metadata(method data for {method} {0x000002564101b2e8} 'allowSecurityManager' '()Z' in 'java/lang/System')}
  0x000002562e783b3c: 0048 b898 | 3102 5656 | 0200 00ff | 8010 0100 

  0x000002562e783b4c: ;   {metadata(method data for {method} {0x000002564101b1d0} 'getSecurityManager' '()Ljava/lang/SecurityManager;' in 'java/lang/System')}
  0x000002562e783b4c: 0048 b820 | 3002 5656 | 0200 00ff | 8020 0100 

  0x000002562e783b5c: ;   {metadata(method data for {method} {0x0000025641468e60} 'getClassLoader' '()Ljava/lang/ClassLoader;' in 'java/lang/Class')}
  0x000002562e783b5c: 0048 b860 | 2e02 5656 | 0200 00ff | 8040 0100 | 0048 85db 

  0x000002562e783b70: ;   {metadata(method data for {method} {0x00000256411eae68} 'defineClass' '(ZLjava/lang/Object;)Ljava/lang/Class;' in 'java/lang/invoke/MethodHandles$Lookup$ClassDefiner')}
  0x000002562e783b70: 48b8 2064 | 8956 5602 | 0000 48c7 | c180 0100 | 0074 0748 | c7c1 9001 | 0000 4c8b | 1c08 4d8d 
  0x000002562e783b90: 5b01 4c89 | 1c08 0f84 | 4b02 0000 

  0x000002562e783b9c: ;   {metadata(method data for {method} {0x00000256411eae68} 'defineClass' '(ZLjava/lang/Object;)Ljava/lang/Class;' in 'java/lang/invoke/MethodHandles$Lookup$ClassDefiner')}
  0x000002562e783b9c: 488b c648 | b920 6489 | 5656 0200 | 0048 8381 | a001 0000 

  0x000002562e783bb0: ;   {metadata(method data for {method} {0x00000256413e0578} 'lookupClassProtectionDomain' '()Ljava/security/ProtectionDomain;' in 'java/lang/invoke/MethodHandles$Lookup')}
  0x000002562e783bb0: 0148 b858 | 6a89 5656 | 0200 008b | 88cc 0000 | 0083 c102 | 8988 cc00 | 0000 81e1 | feff 1f00 
  0x000002562e783bd0: 85c9 0f84 | 3f06 0000 | 8b46 1848 

  0x000002562e783bdc: ;   {metadata(method data for {method} {0x00000256413e0578} 'lookupClassProtectionDomain' '()Ljava/security/ProtectionDomain;' in 'java/lang/invoke/MethodHandles$Lookup')}
  0x000002562e783bdc: 85c0 48b9 | 586a 8956 | 5602 0000 | 49c7 c310 | 0100 0075 | 0749 c7c3 | 2001 0000 | 4e8b 2c19 
  0x000002562e783bfc: 4d8d 6d01 | 4e89 2c19 | 4889 9c24 | a000 0000 | 0f85 bf01 

  0x000002562e783c10: ;   {metadata(method data for {method} {0x00000256413e0578} 'lookupClassProtectionDomain' '()Ljava/security/ProtectionDomain;' in 'java/lang/invoke/MethodHandles$Lookup')}
  0x000002562e783c10: 0000 48b8 | 586a 8956 | 5602 0000 | 4883 8030 | 0100 0001 

  0x000002562e783c24: ;   {metadata(method data for {method} {0x0000025641473b88} 'getJavaLangAccess' '()Ljdk/internal/access/JavaLangAccess;' in 'jdk/internal/access/SharedSecrets')}
  0x000002562e783c24: 48b8 7852 | 1856 5602 | 0000 8b88 | cc00 0000 | 83c1 0289 | 88cc 0000 | 0081 e1fe | ff1f 0085 
  0x000002562e783c44: c90f 84ed 

  0x000002562e783c48: ;   {oop(a 'java/lang/Class'{0x00000000e061be20} = 'jdk/internal/access/SharedSecrets')}
  0x000002562e783c48: 0500 0048 | b820 be61 | e000 0000 | 008b 407c | 8b4e 1048 | 85c0 0f84 | 2a00 0000 

  0x000002562e783c64: ;   {metadata('java/lang/System$2')}
  0x000002562e783c64: 48be 6082 | 0141 5602 | 0000 448b | 7008 49ba | 0000 0041 | 5602 0000 | 4d03 f249 | 3b76 380f 
  0x000002562e783c84: 85d0 0500 | 00e9 0000 | 0000 4c8b | d848 3b00 

  0x000002562e783c94: ;   {metadata(method data for {method} {0x00000256413e0578} 'lookupClassProtectionDomain' '()Ljava/security/ProtectionDomain;' in 'java/lang/invoke/MethodHandles$Lookup')}
  0x000002562e783c94: 48be 586a | 8956 5602 

  0x000002562e783c9c: ;   {metadata('java/lang/System$2')}
  0x000002562e783c9c: 0000 49ba | 6082 0141 | 5602 0000 | 4c89 9650 | 0100 0048 | 8386 5801 

  0x000002562e783cb4: ;   {metadata(method data for {method} {0x00000256410192c8} 'protectionDomain' '(Ljava/lang/Class;)Ljava/security/ProtectionDomain;' in 'java/lang/System$2')}
  0x000002562e783cb4: 0000 0148 | be10 6c89 | 5656 0200 | 008b 86cc | 0000 0083 | c002 8986 | cc00 0000 | 25fe ff1f 
  0x000002562e783cd4: 0085 c00f | 8486 0500 | 0048 3b01 

  0x000002562e783ce0: ;   {metadata(method data for {method} {0x00000256410192c8} 'protectionDomain' '(Ljava/lang/Class;)Ljava/security/ProtectionDomain;' in 'java/lang/System$2')}
  0x000002562e783ce0: 488b f148 | b810 6c89 | 5656 0200 | 0048 8380 | 1001 0000 

  0x000002562e783cf4: ;   {metadata(method data for {method} {0x0000025641467bb8} 'protectionDomain' '()Ljava/security/ProtectionDomain;' in 'java/lang/Class')}
  0x000002562e783cf4: 0148 bea0 | 6d89 5656 | 0200 008b | 86cc 0000 | 0083 c002 | 8986 cc00 | 0000 25fe | ff1f 0085 
  0x000002562e783d14: c00f 846e | 0500 0048 

  0x000002562e783d1c: ;   {metadata(method data for {method} {0x0000025641467bb8} 'protectionDomain' '()Ljava/security/ProtectionDomain;' in 'java/lang/Class')}
  0x000002562e783d1c: 8bf1 48b8 | a06d 8956 | 5602 0000 | 4883 8010 | 0100 0001 | 488b d10f 

  0x000002562e783d34: ;   {optimized virtual_call}
  0x000002562e783d34: 1f40 00e8 

  0x000002562e783d38: ; ImmutableOopMap {[144]=Oop [152]=Oop [160]=Oop [168]=Oop [184]=Oop }
                      ;*invokevirtual getProtectionDomain0 {reexecute=0 rethrow=0 return_oop=0}
                      ; - java.lang.Class::protectionDomain@1
                      ; - java.lang.System$2::protectionDomain@1
                      ; - java.lang.invoke.MethodHandles$Lookup::lookupClassProtectionDomain@17
                      ; - java.lang.invoke.MethodHandles$Lookup$ClassDefiner::defineClass@23
  0x000002562e783d38: 24eb 7707 

  0x000002562e783d3c: ;   {other}
  0x000002562e783d3c: 0f1f 8400 | 2c06 0000 

  0x000002562e783d44: ;   {metadata(method data for {method} {0x0000025641467bb8} 'protectionDomain' '()Ljava/security/ProtectionDomain;' in 'java/lang/Class')}
  0x000002562e783d44: 4885 c049 | b8a0 6d89 | 5656 0200 | 0049 c7c1 | 4801 0000 | 7507 49c7 | c158 0100 | 004b 8b3c 
  0x000002562e783d64: 0848 8d7f | 014b 893c | 080f 8521 | 0000 000f | 1f44 0000 

  0x000002562e783d78: ;   {no_reloc}
  0x000002562e783d78: e9a5 0500 | 0000 0000 | 0000 660f | 1f44 0000 

  0x000002562e783d88: ; implicit exception: dispatches to 0x000002562e78432c
  0x000002562e783d88: e9b0 0500 | 0090 90e9 | 0300 0000 | 4c8b c048 | 8bb4 2490 | 0000 0045 | 0fbe 4f40 | 4585 c90f 
  0x000002562e783da8: 859a 0500 | 004d 8bd0 | 4489 5618 | f083 4424 | c000 4c8b | ce4d 33c8 | 49c1 e914 | 4983 f900 
  0x000002562e783dc8: 0f85 9505 | 0000 498b 

  0x000002562e783dd0: ;   {metadata(method data for {method} {0x00000256411eae68} 'defineClass' '(ZLjava/lang/Object;)Ljava/lang/Class;' in 'java/lang/invoke/MethodHandles$Lookup$ClassDefiner')}
  0x000002562e783dd0: c049 b820 | 6489 5656 | 0200 0041 | ff80 d801 | 0000 e912 | 0000 0048 | 899c 24a0 

  0x000002562e783dec: ;   {oop(nullptr)}
  0x000002562e783dec: 0000 0048 | b800 0000 | 0000 0000 | 0048 8b9c | 24a0 0000 | 0048 8bbc | 24a8 0000 | 0048 8b94 
  0x000002562e783e0c: 2498 0000 

  0x000002562e783e10: ;   {metadata(method data for {method} {0x00000256411eae68} 'defineClass' '(ZLjava/lang/Object;)Ljava/lang/Class;' in 'java/lang/invoke/MethodHandles$Lookup$ClassDefiner')}
  0x000002562e783e10: 0049 b820 | 6489 5656 | 0200 0049 | 8380 f001 

  0x000002562e783e20: ;   {metadata(method data for {method} {0x0000025641473b88} 'getJavaLangAccess' '()Ljdk/internal/access/JavaLangAccess;' in 'jdk/internal/access/SharedSecrets')}
  0x000002562e783e20: 0000 0149 | b878 5218 | 5656 0200 | 0045 8b88 | cc00 0000 | 4183 c102 | 4589 88cc | 0000 0041 
  0x000002562e783e40: 81e1 feff | 1f00 4585 | c90f 842c 

  0x000002562e783e4c: ;   {oop(a 'java/lang/Class'{0x00000000e061be20} = 'jdk/internal/access/SharedSecrets')}
  0x000002562e783e4c: 0500 0049 | b820 be61 | e000 0000 | 0045 8b70 | 7c8b 7214 | 8b4a 1844 | 8b4a 0c4d | 85f6 0f84 
  0x000002562e783e6c: 2a00 0000 

  0x000002562e783e70: ;   {metadata('java/lang/System$2')}
  0x000002562e783e70: 49bb 6082 | 0141 5602 | 0000 458b | 6e08 49ba | 0000 0041 | 5602 0000 | 4d03 ea4d | 3b5d 380f 
  0x000002562e783e90: 8507 0500 | 00e9 0000 | 0000 4d8b | c649 3b06 

  0x000002562e783ea0: ;   {metadata(method data for {method} {0x00000256411eae68} 'defineClass' '(ZLjava/lang/Object;)Ljava/lang/Class;' in 'java/lang/invoke/MethodHandles$Lookup$ClassDefiner')}
  0x000002562e783ea0: 4d8b c648 | ba20 6489 | 5656 0200 

  0x000002562e783eac: ;   {metadata('java/lang/System$2')}
  0x000002562e783eac: 0049 ba60 | 8201 4156 | 0200 004c | 8992 1002 | 0000 4883 | 8218 0200 | 0001 4c8b | c349 8bd1 
  0x000002562e783ecc: 4c8b cf48 | 8bfe 488b | f148 8bc8 | 8b84 24b0 | 0000 0089 | 0424 8954 | 2408 488b | 9424 b800 
  0x000002562e783eec: 0000 4889 | 5424 1049 

  0x000002562e783ef4: ;   {optimized virtual_call}
  0x000002562e783ef4: 8bd6 90e8 

  0x000002562e783ef8: ; ImmutableOopMap {[152]=Oop [168]=Oop }
                      ;*invokeinterface defineClass {reexecute=0 rethrow=0 return_oop=0}
                      ; - java.lang.invoke.MethodHandles$Lookup$ClassDefiner::defineClass@57
  0x000002562e783ef8: e4e6 0700 

  0x000002562e783efc: ;   {other}
  0x000002562e783efc: 0f1f 8400 | ec07 0001 

  0x000002562e783f04: ;   {metadata(method data for {method} {0x00000256411eae68} 'defineClass' '(ZLjava/lang/Object;)Ljava/lang/Class;' in 'java/lang/invoke/MethodHandles$Lookup$ClassDefiner')}
  0x000002562e783f04: 49b8 2064 | 8956 5602 | 0000 41ff | 8038 0200 | 0048 8b94 | 2498 0000 | 008b 721c 

  0x000002562e783f20: ; implicit exception: dispatches to 0x000002562e7843a6
  0x000002562e783f20: 483b 064c 

  0x000002562e783f24: ;   {metadata(method data for {method} {0x00000256411eae68} 'defineClass' '(ZLjava/lang/Object;)Ljava/lang/Class;' in 'java/lang/invoke/MethodHandles$Lookup$ClassDefiner')}
  0x000002562e783f24: 8bc6 49b9 | 2064 8956 | 5602 0000 | 4983 8150 | 0300 0001 | 440f be46 | 0c41 83e0 | 0145 85c0 
  0x000002562e783f44: ;   {metadata(method data for {method} {0x00000256411eae68} 'defineClass' '(ZLjava/lang/Object;)Ljava/lang/Class;' in 'java/lang/invoke/MethodHandles$Lookup$ClassDefiner')}
  0x000002562e783f44: 49b8 2064 | 8956 5602 | 0000 49c7 | c188 0300 | 0074 0749 | c7c1 9803 | 0000 4b8b | 3c08 488d 
  0x000002562e783f64: 7f01 4b89 | 3c08 0f84 | c401 0000 

  0x000002562e783f70: ;   {metadata(method data for {method} {0x00000256411eae68} 'defineClass' '(ZLjava/lang/Object;)Ljava/lang/Class;' in 'java/lang/invoke/MethodHandles$Lookup$ClassDefiner')}
  0x000002562e783f70: 4c8b c249 | b920 6489 | 5656 0200 

  0x000002562e783f7c: ;   {metadata('java/lang/invoke/MethodHandles$Lookup$ClassDefiner')}
  0x000002562e783f7c: 0049 ba28 | ac1e 4156 | 0200 004d | 8991 b803 | 0000 4983 | 81c0 0300 | 0001 8b7a | 1448 85c0 
  0x000002562e783f9c: ;   {metadata(method data for {method} {0x00000256411eae68} 'defineClass' '(ZLjava/lang/Object;)Ljava/lang/Class;' in 'java/lang/invoke/MethodHandles$Lookup$ClassDefiner')}
  0x000002562e783f9c: 49b8 2064 | 8956 5602 | 0000 49c7 | c1e0 0300 | 0074 0749 | c7c1 f003 | 0000 4b8b | 1c08 488d 
  0x000002562e783fbc: 5b01 4b89 | 1c08 0f84 | 2b01 0000 | e9bd 0000 | 0048 8b94 | 2498 0000 | 0049 8b87 | 0005 0000 
  0x000002562e783fdc: 4d33 d24d | 8997 0005 | 0000 4d33 | d24d 8997 | 0805 0000 | 8b72 1c48 | 3b06 4c8b 

  0x000002562e783ff8: ;   {metadata(method data for {method} {0x00000256411eae68} 'defineClass' '(ZLjava/lang/Object;)Ljava/lang/Class;' in 'java/lang/invoke/MethodHandles$Lookup$ClassDefiner')}
  0x000002562e783ff8: c649 b920 | 6489 5656 | 0200 0049 | 8381 8804 | 0000 0144 | 0fbe 460c | 4183 e001 

  0x000002562e784014: ;   {metadata(method data for {method} {0x00000256411eae68} 'defineClass' '(ZLjava/lang/Object;)Ljava/lang/Class;' in 'java/lang/invoke/MethodHandles$Lookup$ClassDefiner')}
  0x000002562e784014: 4585 c049 | b820 6489 | 5656 0200 | 0049 c7c1 | c004 0000 | 7407 49c7 | c1d0 0400 | 004b 8b3c 
  0x000002562e784034: 0848 8d7f | 014b 893c | 080f 8441 | 0100 004c 

  0x000002562e784044: ;   {metadata(method data for {method} {0x00000256411eae68} 'defineClass' '(ZLjava/lang/Object;)Ljava/lang/Class;' in 'java/lang/invoke/MethodHandles$Lookup$ClassDefiner')}
  0x000002562e784044: 8bc2 49b9 | 2064 8956 | 5602 0000 

  0x000002562e784050: ;   {metadata('java/lang/invoke/MethodHandles$Lookup$ClassDefiner')}
  0x000002562e784050: 49ba 28ac | 1e41 5602 | 0000 4d89 | 91f0 0400 | 0049 8381 | f804 0000 | 018b 7a14 

  0x000002562e78406c: ;   {metadata(method data for {method} {0x00000256411eae68} 'defineClass' '(ZLjava/lang/Object;)Ljava/lang/Class;' in 'java/lang/invoke/MethodHandles$Lookup$ClassDefiner')}
  0x000002562e78406c: 49b8 2064 | 8956 5602 | 0000 41ff | 8018 0500 | 0048 8984 | 24c8 0000 | 00e9 c000 | 0000 8b52 
  0x000002562e78408c: 184c 8bc6 

  0x000002562e784090: ;   {metadata(method data for {method} {0x00000256411eae68} 'defineClass' '(ZLjava/lang/Object;)Ljava/lang/Class;' in 'java/lang/invoke/MethodHandles$Lookup$ClassDefiner')}
  0x000002562e784090: 49b9 2064 | 8956 5602 | 0000 4983 | 8100 0400 | 0001 4c8b | c74c 8bc8 | 488b fa48 | 8bd6 4889 
  0x000002562e7840b0: 8424 c000 

  0x000002562e7840b4: ;   {optimized virtual_call}
  0x000002562e7840b4: 0000 90e8 

  0x000002562e7840b8: ; ImmutableOopMap {[192]=Oop }
                      ;*invokevirtual dumpClass {reexecute=0 rethrow=0 return_oop=0}
                      ; - java.lang.invoke.MethodHandles$Lookup$ClassDefiner::defineClass@134
  0x000002562e7840b8: c4a9 0b07 

  0x000002562e7840bc: ;   {other}
  0x000002562e7840bc: 0f1f 8400 | ac09 0002 

  0x000002562e7840c4: ;   {metadata(method data for {method} {0x00000256411eae68} 'defineClass' '(ZLjava/lang/Object;)Ljava/lang/Class;' in 'java/lang/invoke/MethodHandles$Lookup$ClassDefiner')}
  0x000002562e7840c4: 49b8 2064 | 8956 5602 | 0000 41ff | 8038 0400 | 0048 8b84 | 24c0 0000 | 0048 81c4 | e000 0000 
  0x000002562e7840e4: ;   {poll_return}
  0x000002562e7840e4: 5d49 3ba7 | 5004 0000 | 0f87 be02 | 0000 c348 | 8984 24c0 | 0000 0044 | 8b4a 184c 

  0x000002562e784100: ;   {metadata(method data for {method} {0x00000256411eae68} 'defineClass' '(ZLjava/lang/Object;)Ljava/lang/Class;' in 'java/lang/invoke/MethodHandles$Lookup$ClassDefiner')}
  0x000002562e784100: 8bc6 48ba | 2064 8956 | 5602 0000 | 4883 8250 | 0400 0001 | 4c8b c748 | 8bd6 0f1f 

  0x000002562e78411c: ;   {optimized virtual_call}
  0x000002562e78411c: 4400 00e8 

  0x000002562e784120: ; ImmutableOopMap {[192]=Oop }
                      ;*invokevirtual dumpFailedClass {reexecute=0 rethrow=0 return_oop=0}
                      ; - java.lang.invoke.MethodHandles$Lookup$ClassDefiner::defineClass@150
  0x000002562e784120: 5ca9 0b07 

  0x000002562e784124: ;   {other}
  0x000002562e784124: 0f1f 8400 | 140a 0003 | 488b 8424 | c000 0000 | 4881 c4e0 | 0000 005d 

  0x000002562e78413c: ;   {poll_return}
  0x000002562e78413c: 493b a750 | 0400 000f | 877d 0200 | 00c3 448b | 4a18 4c8b 

  0x000002562e784150: ;   {metadata(method data for {method} {0x00000256411eae68} 'defineClass' '(ZLjava/lang/Object;)Ljava/lang/Class;' in 'java/lang/invoke/MethodHandles$Lookup$ClassDefiner')}
  0x000002562e784150: c648 ba20 | 6489 5656 | 0200 0048 | 8382 8805 | 0000 014c | 8bc7 488b | d666 0f1f 

  0x000002562e78416c: ;   {optimized virtual_call}
  0x000002562e78416c: 4400 00e8 

  0x000002562e784170: ; ImmutableOopMap {[200]=Oop }
                      ;*invokevirtual dumpFailedClass {reexecute=0 rethrow=0 return_oop=0}
                      ; - java.lang.invoke.MethodHandles$Lookup$ClassDefiner::defineClass@207
  0x000002562e784170: 0ca9 0b07 

  0x000002562e784174: ;   {other}
  0x000002562e784174: 0f1f 8400 | 640a 0004 | 488b 8424 | c800 0000 | e970 0200 

  0x000002562e784188: ;   {metadata({method} {0x00000256411eae68} 'defineClass' '(ZLjava/lang/Object;)Ljava/lang/Class;' in 'java/lang/invoke/MethodHandles$Lookup$ClassDefiner')}
  0x000002562e784188: 0049 ba60 | ae1e 4156 | 0200 004c | 8954 2408 | 48c7 0424 | ffff ffff 

  0x000002562e7841a0: ;   {runtime_call counter_overflow Runtime1 stub}
  0x000002562e7841a0: e85b 3018 

  0x000002562e7841a4: ; ImmutableOopMap {rdx=Oop r9=Oop [152]=Oop [184]=Oop }
                      ;*synchronization entry
                      ; - java.lang.invoke.MethodHandles$Lookup$ClassDefiner::defineClass@-1
  0x000002562e7841a4: 07e9 74f8 

  0x000002562e7841a8: ;   {runtime_call throw_null_pointer_exception Runtime1 stub}
  0x000002562e7841a8: ffff e851 

  0x000002562e7841ac: ; ImmutableOopMap {rdx=Oop r9=Oop rsi=Oop [144]=Oop [152]=Oop [184]=Oop }
                      ;*invokevirtual lookupClass {reexecute=0 rethrow=0 return_oop=0}
                      ; - java.lang.invoke.MethodHandles$Lookup$ClassDefiner::defineClass@4
                      ;   {runtime_call throw_null_pointer_exception Runtime1 stub}
  0x000002562e7841ac: e60e 07e8 

  0x000002562e7841b0: ; ImmutableOopMap {rdx=Oop r9=Oop rsi=Oop rdi=Oop [144]=Oop [152]=Oop [168]=Oop [184]=Oop }
                      ;*invokevirtual getClassLoader {reexecute=0 rethrow=0 return_oop=0}
                      ; - java.lang.invoke.MethodHandles$Lookup$ClassDefiner::defineClass@9
  0x000002562e7841b0: 4ce6 0e07 

  0x000002562e7841b4: ;   {metadata({method} {0x0000025641468e60} 'getClassLoader' '()Ljava/lang/ClassLoader;' in 'java/lang/Class')}
  0x000002562e7841b4: 49ba 588e | 4641 5602 | 0000 4c89 | 5424 0848 | c704 24ff 

  0x000002562e7841c8: ;   {runtime_call counter_overflow Runtime1 stub}
  0x000002562e7841c8: ffff ffe8 

  0x000002562e7841cc: ; ImmutableOopMap {rdx=Oop r9=Oop rsi=Oop rdi=Oop [144]=Oop [152]=Oop [168]=Oop [184]=Oop }
                      ;*synchronization entry
                      ; - java.lang.Class::getClassLoader@-1
                      ; - java.lang.invoke.MethodHandles$Lookup$ClassDefiner::defineClass@9
  0x000002562e7841cc: 3030 1807 | e9b5 f8ff 

  0x000002562e7841d4: ;   {metadata({method} {0x000002564101b1d0} 'getSecurityManager' '()Ljava/lang/SecurityManager;' in 'java/lang/System')}
  0x000002562e7841d4: ff49 bac8 | b101 4156 | 0200 004c | 8954 2408 | 48c7 0424 | ffff ffff 

  0x000002562e7841ec: ;   {runtime_call counter_overflow Runtime1 stub}
  0x000002562e7841ec: e80f 3018 

  0x000002562e7841f0: ; ImmutableOopMap {rdx=Oop r9=Oop rsi=Oop rdi=Oop rbx=Oop [144]=Oop [152]=Oop [168]=Oop [184]=Oop }
                      ;*synchronization entry
                      ; - java.lang.System::getSecurityManager@-1
                      ; - java.lang.Class::getClassLoader@11
                      ; - java.lang.invoke.MethodHandles$Lookup$ClassDefiner::defineClass@9
  0x000002562e7841f0: 07e9 0ef9 

  0x000002562e7841f4: ;   {metadata({method} {0x000002564101b2e8} 'allowSecurityManager' '()Z' in 'java/lang/System')}
  0x000002562e7841f4: ffff 49ba | e0b2 0141 | 5602 0000 | 4c89 5424 | 0848 c704 | 24ff ffff 

  0x000002562e78420c: ;   {runtime_call counter_overflow Runtime1 stub}
  0x000002562e78420c: ffe8 ee2f 

  0x000002562e784210: ; ImmutableOopMap {rdx=Oop r9=Oop rsi=Oop rdi=Oop rbx=Oop [144]=Oop [152]=Oop [168]=Oop [184]=Oop }
                      ;*synchronization entry
                      ; - java.lang.System::allowSecurityManager@-1
                      ; - java.lang.System::getSecurityManager@0
                      ; - java.lang.Class::getClassLoader@11
                      ; - java.lang.invoke.MethodHandles$Lookup$ClassDefiner::defineClass@9
  0x000002562e784210: 1807 e926 

  0x000002562e784214: ;   {metadata({method} {0x00000256413e0578} 'lookupClassProtectionDomain' '()Ljava/security/ProtectionDomain;' in 'java/lang/invoke/MethodHandles$Lookup')}
  0x000002562e784214: f9ff ff49 | ba70 053e | 4156 0200 | 004c 8954 | 2408 48c7 | 0424 ffff 

  0x000002562e78422c: ;   {runtime_call counter_overflow Runtime1 stub}
  0x000002562e78422c: ffff e8cd 

  0x000002562e784230: ; ImmutableOopMap {rdx=Oop r9=Oop rsi=Oop rdi=Oop rbx=Oop [144]=Oop [152]=Oop [168]=Oop [184]=Oop }
                      ;*synchronization entry
                      ; - java.lang.invoke.MethodHandles$Lookup::lookupClassProtectionDomain@-1
                      ; - java.lang.invoke.MethodHandles$Lookup$ClassDefiner::defineClass@23
  0x000002562e784230: 2f18 07e9 | a0f9 ffff 

  0x000002562e784238: ;   {metadata({method} {0x0000025641473b88} 'getJavaLangAccess' '()Ljdk/internal/access/JavaLangAccess;' in 'jdk/internal/access/SharedSecrets')}
  0x000002562e784238: 49ba 803b | 4741 5602 | 0000 4c89 | 5424 0848 | c704 24ff 

  0x000002562e78424c: ;   {runtime_call counter_overflow Runtime1 stub}
  0x000002562e78424c: ffff ffe8 

  0x000002562e784250: ; ImmutableOopMap {rsi=Oop [144]=Oop [152]=Oop [160]=Oop [168]=Oop [184]=Oop }
                      ;*synchronization entry
                      ; - jdk.internal.access.SharedSecrets::getJavaLangAccess@-1
                      ; - java.lang.invoke.MethodHandles$Lookup::lookupClassProtectionDomain@10
                      ; - java.lang.invoke.MethodHandles$Lookup$ClassDefiner::defineClass@23
  0x000002562e784250: ac2f 1807 | e9f2 f9ff 

  0x000002562e784258: ;   {runtime_call throw_incompatible_class_change_error Runtime1 stub}
  0x000002562e784258: ffe8 a205 

  0x000002562e78425c: ; ImmutableOopMap {rax=Oop rcx=Oop [144]=Oop [152]=Oop [160]=Oop [168]=Oop [184]=Oop }
                      ;*invokeinterface protectionDomain {reexecute=0 rethrow=0 return_oop=0}
                      ; - java.lang.invoke.MethodHandles$Lookup::lookupClassProtectionDomain@17
                      ; - java.lang.invoke.MethodHandles$Lookup$ClassDefiner::defineClass@23
                      ;   {runtime_call throw_null_pointer_exception Runtime1 stub}
  0x000002562e78425c: 1807 e89d 

  0x000002562e784260: ; ImmutableOopMap {rax=Oop rcx=Oop [144]=Oop [152]=Oop [160]=Oop [168]=Oop [184]=Oop }
                      ;*invokeinterface protectionDomain {reexecute=0 rethrow=0 return_oop=0}
                      ; - java.lang.invoke.MethodHandles$Lookup::lookupClassProtectionDomain@17
                      ; - java.lang.invoke.MethodHandles$Lookup$ClassDefiner::defineClass@23
                      ;   {metadata({method} {0x00000256410192c8} 'protectionDomain' '(Ljava/lang/Class;)Ljava/security/ProtectionDomain;' in 'java/lang/System$2')}
  0x000002562e784260: e50e 0749 | bac0 9201 | 4156 0200 | 004c 8954 | 2408 48c7 | 0424 ffff 

  0x000002562e784278: ;   {runtime_call counter_overflow Runtime1 stub}
  0x000002562e784278: ffff e881 

  0x000002562e78427c: ; ImmutableOopMap {rcx=Oop [144]=Oop [152]=Oop [160]=Oop [168]=Oop [184]=Oop }
                      ;*synchronization entry
                      ; - java.lang.System$2::protectionDomain@-1
                      ; - java.lang.invoke.MethodHandles$Lookup::lookupClassProtectionDomain@17
                      ; - java.lang.invoke.MethodHandles$Lookup$ClassDefiner::defineClass@23
  0x000002562e78427c: 2f18 07e9 | 59fa ffff 

  0x000002562e784284: ;   {runtime_call throw_null_pointer_exception Runtime1 stub}
  0x000002562e784284: e877 e50e 

  0x000002562e784288: ; ImmutableOopMap {rcx=Oop [144]=Oop [152]=Oop [160]=Oop [168]=Oop [184]=Oop }
                      ;*invokevirtual protectionDomain {reexecute=0 rethrow=0 return_oop=0}
                      ; - java.lang.System$2::protectionDomain@1
                      ; - java.lang.invoke.MethodHandles$Lookup::lookupClassProtectionDomain@17
                      ; - java.lang.invoke.MethodHandles$Lookup$ClassDefiner::defineClass@23
                      ;   {metadata({method} {0x0000025641467bb8} 'protectionDomain' '()Ljava/security/ProtectionDomain;' in 'java/lang/Class')}
  0x000002562e784288: 0749 bab0 | 7b46 4156 | 0200 004c | 8954 2408 | 48c7 0424 | ffff ffff 

  0x000002562e7842a0: ;   {runtime_call counter_overflow Runtime1 stub}
  0x000002562e7842a0: e85b 2f18 

  0x000002562e7842a4: ; ImmutableOopMap {rcx=Oop [144]=Oop [152]=Oop [160]=Oop [168]=Oop [184]=Oop }
                      ;*synchronization entry
                      ; - java.lang.Class::protectionDomain@-1
                      ; - java.lang.System$2::protectionDomain@1
                      ; - java.lang.invoke.MethodHandles$Lookup::lookupClassProtectionDomain@17
                      ; - java.lang.invoke.MethodHandles$Lookup$ClassDefiner::defineClass@23
  0x000002562e7842a4: 07e9 71fa 

  0x000002562e7842a8: ;   {oop(nullptr)}
  0x000002562e7842a8: ffff 49b8 | 0000 0000 | 0000 0000 | 5053 498b | 5810 5756 | 5251 4150 | 4151 4152 | 4153 4883 
  0x000002562e7842c8: ec20 40f6 | c40f 0f84 | 1900 0000 | 4883 ec08 

  0x000002562e7842d8: ;   {runtime_call}
  0x000002562e7842d8: 48b8 a0a0 | 0da9 f97f | 0000 ffd0 | 4883 c408 | e90c 0000 

  0x000002562e7842ec: ;   {runtime_call}
  0x000002562e7842ec: 0048 b8a0 | a00d a9f9 | 7f00 00ff | d048 83c4 | 2041 5b41 | 5a41 5941 | 5859 5a5e | 5f48 3b83 
  0x000002562e78430c: 3801 0000 | 5b58 0f85 | 0a00 0000 | e965 faff | ffb8 0078 

  0x000002562e784320: ;   {runtime_call load_mirror_patching Runtime1 stub}
  0x000002562e784320: 6e0a e8d9 

  0x000002562e784324: ; ImmutableOopMap {[144]=Oop [152]=Oop [160]=Oop [168]=Oop [184]=Oop }
                      ;*getstatic allPermDomain {reexecute=1 rethrow=0 return_oop=0}
                      ; - (reexecute) java.lang.Class::protectionDomain@9
                      ; - java.lang.System$2::protectionDomain@1
                      ; - java.lang.invoke.MethodHandles$Lookup::lookupClassProtectionDomain@17
                      ; - java.lang.invoke.MethodHandles$Lookup$ClassDefiner::defineClass@23
  0x000002562e784324: 2218 07e9 | 4cfa ffff 

  0x000002562e78432c: ;   {runtime_call throw_null_pointer_exception Runtime1 stub}
  0x000002562e78432c: e8cf e40e 

  0x000002562e784330: ; ImmutableOopMap {r8=Oop [144]=Oop [152]=Oop [160]=Oop [168]=Oop [184]=Oop }
                      ;*getstatic allPermDomain {reexecute=1 rethrow=0 return_oop=0}
                      ; - (reexecute) java.lang.Class::protectionDomain@9
                      ; - java.lang.System$2::protectionDomain@1
                      ; - java.lang.invoke.MethodHandles$Lookup::lookupClassProtectionDomain@17
                      ; - java.lang.invoke.MethodHandles$Lookup$ClassDefiner::defineClass@23
  0x000002562e784330: 0745 8b80 | 0000 0000 | b800 0c05 

  0x000002562e78433c: ;   {runtime_call access_field_patching Runtime1 stub}
  0x000002562e78433c: 07e8 be19 

  0x000002562e784340: ; ImmutableOopMap {r8=Oop [144]=Oop [152]=Oop [160]=Oop [168]=Oop [184]=Oop }
                      ;*getstatic allPermDomain {reexecute=1 rethrow=0 return_oop=0}
                      ; - (reexecute) java.lang.Class::protectionDomain@9
                      ; - java.lang.System$2::protectionDomain@1
                      ; - java.lang.invoke.MethodHandles$Lookup::lookupClassProtectionDomain@17
                      ; - java.lang.invoke.MethodHandles$Lookup$ClassDefiner::defineClass@23
  0x000002562e784340: 1807 e941 | faff ff44 | 8b4e 1849 | 83f9 000f | 8458 faff | ff4c 890c 

  0x000002562e784358: ;   {runtime_call g1_pre_barrier_slow}
  0x000002562e784358: 24e8 a234 | 1807 e94a | faff ff49 | 83f8 000f | 8461 faff | ff48 8934 

  0x000002562e784370: ;   {runtime_call g1_post_barrier_slow}
  0x000002562e784370: 24e8 8a37 | 1807 e953 

  0x000002562e784378: ;   {metadata({method} {0x0000025641473b88} 'getJavaLangAccess' '()Ljdk/internal/access/JavaLangAccess;' in 'jdk/internal/access/SharedSecrets')}
  0x000002562e784378: faff ff49 | ba80 3b47 | 4156 0200 | 004c 8954 | 2408 48c7 | 0424 ffff 

  0x000002562e784390: ;   {runtime_call counter_overflow Runtime1 stub}
  0x000002562e784390: ffff e869 

  0x000002562e784394: ; ImmutableOopMap {rax=Oop rdi=Oop rbx=Oop rdx=Oop [152]=Oop [168]=Oop [184]=Oop }
                      ;*synchronization entry
                      ; - jdk.internal.access.SharedSecrets::getJavaLangAccess@-1
                      ; - java.lang.invoke.MethodHandles$Lookup$ClassDefiner::defineClass@35
  0x000002562e784394: 2e18 07e9 | b3fa ffff 

  0x000002562e78439c: ;   {runtime_call throw_incompatible_class_change_error Runtime1 stub}
  0x000002562e78439c: e85f 0418 

  0x000002562e7843a0: ; ImmutableOopMap {rax=Oop rdi=Oop rbx=Oop r14=Oop rsi=Oop rcx=Oop [152]=Oop [168]=Oop [184]=Oop }
                      ;*invokeinterface defineClass {reexecute=0 rethrow=0 return_oop=0}
                      ; - java.lang.invoke.MethodHandles$Lookup$ClassDefiner::defineClass@57
                      ;   {runtime_call throw_null_pointer_exception Runtime1 stub}
  0x000002562e7843a0: 07e8 5ae4 

  0x000002562e7843a4: ; ImmutableOopMap {rax=Oop rdi=Oop rbx=Oop r14=Oop rsi=Oop rcx=Oop [152]=Oop [168]=Oop [184]=Oop }
                      ;*invokeinterface defineClass {reexecute=0 rethrow=0 return_oop=0}
                      ; - java.lang.invoke.MethodHandles$Lookup$ClassDefiner::defineClass@57
                      ;   {runtime_call throw_null_pointer_exception Runtime1 stub}
  0x000002562e7843a4: 0e07 e855 

  0x000002562e7843a8: ; ImmutableOopMap {rax=Oop rdx=Oop rsi=Oop [152]=Oop }
                      ;*invokevirtual isEnabled {reexecute=0 rethrow=0 return_oop=0}
                      ; - java.lang.invoke.MethodHandles$Lookup$ClassDefiner::defineClass@105
                      ;   {runtime_call throw_null_pointer_exception Runtime1 stub}
  0x000002562e7843a8: e40e 07e8 

  0x000002562e7843ac: ; ImmutableOopMap {rdx=Oop rax=Oop rsi=Oop [152]=Oop }
                      ;*invokevirtual isEnabled {reexecute=0 rethrow=0 return_oop=0}
                      ; - java.lang.invoke.MethodHandles$Lookup$ClassDefiner::defineClass@162
  0x000002562e7843ac: 50e4 0e07 

  0x000002562e7843b0: ;   {internal_word}
  0x000002562e7843b0: 49ba e540 | 782e 5602 | 0000 4d89 | 9768 0400 

  0x000002562e7843c0: ;   {runtime_call SafepointBlob}
  0x000002562e7843c0: 00e9 ba10 

  0x000002562e7843c4: ;   {internal_word}
  0x000002562e7843c4: 0c07 49ba | 3c41 782e | 5602 0000 | 4d89 9768 

  0x000002562e7843d4: ;   {runtime_call SafepointBlob}
  0x000002562e7843d4: 0400 00e9 | a410 0c07 | 498b 8700 | 0500 0049 | c787 0005 | 0000 0000 | 0000 49c7 | 8708 0500 
  0x000002562e7843f4: 0000 0000 | 0048 81c4 | e000 0000 

  0x000002562e784400: ;   {runtime_call unwind_exception Runtime1 stub}
  0x000002562e784400: 5de9 faf2 | 0e07 f4f4 
[Stub Code]
  0x000002562e784408: ;   {no_reloc}
  0x000002562e784408: 0f1f 4400 

  0x000002562e78440c: ;   {static_stub}
  0x000002562e78440c: 0048 bb80 | 9501 4156 

  0x000002562e784414: ;   {runtime_call I2C/C2I adapters}
  0x000002562e784414: 0200 00e9 | fa67 0c07 

  0x000002562e78441c: ;   {static_stub}
  0x000002562e78441c: 48bb 487b | 4641 5602 

  0x000002562e784424: ;   {runtime_call I2C/C2I adapters}
  0x000002562e784424: 0000 e938 

  0x000002562e784428: ;   {static_stub}
  0x000002562e784428: f00b 0748 | bb00 0000 | 0000 0000 

  0x000002562e784434: ;   {runtime_call nmethod}
  0x000002562e784434: 00e9 fbff 

  0x000002562e784438: ;   {static_stub}
  0x000002562e784438: ffff 48bb | 0000 0000 | 0000 0000 

  0x000002562e784444: ;   {runtime_call nmethod}
  0x000002562e784444: e9fb ffff 

  0x000002562e784448: ;   {runtime_call handle_exception_from_callee Runtime1 stub}
  0x000002562e784448: ffe8 b2ff 

  0x000002562e78444c: ;   {external_word}
  0x000002562e78444c: 0e07 48b9 | 5063 ada9 | f97f 0000 | 4883 e4f0 

  0x000002562e78445c: ;   {runtime_call}
  0x000002562e78445c: 48b8 c0c9 | 6fa9 f97f | 0000 ffd0 

  0x000002562e784468: ;   {section_word}
  0x000002562e784468: f449 ba69 | 4478 2e56 | 0200 0041 

  0x000002562e784474: ;   {runtime_call DeoptimizationBlob}
  0x000002562e784474: 52e9 a602 | 0c07 f4f4 | f4f4 f4f4 
[/MachCode]


---------------  P R O C E S S  ---------------

Threads class SMR info:
_java_thread_list=0x000002565c614770, length=32, elements={
0x000002562b0c05e0, 0x0000025640ebbe90, 0x0000025640ebd610, 0x0000025640ebe070,
0x000002565a002090, 0x000002565a004710, 0x000002565a005170, 0x000002565a005f00,
0x000002565a00c960, 0x000002565a1f39d0, 0x000002565a1cae00, 0x000002565b9bc850,
0x000002565bb97880, 0x000002565bbd0080, 0x000002565b5f57b0, 0x000002565b94f180,
0x000002565bae66e0, 0x000002565b01a2d0, 0x000002565b01b680, 0x000002565b01a960,
0x000002565b01aff0, 0x000002565b01bd10, 0x000002565b01c3a0, 0x000002565b018f20,
0x000002565b0195b0, 0x000002565db66df0, 0x000002565db67480, 0x000002565db68ec0,
0x000002565db69550, 0x000002565db6a270, 0x000002565db6a900, 0x000002565db6af90
}

Java Threads: ( => current thread )
  0x000002562b0c05e0 JavaThread "main"                              [_thread_blocked, id=41328, stack(0x000000a34ac00000,0x000000a34ad00000) (1024K)]
  0x0000025640ebbe90 JavaThread "Reference Handler"          daemon [_thread_blocked, id=10316, stack(0x000000a34b500000,0x000000a34b600000) (1024K)]
  0x0000025640ebd610 JavaThread "Finalizer"                  daemon [_thread_blocked, id=16920, stack(0x000000a34b600000,0x000000a34b700000) (1024K)]
  0x0000025640ebe070 JavaThread "Signal Dispatcher"          daemon [_thread_blocked, id=11364, stack(0x000000a34b700000,0x000000a34b800000) (1024K)]
  0x000002565a002090 JavaThread "Attach Listener"            daemon [_thread_blocked, id=42708, stack(0x000000a34b800000,0x000000a34b900000) (1024K)]
  0x000002565a004710 JavaThread "Service Thread"             daemon [_thread_blocked, id=35616, stack(0x000000a34b900000,0x000000a34ba00000) (1024K)]
  0x000002565a005170 JavaThread "Monitor Deflation Thread"   daemon [_thread_blocked, id=40176, stack(0x000000a34ba00000,0x000000a34bb00000) (1024K)]
  0x000002565a005f00 JavaThread "C2 CompilerThread0"         daemon [_thread_blocked, id=14676, stack(0x000000a34bb00000,0x000000a34bc00000) (1024K)]
  0x000002565a00c960 JavaThread "C1 CompilerThread0"         daemon [_thread_blocked, id=43832, stack(0x000000a34bc00000,0x000000a34bd00000) (1024K)]
  0x000002565a1f39d0 JavaThread "Common-Cleaner"             daemon [_thread_blocked, id=23908, stack(0x000000a34bd00000,0x000000a34be00000) (1024K)]
  0x000002565a1cae00 JavaThread "Notification Thread"        daemon [_thread_blocked, id=43380, stack(0x000000a34be00000,0x000000a34bf00000) (1024K)]
  0x000002565b9bc850 JavaThread "Daemon health stats"               [_thread_blocked, id=15720, stack(0x000000a34c500000,0x000000a34c600000) (1024K)]
  0x000002565bb97880 JavaThread "Incoming local TCP Connector on port 62183"        [_thread_in_native, id=39784, stack(0x000000a34c600000,0x000000a34c700000) (1024K)]
  0x000002565bbd0080 JavaThread "Daemon periodic checks"            [_thread_blocked, id=14972, stack(0x000000a34c700000,0x000000a34c800000) (1024K)]
  0x000002565b5f57b0 JavaThread "Daemon"                            [_thread_blocked, id=23848, stack(0x000000a34c800000,0x000000a34c900000) (1024K)]
  0x000002565b94f180 JavaThread "Handler for socket connection from /127.0.0.1:62183 to /127.0.0.1:62185"        [_thread_in_native, id=1412, stack(0x000000a34c900000,0x000000a34ca00000) (1024K)]
  0x000002565bae66e0 JavaThread "Cancel handler"                    [_thread_blocked, id=16032, stack(0x000000a34ca00000,0x000000a34cb00000) (1024K)]
=>0x000002565b01a2d0 JavaThread "Daemon worker"                     [_thread_in_vm, id=43180, stack(0x000000a34cb00000,0x000000a34cc00000) (1024K)]
  0x000002565b01b680 JavaThread "Asynchronous log dispatcher for DefaultDaemonConnection: socket connection from /127.0.0.1:62183 to /127.0.0.1:62185"        [_thread_blocked, id=31220, stack(0x000000a34cc00000,0x000000a34cd00000) (1024K)]
  0x000002565b01a960 JavaThread "Stdin handler"                     [_thread_blocked, id=15460, stack(0x000000a34cd00000,0x000000a34ce00000) (1024K)]
  0x000002565b01aff0 JavaThread "Daemon client event forwarder"        [_thread_blocked, id=25352, stack(0x000000a34ce00000,0x000000a34cf00000) (1024K)]
  0x000002565b01bd10 JavaThread "Cache worker for journal cache (C:\Users\Lucas Hernandez\.gradle\caches\journal-1)"        [_thread_blocked, id=32948, stack(0x000000a34cf00000,0x000000a34d000000) (1024K)]
  0x000002565b01c3a0 JavaThread "File lock request listener"        [_thread_in_native, id=26764, stack(0x000000a34d000000,0x000000a34d100000) (1024K)]
  0x000002565b018f20 JavaThread "File lock release action executor"        [_thread_blocked, id=16992, stack(0x000000a34d100000,0x000000a34d200000) (1024K)]
  0x000002565b0195b0 JavaThread "Cache worker for file hash cache (C:\Users\Lucas Hernandez\.gradle\caches\8.9\fileHashes)"        [_thread_blocked, id=42332, stack(0x000000a34d200000,0x000000a34d300000) (1024K)]
  0x000002565db66df0 JavaThread "Cache worker for file hash cache (C:\Users\Lucas Hernandez\OneDrive - UDIT\Documents\DI\dam2-productos-archivos\node_modules\@capacitor\keyboard\android\.gradle\8.9\fileHashes)"        [_thread_blocked, id=16172, stack(0x000000a34d800000,0x000000a34d900000) (1024K)]
  0x000002565db67480 JavaThread "Cache worker for Build Output Cleanup Cache (C:\Users\Lucas Hernandez\OneDrive - UDIT\Documents\DI\dam2-productos-archivos\node_modules\@capacitor\keyboard\android\.gradle\buildOutputCleanup)"        [_thread_blocked, id=23588, stack(0x000000a34d900000,0x000000a34da00000) (1024K)]
  0x000002565db68ec0 JavaThread "File watcher server"        daemon [_thread_in_native, id=41220, stack(0x000000a34da00000,0x000000a34db00000) (1024K)]
  0x000002565db69550 JavaThread "File watcher consumer"      daemon [_thread_blocked, id=42440, stack(0x000000a34db00000,0x000000a34dc00000) (1024K)]
  0x000002565db6a270 JavaThread "Cache worker for checksums cache (C:\Users\Lucas Hernandez\OneDrive - UDIT\Documents\DI\dam2-productos-archivos\node_modules\@capacitor\keyboard\android\.gradle\8.9\checksums)"        [_thread_blocked, id=41848, stack(0x000000a34dc00000,0x000000a34dd00000) (1024K)]
  0x000002565db6a900 JavaThread "Cache worker for file content cache (C:\Users\Lucas Hernandez\.gradle\caches\8.9\fileContent)"        [_thread_blocked, id=27376, stack(0x000000a34dd00000,0x000000a34de00000) (1024K)]
  0x000002565db6af90 JavaThread "Cache worker for cache directory md-rule (C:\Users\Lucas Hernandez\.gradle\caches\8.9\md-rule)"        [_thread_blocked, id=15060, stack(0x000000a34de00000,0x000000a34df00000) (1024K)]
Total: 32

Other Threads:
  0x0000025640ea0690 VMThread "VM Thread"                           [id=30076, stack(0x000000a34b400000,0x000000a34b500000) (1024K)] _threads_hazard_ptr=0x000002565c614770
  0x0000025640e925c0 WatcherThread "VM Periodic Task Thread"        [id=42812, stack(0x000000a34b300000,0x000000a34b400000) (1024K)]
  0x000002562b0ee910 WorkerThread "GC Thread#0"                     [id=41392, stack(0x000000a34ae00000,0x000000a34af00000) (1024K)]
  0x000002565a3accb0 WorkerThread "GC Thread#1"                     [id=42312, stack(0x000000a34bf00000,0x000000a34c000000) (1024K)]
  0x000002565a443780 WorkerThread "GC Thread#2"                     [id=10260, stack(0x000000a34c000000,0x000000a34c100000) (1024K)]
  0x000002565a443b30 WorkerThread "GC Thread#3"                     [id=42036, stack(0x000000a34c100000,0x000000a34c200000) (1024K)]
  0x000002565a602b80 WorkerThread "GC Thread#4"                     [id=43868, stack(0x000000a34c200000,0x000000a34c300000) (1024K)]
  0x000002565a602f30 WorkerThread "GC Thread#5"                     [id=33056, stack(0x000000a34c300000,0x000000a34c400000) (1024K)]
  0x000002565a076480 WorkerThread "GC Thread#6"                     [id=41136, stack(0x000000a34c400000,0x000000a34c500000) (1024K)]
  0x000002565d96cdb0 WorkerThread "GC Thread#7"                     [id=42964, stack(0x000000a34d300000,0x000000a34d400000) (1024K)]
  0x000002565d96dc70 WorkerThread "GC Thread#8"                     [id=42976, stack(0x000000a34d400000,0x000000a34d500000) (1024K)]
  0x000002565d96eee0 WorkerThread "GC Thread#9"                     [id=13584, stack(0x000000a34d500000,0x000000a34d600000) (1024K)]
  0x000002562b0f3710 ConcurrentGCThread "G1 Main Marker"            [id=41360, stack(0x000000a34af00000,0x000000a34b000000) (1024K)]
  0x000002562b0f4030 WorkerThread "G1 Conc#0"                       [id=41404, stack(0x000000a34b000000,0x000000a34b100000) (1024K)]
  0x000002565d96e780 WorkerThread "G1 Conc#1"                       [id=36940, stack(0x000000a34d600000,0x000000a34d700000) (1024K)]
  0x000002565d96e3d0 WorkerThread "G1 Conc#2"                       [id=33716, stack(0x000000a34d700000,0x000000a34d800000) (1024K)]
  0x0000025640d629e0 ConcurrentGCThread "G1 Refine#0"               [id=41344, stack(0x000000a34b100000,0x000000a34b200000) (1024K)]
  0x0000025640d63370 ConcurrentGCThread "G1 Service"                [id=41440, stack(0x000000a34b200000,0x000000a34b300000) (1024K)]
Total: 18

Threads with active compile tasks:
Total: 0

VM state: synchronizing (normal execution)

VM Mutex/Monitor currently owned by a thread:  ([mutex/lock_event])
[0x00007ff9a9d8d530] Metaspace_lock - owner thread: 0x000002565b01a2d0
[0x00007ff9a9d8f5b0] Threads_lock - owner thread: 0x0000025640ea0690

Heap address: 0x00000000e0000000, size: 512 MB, Compressed Oops mode: 32-bit

CDS archive(s) mapped at: [0x0000025641000000-0x0000025641ba0000-0x0000025641ba0000), size 12189696, SharedBaseAddress: 0x0000025641000000, ArchiveRelocationMode: 1.
Compressed class space mapped at: 0x0000025642000000-0x0000025656000000, reserved size: 335544320
Narrow klass base: 0x0000025641000000, Narrow klass shift: 0, Narrow klass range: 0x100000000

GC Precious Log:
 CardTable entry size: 512
 Card Set container configuration: InlinePtr #cards 5 size 8 Array Of Cards #cards 12 size 40 Howl #buckets 4 coarsen threshold 1843 Howl Bitmap #cards 512 size 80 coarsen threshold 460 Card regions per heap region 1 cards per card region 2048
 CPUs: 12 total, 12 available
 Memory: 15754M
 Large Page Support: Disabled
 NUMA Support: Disabled
 Compressed Oops: Enabled (32-bit)
 Heap Region Size: 1M
 Heap Min Capacity: 256M
 Heap Initial Capacity: 256M
 Heap Max Capacity: 512M
 Pre-touch: Disabled
 Parallel Workers: 10
 Concurrent Workers: 3
 Concurrent Refinement Workers: 10
 Periodic GC: Disabled

Heap:
 garbage-first heap   total 262144K, used 75732K [0x00000000e0000000, 0x0000000100000000)
  region size 1024K, 64 young (65536K), 13 survivors (13312K)
 Metaspace       used 27032K, committed 28096K, reserved 393216K
  class space    used 4113K, committed 4608K, reserved 327680K

Heap Regions: E=young(eden), S=young(survivor), O=old, HS=humongous(starts), HC=humongous(continues), CS=collection set, F=free, TAMS=top-at-mark-start, PB=parsable bottom
|   0|0x00000000e0000000, 0x00000000e0100000, 0x00000000e0100000|100%|HS|  |TAMS 0x00000000e0000000| PB 0x00000000e0000000| Complete 
|   1|0x00000000e0100000, 0x00000000e0200000, 0x00000000e0200000|100%|HC|  |TAMS 0x00000000e0100000| PB 0x00000000e0100000| Complete 
|   2|0x00000000e0200000, 0x00000000e0300000, 0x00000000e0300000|100%|HC|  |TAMS 0x00000000e0200000| PB 0x00000000e0200000| Complete 
|   3|0x00000000e0300000, 0x00000000e0400000, 0x00000000e0400000|100%|HC|  |TAMS 0x00000000e0300000| PB 0x00000000e0300000| Complete 
|   4|0x00000000e0400000, 0x00000000e0500000, 0x00000000e0500000|100%| O|  |TAMS 0x00000000e0400000| PB 0x00000000e0400000| Untracked 
|   5|0x00000000e0500000, 0x00000000e0600000, 0x00000000e0600000|100%| O|  |TAMS 0x00000000e0500000| PB 0x00000000e0500000| Untracked 
|   6|0x00000000e0600000, 0x00000000e0700000, 0x00000000e0700000|100%| O|  |TAMS 0x00000000e0600000| PB 0x00000000e0600000| Untracked 
|   7|0x00000000e0700000, 0x00000000e0800000, 0x00000000e0800000|100%| O|  |TAMS 0x00000000e0700000| PB 0x00000000e0700000| Untracked 
|   8|0x00000000e0800000, 0x00000000e0900000, 0x00000000e0900000|100%| O|Cm|TAMS 0x00000000e0800000| PB 0x00000000e0800000| Complete 
|   9|0x00000000e0900000, 0x00000000e0a00000, 0x00000000e0a00000|100%| O|  |TAMS 0x00000000e0900000| PB 0x00000000e0900000| Untracked 
|  10|0x00000000e0a00000, 0x00000000e0b00000, 0x00000000e0b00000|100%|HS|  |TAMS 0x00000000e0a00000| PB 0x00000000e0a00000| Complete 
|  11|0x00000000e0b00000, 0x00000000e0b00000, 0x00000000e0c00000|  0%| F|  |TAMS 0x00000000e0b00000| PB 0x00000000e0b00000| Untracked 
|  12|0x00000000e0c00000, 0x00000000e0cf5578, 0x00000000e0d00000| 95%| O|  |TAMS 0x00000000e0c00000| PB 0x00000000e0c00000| Untracked 
|  13|0x00000000e0d00000, 0x00000000e0d00000, 0x00000000e0e00000|  0%| F|  |TAMS 0x00000000e0d00000| PB 0x00000000e0d00000| Untracked 
|  14|0x00000000e0e00000, 0x00000000e0e00000, 0x00000000e0f00000|  0%| F|  |TAMS 0x00000000e0e00000| PB 0x00000000e0e00000| Untracked 
|  15|0x00000000e0f00000, 0x00000000e0f00000, 0x00000000e1000000|  0%| F|  |TAMS 0x00000000e0f00000| PB 0x00000000e0f00000| Untracked 
|  16|0x00000000e1000000, 0x00000000e1000000, 0x00000000e1100000|  0%| F|  |TAMS 0x00000000e1000000| PB 0x00000000e1000000| Untracked 
|  17|0x00000000e1100000, 0x00000000e1100000, 0x00000000e1200000|  0%| F|  |TAMS 0x00000000e1100000| PB 0x00000000e1100000| Untracked 
|  18|0x00000000e1200000, 0x00000000e1200000, 0x00000000e1300000|  0%| F|  |TAMS 0x00000000e1200000| PB 0x00000000e1200000| Untracked 
|  19|0x00000000e1300000, 0x00000000e1300000, 0x00000000e1400000|  0%| F|  |TAMS 0x00000000e1300000| PB 0x00000000e1300000| Untracked 
|  20|0x00000000e1400000, 0x00000000e1400000, 0x00000000e1500000|  0%| F|  |TAMS 0x00000000e1400000| PB 0x00000000e1400000| Untracked 
|  21|0x00000000e1500000, 0x00000000e1500000, 0x00000000e1600000|  0%| F|  |TAMS 0x00000000e1500000| PB 0x00000000e1500000| Untracked 
|  22|0x00000000e1600000, 0x00000000e1600000, 0x00000000e1700000|  0%| F|  |TAMS 0x00000000e1600000| PB 0x00000000e1600000| Untracked 
|  23|0x00000000e1700000, 0x00000000e1700000, 0x00000000e1800000|  0%| F|  |TAMS 0x00000000e1700000| PB 0x00000000e1700000| Untracked 
|  24|0x00000000e1800000, 0x00000000e1800000, 0x00000000e1900000|  0%| F|  |TAMS 0x00000000e1800000| PB 0x00000000e1800000| Untracked 
|  25|0x00000000e1900000, 0x00000000e1900000, 0x00000000e1a00000|  0%| F|  |TAMS 0x00000000e1900000| PB 0x00000000e1900000| Untracked 
|  26|0x00000000e1a00000, 0x00000000e1a00000, 0x00000000e1b00000|  0%| F|  |TAMS 0x00000000e1a00000| PB 0x00000000e1a00000| Untracked 
|  27|0x00000000e1b00000, 0x00000000e1b00000, 0x00000000e1c00000|  0%| F|  |TAMS 0x00000000e1b00000| PB 0x00000000e1b00000| Untracked 
|  28|0x00000000e1c00000, 0x00000000e1c00000, 0x00000000e1d00000|  0%| F|  |TAMS 0x00000000e1c00000| PB 0x00000000e1c00000| Untracked 
|  29|0x00000000e1d00000, 0x00000000e1d00000, 0x00000000e1e00000|  0%| F|  |TAMS 0x00000000e1d00000| PB 0x00000000e1d00000| Untracked 
|  30|0x00000000e1e00000, 0x00000000e1e00000, 0x00000000e1f00000|  0%| F|  |TAMS 0x00000000e1e00000| PB 0x00000000e1e00000| Untracked 
|  31|0x00000000e1f00000, 0x00000000e1f00000, 0x00000000e2000000|  0%| F|  |TAMS 0x00000000e1f00000| PB 0x00000000e1f00000| Untracked 
|  32|0x00000000e2000000, 0x00000000e2000000, 0x00000000e2100000|  0%| F|  |TAMS 0x00000000e2000000| PB 0x00000000e2000000| Untracked 
|  33|0x00000000e2100000, 0x00000000e2100000, 0x00000000e2200000|  0%| F|  |TAMS 0x00000000e2100000| PB 0x00000000e2100000| Untracked 
|  34|0x00000000e2200000, 0x00000000e2200000, 0x00000000e2300000|  0%| F|  |TAMS 0x00000000e2200000| PB 0x00000000e2200000| Untracked 
|  35|0x00000000e2300000, 0x00000000e2300000, 0x00000000e2400000|  0%| F|  |TAMS 0x00000000e2300000| PB 0x00000000e2300000| Untracked 
|  36|0x00000000e2400000, 0x00000000e2400000, 0x00000000e2500000|  0%| F|  |TAMS 0x00000000e2400000| PB 0x00000000e2400000| Untracked 
|  37|0x00000000e2500000, 0x00000000e2500000, 0x00000000e2600000|  0%| F|  |TAMS 0x00000000e2500000| PB 0x00000000e2500000| Untracked 
|  38|0x00000000e2600000, 0x00000000e2600000, 0x00000000e2700000|  0%| F|  |TAMS 0x00000000e2600000| PB 0x00000000e2600000| Untracked 
|  39|0x00000000e2700000, 0x00000000e2700000, 0x00000000e2800000|  0%| F|  |TAMS 0x00000000e2700000| PB 0x00000000e2700000| Untracked 
|  40|0x00000000e2800000, 0x00000000e2800000, 0x00000000e2900000|  0%| F|  |TAMS 0x00000000e2800000| PB 0x00000000e2800000| Untracked 
|  41|0x00000000e2900000, 0x00000000e2900000, 0x00000000e2a00000|  0%| F|  |TAMS 0x00000000e2900000| PB 0x00000000e2900000| Untracked 
|  42|0x00000000e2a00000, 0x00000000e2a00000, 0x00000000e2b00000|  0%| F|  |TAMS 0x00000000e2a00000| PB 0x00000000e2a00000| Untracked 
|  43|0x00000000e2b00000, 0x00000000e2b00000, 0x00000000e2c00000|  0%| F|  |TAMS 0x00000000e2b00000| PB 0x00000000e2b00000| Untracked 
|  44|0x00000000e2c00000, 0x00000000e2c00000, 0x00000000e2d00000|  0%| F|  |TAMS 0x00000000e2c00000| PB 0x00000000e2c00000| Untracked 
|  45|0x00000000e2d00000, 0x00000000e2d00000, 0x00000000e2e00000|  0%| F|  |TAMS 0x00000000e2d00000| PB 0x00000000e2d00000| Untracked 
|  46|0x00000000e2e00000, 0x00000000e2e00000, 0x00000000e2f00000|  0%| F|  |TAMS 0x00000000e2e00000| PB 0x00000000e2e00000| Untracked 
|  47|0x00000000e2f00000, 0x00000000e2f00000, 0x00000000e3000000|  0%| F|  |TAMS 0x00000000e2f00000| PB 0x00000000e2f00000| Untracked 
|  48|0x00000000e3000000, 0x00000000e3000000, 0x00000000e3100000|  0%| F|  |TAMS 0x00000000e3000000| PB 0x00000000e3000000| Untracked 
|  49|0x00000000e3100000, 0x00000000e3100000, 0x00000000e3200000|  0%| F|  |TAMS 0x00000000e3100000| PB 0x00000000e3100000| Untracked 
|  50|0x00000000e3200000, 0x00000000e3200000, 0x00000000e3300000|  0%| F|  |TAMS 0x00000000e3200000| PB 0x00000000e3200000| Untracked 
|  51|0x00000000e3300000, 0x00000000e3300000, 0x00000000e3400000|  0%| F|  |TAMS 0x00000000e3300000| PB 0x00000000e3300000| Untracked 
|  52|0x00000000e3400000, 0x00000000e3400000, 0x00000000e3500000|  0%| F|  |TAMS 0x00000000e3400000| PB 0x00000000e3400000| Untracked 
|  53|0x00000000e3500000, 0x00000000e3500000, 0x00000000e3600000|  0%| F|  |TAMS 0x00000000e3500000| PB 0x00000000e3500000| Untracked 
|  54|0x00000000e3600000, 0x00000000e3600000, 0x00000000e3700000|  0%| F|  |TAMS 0x00000000e3600000| PB 0x00000000e3600000| Untracked 
|  55|0x00000000e3700000, 0x00000000e3700000, 0x00000000e3800000|  0%| F|  |TAMS 0x00000000e3700000| PB 0x00000000e3700000| Untracked 
|  56|0x00000000e3800000, 0x00000000e3800000, 0x00000000e3900000|  0%| F|  |TAMS 0x00000000e3800000| PB 0x00000000e3800000| Untracked 
|  57|0x00000000e3900000, 0x00000000e3900000, 0x00000000e3a00000|  0%| F|  |TAMS 0x00000000e3900000| PB 0x00000000e3900000| Untracked 
|  58|0x00000000e3a00000, 0x00000000e3a00000, 0x00000000e3b00000|  0%| F|  |TAMS 0x00000000e3a00000| PB 0x00000000e3a00000| Untracked 
|  59|0x00000000e3b00000, 0x00000000e3b00000, 0x00000000e3c00000|  0%| F|  |TAMS 0x00000000e3b00000| PB 0x00000000e3b00000| Untracked 
|  60|0x00000000e3c00000, 0x00000000e3c00000, 0x00000000e3d00000|  0%| F|  |TAMS 0x00000000e3c00000| PB 0x00000000e3c00000| Untracked 
|  61|0x00000000e3d00000, 0x00000000e3d00000, 0x00000000e3e00000|  0%| F|  |TAMS 0x00000000e3d00000| PB 0x00000000e3d00000| Untracked 
|  62|0x00000000e3e00000, 0x00000000e3e00000, 0x00000000e3f00000|  0%| F|  |TAMS 0x00000000e3e00000| PB 0x00000000e3e00000| Untracked 
|  63|0x00000000e3f00000, 0x00000000e3f00000, 0x00000000e4000000|  0%| F|  |TAMS 0x00000000e3f00000| PB 0x00000000e3f00000| Untracked 
|  64|0x00000000e4000000, 0x00000000e4000000, 0x00000000e4100000|  0%| F|  |TAMS 0x00000000e4000000| PB 0x00000000e4000000| Untracked 
|  65|0x00000000e4100000, 0x00000000e4100000, 0x00000000e4200000|  0%| F|  |TAMS 0x00000000e4100000| PB 0x00000000e4100000| Untracked 
|  66|0x00000000e4200000, 0x00000000e4200000, 0x00000000e4300000|  0%| F|  |TAMS 0x00000000e4200000| PB 0x00000000e4200000| Untracked 
|  67|0x00000000e4300000, 0x00000000e4300000, 0x00000000e4400000|  0%| F|  |TAMS 0x00000000e4300000| PB 0x00000000e4300000| Untracked 
|  68|0x00000000e4400000, 0x00000000e4400000, 0x00000000e4500000|  0%| F|  |TAMS 0x00000000e4400000| PB 0x00000000e4400000| Untracked 
|  69|0x00000000e4500000, 0x00000000e4500000, 0x00000000e4600000|  0%| F|  |TAMS 0x00000000e4500000| PB 0x00000000e4500000| Untracked 
|  70|0x00000000e4600000, 0x00000000e4600000, 0x00000000e4700000|  0%| F|  |TAMS 0x00000000e4600000| PB 0x00000000e4600000| Untracked 
|  71|0x00000000e4700000, 0x00000000e4700000, 0x00000000e4800000|  0%| F|  |TAMS 0x00000000e4700000| PB 0x00000000e4700000| Untracked 
|  72|0x00000000e4800000, 0x00000000e4800000, 0x00000000e4900000|  0%| F|  |TAMS 0x00000000e4800000| PB 0x00000000e4800000| Untracked 
|  73|0x00000000e4900000, 0x00000000e4900000, 0x00000000e4a00000|  0%| F|  |TAMS 0x00000000e4900000| PB 0x00000000e4900000| Untracked 
|  74|0x00000000e4a00000, 0x00000000e4a00000, 0x00000000e4b00000|  0%| F|  |TAMS 0x00000000e4a00000| PB 0x00000000e4a00000| Untracked 
|  75|0x00000000e4b00000, 0x00000000e4b00000, 0x00000000e4c00000|  0%| F|  |TAMS 0x00000000e4b00000| PB 0x00000000e4b00000| Untracked 
|  76|0x00000000e4c00000, 0x00000000e4c00000, 0x00000000e4d00000|  0%| F|  |TAMS 0x00000000e4c00000| PB 0x00000000e4c00000| Untracked 
|  77|0x00000000e4d00000, 0x00000000e4d00000, 0x00000000e4e00000|  0%| F|  |TAMS 0x00000000e4d00000| PB 0x00000000e4d00000| Untracked 
|  78|0x00000000e4e00000, 0x00000000e4e00000, 0x00000000e4f00000|  0%| F|  |TAMS 0x00000000e4e00000| PB 0x00000000e4e00000| Untracked 
|  79|0x00000000e4f00000, 0x00000000e4f00000, 0x00000000e5000000|  0%| F|  |TAMS 0x00000000e4f00000| PB 0x00000000e4f00000| Untracked 
|  80|0x00000000e5000000, 0x00000000e5000000, 0x00000000e5100000|  0%| F|  |TAMS 0x00000000e5000000| PB 0x00000000e5000000| Untracked 
|  81|0x00000000e5100000, 0x00000000e5100000, 0x00000000e5200000|  0%| F|  |TAMS 0x00000000e5100000| PB 0x00000000e5100000| Untracked 
|  82|0x00000000e5200000, 0x00000000e5200000, 0x00000000e5300000|  0%| F|  |TAMS 0x00000000e5200000| PB 0x00000000e5200000| Untracked 
|  83|0x00000000e5300000, 0x00000000e5300000, 0x00000000e5400000|  0%| F|  |TAMS 0x00000000e5300000| PB 0x00000000e5300000| Untracked 
|  84|0x00000000e5400000, 0x00000000e5400000, 0x00000000e5500000|  0%| F|  |TAMS 0x00000000e5400000| PB 0x00000000e5400000| Untracked 
|  85|0x00000000e5500000, 0x00000000e5500000, 0x00000000e5600000|  0%| F|  |TAMS 0x00000000e5500000| PB 0x00000000e5500000| Untracked 
|  86|0x00000000e5600000, 0x00000000e5600000, 0x00000000e5700000|  0%| F|  |TAMS 0x00000000e5600000| PB 0x00000000e5600000| Untracked 
|  87|0x00000000e5700000, 0x00000000e5700000, 0x00000000e5800000|  0%| F|  |TAMS 0x00000000e5700000| PB 0x00000000e5700000| Untracked 
|  88|0x00000000e5800000, 0x00000000e5800000, 0x00000000e5900000|  0%| F|  |TAMS 0x00000000e5800000| PB 0x00000000e5800000| Untracked 
|  89|0x00000000e5900000, 0x00000000e5900000, 0x00000000e5a00000|  0%| F|  |TAMS 0x00000000e5900000| PB 0x00000000e5900000| Untracked 
|  90|0x00000000e5a00000, 0x00000000e5a00000, 0x00000000e5b00000|  0%| F|  |TAMS 0x00000000e5a00000| PB 0x00000000e5a00000| Untracked 
|  91|0x00000000e5b00000, 0x00000000e5b00000, 0x00000000e5c00000|  0%| F|  |TAMS 0x00000000e5b00000| PB 0x00000000e5b00000| Untracked 
|  92|0x00000000e5c00000, 0x00000000e5c00000, 0x00000000e5d00000|  0%| F|  |TAMS 0x00000000e5c00000| PB 0x00000000e5c00000| Untracked 
|  93|0x00000000e5d00000, 0x00000000e5d00000, 0x00000000e5e00000|  0%| F|  |TAMS 0x00000000e5d00000| PB 0x00000000e5d00000| Untracked 
|  94|0x00000000e5e00000, 0x00000000e5e00000, 0x00000000e5f00000|  0%| F|  |TAMS 0x00000000e5e00000| PB 0x00000000e5e00000| Untracked 
|  95|0x00000000e5f00000, 0x00000000e5f00000, 0x00000000e6000000|  0%| F|  |TAMS 0x00000000e5f00000| PB 0x00000000e5f00000| Untracked 
|  96|0x00000000e6000000, 0x00000000e6000000, 0x00000000e6100000|  0%| F|  |TAMS 0x00000000e6000000| PB 0x00000000e6000000| Untracked 
|  97|0x00000000e6100000, 0x00000000e6100000, 0x00000000e6200000|  0%| F|  |TAMS 0x00000000e6100000| PB 0x00000000e6100000| Untracked 
|  98|0x00000000e6200000, 0x00000000e6200000, 0x00000000e6300000|  0%| F|  |TAMS 0x00000000e6200000| PB 0x00000000e6200000| Untracked 
|  99|0x00000000e6300000, 0x00000000e6300000, 0x00000000e6400000|  0%| F|  |TAMS 0x00000000e6300000| PB 0x00000000e6300000| Untracked 
| 100|0x00000000e6400000, 0x00000000e6400000, 0x00000000e6500000|  0%| F|  |TAMS 0x00000000e6400000| PB 0x00000000e6400000| Untracked 
| 101|0x00000000e6500000, 0x00000000e6500000, 0x00000000e6600000|  0%| F|  |TAMS 0x00000000e6500000| PB 0x00000000e6500000| Untracked 
| 102|0x00000000e6600000, 0x00000000e6600000, 0x00000000e6700000|  0%| F|  |TAMS 0x00000000e6600000| PB 0x00000000e6600000| Untracked 
| 103|0x00000000e6700000, 0x00000000e6700000, 0x00000000e6800000|  0%| F|  |TAMS 0x00000000e6700000| PB 0x00000000e6700000| Untracked 
| 104|0x00000000e6800000, 0x00000000e6800000, 0x00000000e6900000|  0%| F|  |TAMS 0x00000000e6800000| PB 0x00000000e6800000| Untracked 
| 105|0x00000000e6900000, 0x00000000e6900000, 0x00000000e6a00000|  0%| F|  |TAMS 0x00000000e6900000| PB 0x00000000e6900000| Untracked 
| 106|0x00000000e6a00000, 0x00000000e6a00000, 0x00000000e6b00000|  0%| F|  |TAMS 0x00000000e6a00000| PB 0x00000000e6a00000| Untracked 
| 107|0x00000000e6b00000, 0x00000000e6b00000, 0x00000000e6c00000|  0%| F|  |TAMS 0x00000000e6b00000| PB 0x00000000e6b00000| Untracked 
| 108|0x00000000e6c00000, 0x00000000e6c00000, 0x00000000e6d00000|  0%| F|  |TAMS 0x00000000e6c00000| PB 0x00000000e6c00000| Untracked 
| 109|0x00000000e6d00000, 0x00000000e6d00000, 0x00000000e6e00000|  0%| F|  |TAMS 0x00000000e6d00000| PB 0x00000000e6d00000| Untracked 
| 110|0x00000000e6e00000, 0x00000000e6e00000, 0x00000000e6f00000|  0%| F|  |TAMS 0x00000000e6e00000| PB 0x00000000e6e00000| Untracked 
| 111|0x00000000e6f00000, 0x00000000e6f00000, 0x00000000e7000000|  0%| F|  |TAMS 0x00000000e6f00000| PB 0x00000000e6f00000| Untracked 
| 112|0x00000000e7000000, 0x00000000e7000000, 0x00000000e7100000|  0%| F|  |TAMS 0x00000000e7000000| PB 0x00000000e7000000| Untracked 
| 113|0x00000000e7100000, 0x00000000e7100000, 0x00000000e7200000|  0%| F|  |TAMS 0x00000000e7100000| PB 0x00000000e7100000| Untracked 
| 114|0x00000000e7200000, 0x00000000e7200000, 0x00000000e7300000|  0%| F|  |TAMS 0x00000000e7200000| PB 0x00000000e7200000| Untracked 
| 115|0x00000000e7300000, 0x00000000e7300000, 0x00000000e7400000|  0%| F|  |TAMS 0x00000000e7300000| PB 0x00000000e7300000| Untracked 
| 116|0x00000000e7400000, 0x00000000e7400000, 0x00000000e7500000|  0%| F|  |TAMS 0x00000000e7400000| PB 0x00000000e7400000| Untracked 
| 117|0x00000000e7500000, 0x00000000e7500000, 0x00000000e7600000|  0%| F|  |TAMS 0x00000000e7500000| PB 0x00000000e7500000| Untracked 
| 118|0x00000000e7600000, 0x00000000e7600000, 0x00000000e7700000|  0%| F|  |TAMS 0x00000000e7600000| PB 0x00000000e7600000| Untracked 
| 119|0x00000000e7700000, 0x00000000e7700000, 0x00000000e7800000|  0%| F|  |TAMS 0x00000000e7700000| PB 0x00000000e7700000| Untracked 
| 120|0x00000000e7800000, 0x00000000e7800000, 0x00000000e7900000|  0%| F|  |TAMS 0x00000000e7800000| PB 0x00000000e7800000| Untracked 
| 121|0x00000000e7900000, 0x00000000e7900000, 0x00000000e7a00000|  0%| F|  |TAMS 0x00000000e7900000| PB 0x00000000e7900000| Untracked 
| 122|0x00000000e7a00000, 0x00000000e7a00000, 0x00000000e7b00000|  0%| F|  |TAMS 0x00000000e7a00000| PB 0x00000000e7a00000| Untracked 
| 123|0x00000000e7b00000, 0x00000000e7b00000, 0x00000000e7c00000|  0%| F|  |TAMS 0x00000000e7b00000| PB 0x00000000e7b00000| Untracked 
| 124|0x00000000e7c00000, 0x00000000e7c00000, 0x00000000e7d00000|  0%| F|  |TAMS 0x00000000e7c00000| PB 0x00000000e7c00000| Untracked 
| 125|0x00000000e7d00000, 0x00000000e7d00000, 0x00000000e7e00000|  0%| F|  |TAMS 0x00000000e7d00000| PB 0x00000000e7d00000| Untracked 
| 126|0x00000000e7e00000, 0x00000000e7e00000, 0x00000000e7f00000|  0%| F|  |TAMS 0x00000000e7e00000| PB 0x00000000e7e00000| Untracked 
| 127|0x00000000e7f00000, 0x00000000e7f00000, 0x00000000e8000000|  0%| F|  |TAMS 0x00000000e7f00000| PB 0x00000000e7f00000| Untracked 
| 128|0x00000000e8000000, 0x00000000e8000000, 0x00000000e8100000|  0%| F|  |TAMS 0x00000000e8000000| PB 0x00000000e8000000| Untracked 
| 129|0x00000000e8100000, 0x00000000e8100000, 0x00000000e8200000|  0%| F|  |TAMS 0x00000000e8100000| PB 0x00000000e8100000| Untracked 
| 130|0x00000000e8200000, 0x00000000e8200000, 0x00000000e8300000|  0%| F|  |TAMS 0x00000000e8200000| PB 0x00000000e8200000| Untracked 
| 131|0x00000000e8300000, 0x00000000e8300000, 0x00000000e8400000|  0%| F|  |TAMS 0x00000000e8300000| PB 0x00000000e8300000| Untracked 
| 132|0x00000000e8400000, 0x00000000e8400000, 0x00000000e8500000|  0%| F|  |TAMS 0x00000000e8400000| PB 0x00000000e8400000| Untracked 
| 133|0x00000000e8500000, 0x00000000e8500000, 0x00000000e8600000|  0%| F|  |TAMS 0x00000000e8500000| PB 0x00000000e8500000| Untracked 
| 134|0x00000000e8600000, 0x00000000e8600000, 0x00000000e8700000|  0%| F|  |TAMS 0x00000000e8600000| PB 0x00000000e8600000| Untracked 
| 135|0x00000000e8700000, 0x00000000e8700000, 0x00000000e8800000|  0%| F|  |TAMS 0x00000000e8700000| PB 0x00000000e8700000| Untracked 
| 136|0x00000000e8800000, 0x00000000e8800000, 0x00000000e8900000|  0%| F|  |TAMS 0x00000000e8800000| PB 0x00000000e8800000| Untracked 
| 137|0x00000000e8900000, 0x00000000e8900000, 0x00000000e8a00000|  0%| F|  |TAMS 0x00000000e8900000| PB 0x00000000e8900000| Untracked 
| 138|0x00000000e8a00000, 0x00000000e8a00000, 0x00000000e8b00000|  0%| F|  |TAMS 0x00000000e8a00000| PB 0x00000000e8a00000| Untracked 
| 139|0x00000000e8b00000, 0x00000000e8b00000, 0x00000000e8c00000|  0%| F|  |TAMS 0x00000000e8b00000| PB 0x00000000e8b00000| Untracked 
| 140|0x00000000e8c00000, 0x00000000e8c00000, 0x00000000e8d00000|  0%| F|  |TAMS 0x00000000e8c00000| PB 0x00000000e8c00000| Untracked 
| 141|0x00000000e8d00000, 0x00000000e8d00000, 0x00000000e8e00000|  0%| F|  |TAMS 0x00000000e8d00000| PB 0x00000000e8d00000| Untracked 
| 142|0x00000000e8e00000, 0x00000000e8e00000, 0x00000000e8f00000|  0%| F|  |TAMS 0x00000000e8e00000| PB 0x00000000e8e00000| Untracked 
| 143|0x00000000e8f00000, 0x00000000e8f00000, 0x00000000e9000000|  0%| F|  |TAMS 0x00000000e8f00000| PB 0x00000000e8f00000| Untracked 
| 144|0x00000000e9000000, 0x00000000e9000000, 0x00000000e9100000|  0%| F|  |TAMS 0x00000000e9000000| PB 0x00000000e9000000| Untracked 
| 145|0x00000000e9100000, 0x00000000e9100000, 0x00000000e9200000|  0%| F|  |TAMS 0x00000000e9100000| PB 0x00000000e9100000| Untracked 
| 146|0x00000000e9200000, 0x00000000e9200000, 0x00000000e9300000|  0%| F|  |TAMS 0x00000000e9200000| PB 0x00000000e9200000| Untracked 
| 147|0x00000000e9300000, 0x00000000e9300000, 0x00000000e9400000|  0%| F|  |TAMS 0x00000000e9300000| PB 0x00000000e9300000| Untracked 
| 148|0x00000000e9400000, 0x00000000e9400000, 0x00000000e9500000|  0%| F|  |TAMS 0x00000000e9400000| PB 0x00000000e9400000| Untracked 
| 149|0x00000000e9500000, 0x00000000e95ffe10, 0x00000000e9600000| 99%| S|CS|TAMS 0x00000000e9500000| PB 0x00000000e9500000| Complete 
| 150|0x00000000e9600000, 0x00000000e9700000, 0x00000000e9700000|100%| S|CS|TAMS 0x00000000e9600000| PB 0x00000000e9600000| Complete 
| 151|0x00000000e9700000, 0x00000000e9800000, 0x00000000e9800000|100%| S|CS|TAMS 0x00000000e9700000| PB 0x00000000e9700000| Complete 
| 152|0x00000000e9800000, 0x00000000e9900000, 0x00000000e9900000|100%| S|CS|TAMS 0x00000000e9800000| PB 0x00000000e9800000| Complete 
| 153|0x00000000e9900000, 0x00000000e9a00000, 0x00000000e9a00000|100%| S|CS|TAMS 0x00000000e9900000| PB 0x00000000e9900000| Complete 
| 154|0x00000000e9a00000, 0x00000000e9b00000, 0x00000000e9b00000|100%| S|CS|TAMS 0x00000000e9a00000| PB 0x00000000e9a00000| Complete 
| 155|0x00000000e9b00000, 0x00000000e9c00000, 0x00000000e9c00000|100%| S|CS|TAMS 0x00000000e9b00000| PB 0x00000000e9b00000| Complete 
| 156|0x00000000e9c00000, 0x00000000e9d00000, 0x00000000e9d00000|100%| S|CS|TAMS 0x00000000e9c00000| PB 0x00000000e9c00000| Complete 
| 157|0x00000000e9d00000, 0x00000000e9e00000, 0x00000000e9e00000|100%| S|CS|TAMS 0x00000000e9d00000| PB 0x00000000e9d00000| Complete 
| 158|0x00000000e9e00000, 0x00000000e9f00000, 0x00000000e9f00000|100%| S|CS|TAMS 0x00000000e9e00000| PB 0x00000000e9e00000| Complete 
| 159|0x00000000e9f00000, 0x00000000ea000000, 0x00000000ea000000|100%| S|CS|TAMS 0x00000000e9f00000| PB 0x00000000e9f00000| Complete 
| 160|0x00000000ea000000, 0x00000000ea100000, 0x00000000ea100000|100%| S|CS|TAMS 0x00000000ea000000| PB 0x00000000ea000000| Complete 
| 161|0x00000000ea100000, 0x00000000ea200000, 0x00000000ea200000|100%| S|CS|TAMS 0x00000000ea100000| PB 0x00000000ea100000| Complete 
| 162|0x00000000ea200000, 0x00000000ea200000, 0x00000000ea300000|  0%| F|  |TAMS 0x00000000ea200000| PB 0x00000000ea200000| Untracked 
| 163|0x00000000ea300000, 0x00000000ea300000, 0x00000000ea400000|  0%| F|  |TAMS 0x00000000ea300000| PB 0x00000000ea300000| Untracked 
| 164|0x00000000ea400000, 0x00000000ea400000, 0x00000000ea500000|  0%| F|  |TAMS 0x00000000ea400000| PB 0x00000000ea400000| Untracked 
| 165|0x00000000ea500000, 0x00000000ea500000, 0x00000000ea600000|  0%| F|  |TAMS 0x00000000ea500000| PB 0x00000000ea500000| Untracked 
| 166|0x00000000ea600000, 0x00000000ea600000, 0x00000000ea700000|  0%| F|  |TAMS 0x00000000ea600000| PB 0x00000000ea600000| Untracked 
| 167|0x00000000ea700000, 0x00000000ea700000, 0x00000000ea800000|  0%| F|  |TAMS 0x00000000ea700000| PB 0x00000000ea700000| Untracked 
| 168|0x00000000ea800000, 0x00000000ea800000, 0x00000000ea900000|  0%| F|  |TAMS 0x00000000ea800000| PB 0x00000000ea800000| Untracked 
| 169|0x00000000ea900000, 0x00000000ea900000, 0x00000000eaa00000|  0%| F|  |TAMS 0x00000000ea900000| PB 0x00000000ea900000| Untracked 
| 170|0x00000000eaa00000, 0x00000000eaa00000, 0x00000000eab00000|  0%| F|  |TAMS 0x00000000eaa00000| PB 0x00000000eaa00000| Untracked 
| 171|0x00000000eab00000, 0x00000000eab00000, 0x00000000eac00000|  0%| F|  |TAMS 0x00000000eab00000| PB 0x00000000eab00000| Untracked 
| 172|0x00000000eac00000, 0x00000000eac00000, 0x00000000ead00000|  0%| F|  |TAMS 0x00000000eac00000| PB 0x00000000eac00000| Untracked 
| 173|0x00000000ead00000, 0x00000000ead00000, 0x00000000eae00000|  0%| F|  |TAMS 0x00000000ead00000| PB 0x00000000ead00000| Untracked 
| 174|0x00000000eae00000, 0x00000000eae00000, 0x00000000eaf00000|  0%| F|  |TAMS 0x00000000eae00000| PB 0x00000000eae00000| Untracked 
| 175|0x00000000eaf00000, 0x00000000eaf00000, 0x00000000eb000000|  0%| F|  |TAMS 0x00000000eaf00000| PB 0x00000000eaf00000| Untracked 
| 176|0x00000000eb000000, 0x00000000eb000000, 0x00000000eb100000|  0%| F|  |TAMS 0x00000000eb000000| PB 0x00000000eb000000| Untracked 
| 177|0x00000000eb100000, 0x00000000eb100000, 0x00000000eb200000|  0%| F|  |TAMS 0x00000000eb100000| PB 0x00000000eb100000| Untracked 
| 178|0x00000000eb200000, 0x00000000eb200000, 0x00000000eb300000|  0%| F|  |TAMS 0x00000000eb200000| PB 0x00000000eb200000| Untracked 
| 179|0x00000000eb300000, 0x00000000eb300000, 0x00000000eb400000|  0%| F|  |TAMS 0x00000000eb300000| PB 0x00000000eb300000| Untracked 
| 180|0x00000000eb400000, 0x00000000eb400000, 0x00000000eb500000|  0%| F|  |TAMS 0x00000000eb400000| PB 0x00000000eb400000| Untracked 
| 181|0x00000000eb500000, 0x00000000eb500000, 0x00000000eb600000|  0%| F|  |TAMS 0x00000000eb500000| PB 0x00000000eb500000| Untracked 
| 182|0x00000000eb600000, 0x00000000eb600000, 0x00000000eb700000|  0%| F|  |TAMS 0x00000000eb600000| PB 0x00000000eb600000| Untracked 
| 183|0x00000000eb700000, 0x00000000eb700000, 0x00000000eb800000|  0%| F|  |TAMS 0x00000000eb700000| PB 0x00000000eb700000| Untracked 
| 184|0x00000000eb800000, 0x00000000eb800000, 0x00000000eb900000|  0%| F|  |TAMS 0x00000000eb800000| PB 0x00000000eb800000| Untracked 
| 185|0x00000000eb900000, 0x00000000eb900000, 0x00000000eba00000|  0%| F|  |TAMS 0x00000000eb900000| PB 0x00000000eb900000| Untracked 
| 186|0x00000000eba00000, 0x00000000eba00000, 0x00000000ebb00000|  0%| F|  |TAMS 0x00000000eba00000| PB 0x00000000eba00000| Untracked 
| 187|0x00000000ebb00000, 0x00000000ebb00000, 0x00000000ebc00000|  0%| F|  |TAMS 0x00000000ebb00000| PB 0x00000000ebb00000| Untracked 
| 188|0x00000000ebc00000, 0x00000000ebc00000, 0x00000000ebd00000|  0%| F|  |TAMS 0x00000000ebc00000| PB 0x00000000ebc00000| Untracked 
| 189|0x00000000ebd00000, 0x00000000ebd00000, 0x00000000ebe00000|  0%| F|  |TAMS 0x00000000ebd00000| PB 0x00000000ebd00000| Untracked 
| 190|0x00000000ebe00000, 0x00000000ebe00000, 0x00000000ebf00000|  0%| F|  |TAMS 0x00000000ebe00000| PB 0x00000000ebe00000| Untracked 
| 191|0x00000000ebf00000, 0x00000000ebf00000, 0x00000000ec000000|  0%| F|  |TAMS 0x00000000ebf00000| PB 0x00000000ebf00000| Untracked 
| 192|0x00000000ec000000, 0x00000000ec000000, 0x00000000ec100000|  0%| F|  |TAMS 0x00000000ec000000| PB 0x00000000ec000000| Untracked 
| 193|0x00000000ec100000, 0x00000000ec100000, 0x00000000ec200000|  0%| F|  |TAMS 0x00000000ec100000| PB 0x00000000ec100000| Untracked 
| 194|0x00000000ec200000, 0x00000000ec200000, 0x00000000ec300000|  0%| F|  |TAMS 0x00000000ec200000| PB 0x00000000ec200000| Untracked 
| 195|0x00000000ec300000, 0x00000000ec300000, 0x00000000ec400000|  0%| F|  |TAMS 0x00000000ec300000| PB 0x00000000ec300000| Untracked 
| 196|0x00000000ec400000, 0x00000000ec400000, 0x00000000ec500000|  0%| F|  |TAMS 0x00000000ec400000| PB 0x00000000ec400000| Untracked 
| 197|0x00000000ec500000, 0x00000000ec500000, 0x00000000ec600000|  0%| F|  |TAMS 0x00000000ec500000| PB 0x00000000ec500000| Untracked 
| 198|0x00000000ec600000, 0x00000000ec600000, 0x00000000ec700000|  0%| F|  |TAMS 0x00000000ec600000| PB 0x00000000ec600000| Untracked 
| 199|0x00000000ec700000, 0x00000000ec700000, 0x00000000ec800000|  0%| F|  |TAMS 0x00000000ec700000| PB 0x00000000ec700000| Untracked 
| 200|0x00000000ec800000, 0x00000000ec800000, 0x00000000ec900000|  0%| F|  |TAMS 0x00000000ec800000| PB 0x00000000ec800000| Untracked 
| 201|0x00000000ec900000, 0x00000000ec900000, 0x00000000eca00000|  0%| F|  |TAMS 0x00000000ec900000| PB 0x00000000ec900000| Untracked 
| 202|0x00000000eca00000, 0x00000000eca00000, 0x00000000ecb00000|  0%| F|  |TAMS 0x00000000eca00000| PB 0x00000000eca00000| Untracked 
| 203|0x00000000ecb00000, 0x00000000ecb00000, 0x00000000ecc00000|  0%| F|  |TAMS 0x00000000ecb00000| PB 0x00000000ecb00000| Untracked 
| 204|0x00000000ecc00000, 0x00000000ecc00000, 0x00000000ecd00000|  0%| F|  |TAMS 0x00000000ecc00000| PB 0x00000000ecc00000| Untracked 
| 205|0x00000000ecd00000, 0x00000000ecd80000, 0x00000000ece00000| 50%| E|  |TAMS 0x00000000ecd00000| PB 0x00000000ecd00000| Complete 
| 206|0x00000000ece00000, 0x00000000ecf00000, 0x00000000ecf00000|100%| E|CS|TAMS 0x00000000ece00000| PB 0x00000000ece00000| Complete 
| 207|0x00000000ecf00000, 0x00000000ed000000, 0x00000000ed000000|100%| E|CS|TAMS 0x00000000ecf00000| PB 0x00000000ecf00000| Complete 
| 208|0x00000000ed000000, 0x00000000ed100000, 0x00000000ed100000|100%| E|CS|TAMS 0x00000000ed000000| PB 0x00000000ed000000| Complete 
| 209|0x00000000ed100000, 0x00000000ed200000, 0x00000000ed200000|100%| E|CS|TAMS 0x00000000ed100000| PB 0x00000000ed100000| Complete 
| 210|0x00000000ed200000, 0x00000000ed300000, 0x00000000ed300000|100%| E|CS|TAMS 0x00000000ed200000| PB 0x00000000ed200000| Complete 
| 211|0x00000000ed300000, 0x00000000ed400000, 0x00000000ed400000|100%| E|CS|TAMS 0x00000000ed300000| PB 0x00000000ed300000| Complete 
| 212|0x00000000ed400000, 0x00000000ed500000, 0x00000000ed500000|100%| E|CS|TAMS 0x00000000ed400000| PB 0x00000000ed400000| Complete 
| 213|0x00000000ed500000, 0x00000000ed600000, 0x00000000ed600000|100%| E|CS|TAMS 0x00000000ed500000| PB 0x00000000ed500000| Complete 
| 214|0x00000000ed600000, 0x00000000ed700000, 0x00000000ed700000|100%| E|CS|TAMS 0x00000000ed600000| PB 0x00000000ed600000| Complete 
| 215|0x00000000ed700000, 0x00000000ed800000, 0x00000000ed800000|100%| E|CS|TAMS 0x00000000ed700000| PB 0x00000000ed700000| Complete 
| 216|0x00000000ed800000, 0x00000000ed900000, 0x00000000ed900000|100%| E|CS|TAMS 0x00000000ed800000| PB 0x00000000ed800000| Complete 
| 217|0x00000000ed900000, 0x00000000eda00000, 0x00000000eda00000|100%| E|CS|TAMS 0x00000000ed900000| PB 0x00000000ed900000| Complete 
| 218|0x00000000eda00000, 0x00000000edb00000, 0x00000000edb00000|100%| E|CS|TAMS 0x00000000eda00000| PB 0x00000000eda00000| Complete 
| 219|0x00000000edb00000, 0x00000000edc00000, 0x00000000edc00000|100%| E|CS|TAMS 0x00000000edb00000| PB 0x00000000edb00000| Complete 
| 220|0x00000000edc00000, 0x00000000edd00000, 0x00000000edd00000|100%| E|CS|TAMS 0x00000000edc00000| PB 0x00000000edc00000| Complete 
| 221|0x00000000edd00000, 0x00000000ede00000, 0x00000000ede00000|100%| E|CS|TAMS 0x00000000edd00000| PB 0x00000000edd00000| Complete 
| 222|0x00000000ede00000, 0x00000000edf00000, 0x00000000edf00000|100%| E|CS|TAMS 0x00000000ede00000| PB 0x00000000ede00000| Complete 
| 223|0x00000000edf00000, 0x00000000ee000000, 0x00000000ee000000|100%| E|CS|TAMS 0x00000000edf00000| PB 0x00000000edf00000| Complete 
| 224|0x00000000ee000000, 0x00000000ee100000, 0x00000000ee100000|100%| E|CS|TAMS 0x00000000ee000000| PB 0x00000000ee000000| Complete 
| 225|0x00000000ee100000, 0x00000000ee200000, 0x00000000ee200000|100%| E|CS|TAMS 0x00000000ee100000| PB 0x00000000ee100000| Complete 
| 226|0x00000000ee200000, 0x00000000ee300000, 0x00000000ee300000|100%| E|CS|TAMS 0x00000000ee200000| PB 0x00000000ee200000| Complete 
| 227|0x00000000ee300000, 0x00000000ee400000, 0x00000000ee400000|100%| E|CS|TAMS 0x00000000ee300000| PB 0x00000000ee300000| Complete 
| 228|0x00000000ee400000, 0x00000000ee500000, 0x00000000ee500000|100%| E|CS|TAMS 0x00000000ee400000| PB 0x00000000ee400000| Complete 
| 229|0x00000000ee500000, 0x00000000ee600000, 0x00000000ee600000|100%| E|CS|TAMS 0x00000000ee500000| PB 0x00000000ee500000| Complete 
| 230|0x00000000ee600000, 0x00000000ee700000, 0x00000000ee700000|100%| E|CS|TAMS 0x00000000ee600000| PB 0x00000000ee600000| Complete 
| 231|0x00000000ee700000, 0x00000000ee800000, 0x00000000ee800000|100%| E|CS|TAMS 0x00000000ee700000| PB 0x00000000ee700000| Complete 
| 232|0x00000000ee800000, 0x00000000ee900000, 0x00000000ee900000|100%| E|CS|TAMS 0x00000000ee800000| PB 0x00000000ee800000| Complete 
| 233|0x00000000ee900000, 0x00000000eea00000, 0x00000000eea00000|100%| E|CS|TAMS 0x00000000ee900000| PB 0x00000000ee900000| Complete 
| 234|0x00000000eea00000, 0x00000000eeb00000, 0x00000000eeb00000|100%| E|CS|TAMS 0x00000000eea00000| PB 0x00000000eea00000| Complete 
| 235|0x00000000eeb00000, 0x00000000eec00000, 0x00000000eec00000|100%| E|CS|TAMS 0x00000000eeb00000| PB 0x00000000eeb00000| Complete 
| 236|0x00000000eec00000, 0x00000000eed00000, 0x00000000eed00000|100%| E|CS|TAMS 0x00000000eec00000| PB 0x00000000eec00000| Complete 
| 237|0x00000000eed00000, 0x00000000eee00000, 0x00000000eee00000|100%| E|CS|TAMS 0x00000000eed00000| PB 0x00000000eed00000| Complete 
| 238|0x00000000eee00000, 0x00000000eef00000, 0x00000000eef00000|100%| E|  |TAMS 0x00000000eee00000| PB 0x00000000eee00000| Complete 
| 239|0x00000000eef00000, 0x00000000ef000000, 0x00000000ef000000|100%| E|CS|TAMS 0x00000000eef00000| PB 0x00000000eef00000| Complete 
| 240|0x00000000ef000000, 0x00000000ef100000, 0x00000000ef100000|100%| E|CS|TAMS 0x00000000ef000000| PB 0x00000000ef000000| Complete 
| 241|0x00000000ef100000, 0x00000000ef200000, 0x00000000ef200000|100%| E|CS|TAMS 0x00000000ef100000| PB 0x00000000ef100000| Complete 
| 242|0x00000000ef200000, 0x00000000ef300000, 0x00000000ef300000|100%| E|CS|TAMS 0x00000000ef200000| PB 0x00000000ef200000| Complete 
| 243|0x00000000ef300000, 0x00000000ef400000, 0x00000000ef400000|100%| E|CS|TAMS 0x00000000ef300000| PB 0x00000000ef300000| Complete 
| 244|0x00000000ef400000, 0x00000000ef500000, 0x00000000ef500000|100%| E|CS|TAMS 0x00000000ef400000| PB 0x00000000ef400000| Complete 
| 245|0x00000000ef500000, 0x00000000ef600000, 0x00000000ef600000|100%| E|CS|TAMS 0x00000000ef500000| PB 0x00000000ef500000| Complete 
| 246|0x00000000ef600000, 0x00000000ef700000, 0x00000000ef700000|100%| E|CS|TAMS 0x00000000ef600000| PB 0x00000000ef600000| Complete 
| 247|0x00000000ef700000, 0x00000000ef800000, 0x00000000ef800000|100%| E|CS|TAMS 0x00000000ef700000| PB 0x00000000ef700000| Complete 
| 248|0x00000000ef800000, 0x00000000ef900000, 0x00000000ef900000|100%| E|CS|TAMS 0x00000000ef800000| PB 0x00000000ef800000| Complete 
| 249|0x00000000ef900000, 0x00000000efa00000, 0x00000000efa00000|100%| E|CS|TAMS 0x00000000ef900000| PB 0x00000000ef900000| Complete 
| 250|0x00000000efa00000, 0x00000000efb00000, 0x00000000efb00000|100%| E|CS|TAMS 0x00000000efa00000| PB 0x00000000efa00000| Complete 
| 251|0x00000000efb00000, 0x00000000efc00000, 0x00000000efc00000|100%| E|CS|TAMS 0x00000000efb00000| PB 0x00000000efb00000| Complete 
| 252|0x00000000efc00000, 0x00000000efd00000, 0x00000000efd00000|100%| E|CS|TAMS 0x00000000efc00000| PB 0x00000000efc00000| Complete 
| 253|0x00000000efd00000, 0x00000000efe00000, 0x00000000efe00000|100%| E|CS|TAMS 0x00000000efd00000| PB 0x00000000efd00000| Complete 
| 254|0x00000000efe00000, 0x00000000eff00000, 0x00000000eff00000|100%| E|CS|TAMS 0x00000000efe00000| PB 0x00000000efe00000| Complete 
| 255|0x00000000eff00000, 0x00000000f0000000, 0x00000000f0000000|100%| E|CS|TAMS 0x00000000eff00000| PB 0x00000000eff00000| Complete 

Card table byte_map: [0x000002563d920000,0x000002563da20000] _byte_map_base: 0x000002563d220000

Marking Bits: (CMBitMap*) 0x000002562b0eee30
 Bits: [0x000002563da20000, 0x000002563e220000)

Polling page: 0x0000025628f10000

Metaspace:

Usage:
  Non-class:     22.38 MB used.
      Class:      4.02 MB used.
       Both:     26.40 MB used.

Virtual space:
  Non-class space:       64.00 MB reserved,      22.94 MB ( 36%) committed,  1 nodes.
      Class space:      320.00 MB reserved,       4.50 MB (  1%) committed,  1 nodes.
             Both:      384.00 MB reserved,      27.44 MB (  7%) committed. 

Chunk freelists:
   Non-Class:  8.16 MB
       Class:  11.31 MB
        Both:  19.47 MB

MaxMetaspaceSize: 384.00 MB
CompressedClassSpaceSize: 320.00 MB
Initial GC threshold: 21.00 MB
Current GC threshold: 35.31 MB
CDS: on
 - commit_granule_bytes: 65536.
 - commit_granule_words: 8192.
 - virtual_space_node_default_size: 8388608.
 - enlarge_chunks_in_place: 1.
 - use_allocation_guard: 0.


Internal statistics:

num_allocs_failed_limit: 3.
num_arena_births: 1742.
num_arena_deaths: 0.
num_vsnodes_births: 2.
num_vsnodes_deaths: 0.
num_space_committed: 439.
num_space_uncommitted: 0.
num_chunks_returned_to_freelist: 3.
num_chunks_taken_from_freelist: 2983.
num_chunk_merges: 3.
num_chunk_splits: 1906.
num_chunks_enlarged: 1183.
num_inconsistent_stats: 0.

CodeHeap 'non-profiled nmethods': size=120000Kb used=2117Kb max_used=2117Kb free=117882Kb
 bounds [0x0000025635d90000, 0x0000025636000000, 0x000002563d2c0000]
CodeHeap 'profiled nmethods': size=120000Kb used=7472Kb max_used=7472Kb free=112527Kb
 bounds [0x000002562e2c0000, 0x000002562ea10000, 0x00000256357f0000]
CodeHeap 'non-nmethods': size=5760Kb used=1432Kb max_used=1462Kb free=4327Kb
 bounds [0x00000256357f0000, 0x0000025635a60000, 0x0000025635d90000]
CodeCache: size=245760Kb, used=11021Kb, max_used=11051Kb, free=234736Kb
 total_blobs=4256, nmethods=3670, adapters=490, full_count=0
Compilation: enabled, stopped_count=0, restarted_count=0

Compilation events (20 events):
Event: 32.375 Thread 0x000002565a00c960 3668       3       java.lang.invoke.MethodHandle::bindArgumentL (10 bytes)
Event: 32.375 Thread 0x000002565a00c960 nmethod 3668 0x000002562ea07d10 code [0x000002562ea07f20, 0x000002562ea085a8]
Event: 32.375 Thread 0x000002565a00c960 3667       1       java.lang.invoke.MethodHandle::internalForm (5 bytes)
Event: 32.375 Thread 0x000002565a00c960 nmethod 3667 0x0000025635f9f110 code [0x0000025635f9f2a0, 0x0000025635f9f368]
Event: 32.378 Thread 0x000002565a00c960 3669       1       java.util.stream.Collectors$CollectorImpl::characteristics (5 bytes)
Event: 32.378 Thread 0x000002565a00c960 nmethod 3669 0x0000025635f9f410 code [0x0000025635f9f5a0, 0x0000025635f9f668]
Event: 32.378 Thread 0x000002565a00c960 3670       3       sun.management.spi.PlatformMBeanProvider$PlatformComponent::getMBeans (87 bytes)
Event: 32.380 Thread 0x000002565a00c960 nmethod 3670 0x000002562ea08810 code [0x000002562ea08ba0, 0x000002562ea0a218]
Event: 32.590 Thread 0x000002565a00c960 3671       3       jdk.internal.org.objectweb.asm.SymbolTable$Entry::<init> (18 bytes)
Event: 32.590 Thread 0x000002565a00c960 nmethod 3671 0x000002562ea0a910 code [0x000002562ea0aac0, 0x000002562ea0ac38]
Event: 32.825 Thread 0x000002565a005f00 3672       4       java.lang.invoke.InvokerBytecodeGenerator::<init> (80 bytes)
Event: 32.839 Thread 0x000002565a00c960 3673       3       java.lang.invoke.LambdaForm$DMH/0x00000256421dcc00::invokeStatic (31 bytes)
Event: 32.839 Thread 0x000002565a00c960 nmethod 3673 0x000002562ea0ad10 code [0x000002562ea0aee0, 0x000002562ea0b350]
Event: 32.854 Thread 0x000002565a00c960 3674       3       sun.invoke.util.VerifyAccess$1::<init> (15 bytes)
Event: 32.854 Thread 0x000002565a00c960 nmethod 3674 0x000002562ea0b490 code [0x000002562ea0b640, 0x000002562ea0b860]
Event: 32.854 Thread 0x000002565a00c960 3675       3       sun.invoke.util.VerifyAccess$1::run (5 bytes)
Event: 32.854 Thread 0x000002565a00c960 nmethod 3675 0x000002562ea0b910 code [0x000002562ea0bac0, 0x000002562ea0bcd0]
Event: 32.854 Thread 0x000002565a00c960 3676   !   3       sun.invoke.util.VerifyAccess$1::run (16 bytes)
Event: 32.854 Thread 0x000002565a00c960 nmethod 3676 0x000002562ea0be10 code [0x000002562ea0bfc0, 0x000002562ea0c160]
Event: 32.873 Thread 0x000002565a005f00 nmethod 3672 0x0000025635f9f710 code [0x0000025635f9f960, 0x0000025635fa0b98]

GC Heap History (8 events):
Event: 1.558 GC heap before
{Heap before GC invocations=0 (full 0):
 garbage-first heap   total 262144K, used 26624K [0x00000000e0000000, 0x0000000100000000)
  region size 1024K, 23 young (23552K), 0 survivors (0K)
 Metaspace       used 1140K, committed 1280K, reserved 393216K
  class space    used 81K, committed 128K, reserved 327680K
}
Event: 1.770 GC heap after
{Heap after GC invocations=1 (full 0):
 garbage-first heap   total 262144K, used 9429K [0x00000000e0000000, 0x0000000100000000)
  region size 1024K, 3 young (3072K), 3 survivors (3072K)
 Metaspace       used 1140K, committed 1280K, reserved 393216K
  class space    used 81K, committed 128K, reserved 327680K
}
Event: 4.220 GC heap before
{Heap before GC invocations=1 (full 0):
 garbage-first heap   total 262144K, used 41173K [0x00000000e0000000, 0x0000000100000000)
  region size 1024K, 34 young (34816K), 3 survivors (3072K)
 Metaspace       used 4303K, committed 4480K, reserved 393216K
  class space    used 542K, committed 640K, reserved 327680K
}
Event: 4.225 GC heap after
{Heap after GC invocations=2 (full 0):
 garbage-first heap   total 262144K, used 12101K [0x00000000e0000000, 0x0000000100000000)
  region size 1024K, 3 young (3072K), 3 survivors (3072K)
 Metaspace       used 4303K, committed 4480K, reserved 393216K
  class space    used 542K, committed 640K, reserved 327680K
}
Event: 6.572 GC heap before
{Heap before GC invocations=2 (full 0):
 garbage-first heap   total 262144K, used 58181K [0x00000000e0000000, 0x0000000100000000)
  region size 1024K, 47 young (48128K), 3 survivors (3072K)
 Metaspace       used 5727K, committed 5952K, reserved 393216K
  class space    used 767K, committed 832K, reserved 327680K
}
Event: 6.580 GC heap after
{Heap after GC invocations=3 (full 0):
 garbage-first heap   total 262144K, used 18389K [0x00000000e0000000, 0x0000000100000000)
  region size 1024K, 6 young (6144K), 6 survivors (6144K)
 Metaspace       used 5727K, committed 5952K, reserved 393216K
  class space    used 767K, committed 832K, reserved 327680K
}
Event: 21.508 GC heap before
{Heap before GC invocations=3 (full 0):
 garbage-first heap   total 262144K, used 107477K [0x00000000e0000000, 0x0000000100000000)
  region size 1024K, 94 young (96256K), 6 survivors (6144K)
 Metaspace       used 20859K, committed 21504K, reserved 393216K
  class space    used 3067K, committed 3392K, reserved 327680K
}
Event: 21.840 GC heap after
{Heap after GC invocations=4 (full 0):
 garbage-first heap   total 262144K, used 25556K [0x00000000e0000000, 0x0000000100000000)
  region size 1024K, 13 young (13312K), 13 survivors (13312K)
 Metaspace       used 20859K, committed 21504K, reserved 393216K
  class space    used 3067K, committed 3392K, reserved 327680K
}

Dll operation events (20 events):
Event: 0.564 Attempting to load shared library C:\Users\Lucas Hernandez\.vscode\extensions\redhat.java-1.56.0-win32-x64\jre\21.0.12.1-win32-x86_64\bin\nio.dll
Event: 0.565 Loaded shared library C:\Users\Lucas Hernandez\.vscode\extensions\redhat.java-1.56.0-win32-x64\jre\21.0.12.1-win32-x86_64\bin\nio.dll
Event: 0.573 Attempting to load shared library C:\Users\Lucas Hernandez\.vscode\extensions\redhat.java-1.56.0-win32-x64\jre\21.0.12.1-win32-x86_64\bin\zip.dll
Event: 0.573 Loaded shared library C:\Users\Lucas Hernandez\.vscode\extensions\redhat.java-1.56.0-win32-x64\jre\21.0.12.1-win32-x86_64\bin\zip.dll
Event: 1.264 Attempting to load shared library C:\Users\Lucas Hernandez\.vscode\extensions\redhat.java-1.56.0-win32-x64\jre\21.0.12.1-win32-x86_64\bin\jimage.dll
Event: 1.265 Loaded shared library C:\Users\Lucas Hernandez\.vscode\extensions\redhat.java-1.56.0-win32-x64\jre\21.0.12.1-win32-x86_64\bin\jimage.dll
Event: 1.827 Attempting to load shared library C:\Users\Lucas Hernandez\.vscode\extensions\redhat.java-1.56.0-win32-x64\jre\21.0.12.1-win32-x86_64\bin\verify.dll
Event: 1.828 Loaded shared library C:\Users\Lucas Hernandez\.vscode\extensions\redhat.java-1.56.0-win32-x64\jre\21.0.12.1-win32-x86_64\bin\verify.dll
Event: 2.157 Attempting to load shared library C:\Users\Lucas Hernandez\.gradle\native\c067742578af261105cb4f569cf0c3c89f3d7b1fecec35dd04571415982c5e48\windows-amd64\native-platform.dll
Event: 2.158 Loaded shared library C:\Users\Lucas Hernandez\.gradle\native\c067742578af261105cb4f569cf0c3c89f3d7b1fecec35dd04571415982c5e48\windows-amd64\native-platform.dll
Event: 2.169 Attempting to load shared library C:\Users\Lucas Hernandez\.gradle\native\100fb08df4bc3b14c8652ba06237920a3bd2aa13389f12d3474272988ae205f9\windows-amd64\native-platform-file-events.dll
Event: 2.173 Loaded shared library C:\Users\Lucas Hernandez\.gradle\native\100fb08df4bc3b14c8652ba06237920a3bd2aa13389f12d3474272988ae205f9\windows-amd64\native-platform-file-events.dll
Event: 7.030 Attempting to load shared library C:\Users\Lucas Hernandez\.vscode\extensions\redhat.java-1.56.0-win32-x64\jre\21.0.12.1-win32-x86_64\bin\management.dll
Event: 7.038 Loaded shared library C:\Users\Lucas Hernandez\.vscode\extensions\redhat.java-1.56.0-win32-x64\jre\21.0.12.1-win32-x86_64\bin\management.dll
Event: 7.043 Attempting to load shared library C:\Users\Lucas Hernandez\.vscode\extensions\redhat.java-1.56.0-win32-x64\jre\21.0.12.1-win32-x86_64\bin\management_ext.dll
Event: 7.047 Loaded shared library C:\Users\Lucas Hernandez\.vscode\extensions\redhat.java-1.56.0-win32-x64\jre\21.0.12.1-win32-x86_64\bin\management_ext.dll
Event: 7.961 Attempting to load shared library C:\Users\Lucas Hernandez\.vscode\extensions\redhat.java-1.56.0-win32-x64\jre\21.0.12.1-win32-x86_64\bin\extnet.dll
Event: 7.962 Loaded shared library C:\Users\Lucas Hernandez\.vscode\extensions\redhat.java-1.56.0-win32-x64\jre\21.0.12.1-win32-x86_64\bin\extnet.dll
Event: 9.384 Attempting to load shared library C:\Users\Lucas Hernandez\.vscode\extensions\redhat.java-1.56.0-win32-x64\jre\21.0.12.1-win32-x86_64\bin\sunmscapi.dll
Event: 9.455 Loaded shared library C:\Users\Lucas Hernandez\.vscode\extensions\redhat.java-1.56.0-win32-x64\jre\21.0.12.1-win32-x86_64\bin\sunmscapi.dll

Deoptimization events (20 events):
Event: 28.453 Thread 0x000002565b01a2d0 Uncommon trap: trap_request=0xffffff45 fr.pc=0x0000025635e2d12c relative=0x00000000000002cc
Event: 28.453 Thread 0x000002565b01a2d0 Uncommon trap: reason=unstable_if action=reinterpret pc=0x0000025635e2d12c method=java.util.HashMap.hash(Ljava/lang/Object;)I @ 1 c2
Event: 28.475 Thread 0x000002565b01a2d0 DEOPT PACKING pc=0x0000025635e2d12c sp=0x000000a34cbf8c50
Event: 28.475 Thread 0x000002565b01a2d0 DEOPT UNPACKING pc=0x0000025635844422 sp=0x000000a34cbf8ae8 mode 2
Event: 33.027 Thread 0x000002565b01a2d0 Uncommon trap: trap_request=0xffffffbe fr.pc=0x0000025635fa0960 relative=0x0000000000001000
Event: 33.027 Thread 0x000002565b01a2d0 Uncommon trap: reason=profile_predicate action=maybe_recompile pc=0x0000025635fa0960 method=java.lang.invoke.InvokerBytecodeGenerator.<init>(Ljava/lang/String;Ljava/lang/String;Ljava/lang/invoke/LambdaForm;Ljava/lang/invoke/MethodType;)V @ 33 c2
Event: 33.027 Thread 0x000002565b01a2d0 DEOPT PACKING pc=0x0000025635fa0960 sp=0x000000a34cbf77b0
Event: 33.027 Thread 0x000002565b01a2d0 DEOPT UNPACKING pc=0x0000025635844422 sp=0x000000a34cbf7760 mode 2
Event: 33.033 Thread 0x000002565b01a2d0 Uncommon trap: trap_request=0xffffffbe fr.pc=0x0000025635fa0960 relative=0x0000000000001000
Event: 33.034 Thread 0x000002565b01a2d0 Uncommon trap: reason=profile_predicate action=maybe_recompile pc=0x0000025635fa0960 method=java.lang.invoke.InvokerBytecodeGenerator.<init>(Ljava/lang/String;Ljava/lang/String;Ljava/lang/invoke/LambdaForm;Ljava/lang/invoke/MethodType;)V @ 33 c2
Event: 33.034 Thread 0x000002565b01a2d0 DEOPT PACKING pc=0x0000025635fa0960 sp=0x000000a34cbf9220
Event: 33.034 Thread 0x000002565b01a2d0 DEOPT UNPACKING pc=0x0000025635844422 sp=0x000000a34cbf91d0 mode 2
Event: 33.034 Thread 0x000002565b01a2d0 Uncommon trap: trap_request=0xffffffbe fr.pc=0x0000025635fa0960 relative=0x0000000000001000
Event: 33.034 Thread 0x000002565b01a2d0 Uncommon trap: reason=profile_predicate action=maybe_recompile pc=0x0000025635fa0960 method=java.lang.invoke.InvokerBytecodeGenerator.<init>(Ljava/lang/String;Ljava/lang/String;Ljava/lang/invoke/LambdaForm;Ljava/lang/invoke/MethodType;)V @ 33 c2
Event: 33.034 Thread 0x000002565b01a2d0 DEOPT PACKING pc=0x0000025635fa0960 sp=0x000000a34cbf9120
Event: 33.034 Thread 0x000002565b01a2d0 DEOPT UNPACKING pc=0x0000025635844422 sp=0x000000a34cbf90d0 mode 2
Event: 33.034 Thread 0x000002565b01a2d0 Uncommon trap: trap_request=0xffffffbe fr.pc=0x0000025635fa0960 relative=0x0000000000001000
Event: 33.034 Thread 0x000002565b01a2d0 Uncommon trap: reason=profile_predicate action=maybe_recompile pc=0x0000025635fa0960 method=java.lang.invoke.InvokerBytecodeGenerator.<init>(Ljava/lang/String;Ljava/lang/String;Ljava/lang/invoke/LambdaForm;Ljava/lang/invoke/MethodType;)V @ 33 c2
Event: 33.034 Thread 0x000002565b01a2d0 DEOPT PACKING pc=0x0000025635fa0960 sp=0x000000a34cbf9130
Event: 33.034 Thread 0x000002565b01a2d0 DEOPT UNPACKING pc=0x0000025635844422 sp=0x000000a34cbf90e0 mode 2

Classes loaded (20 events):
Event: 23.833 Loading class java/util/ArrayDeque$DeqSpliterator
Event: 23.834 Loading class java/util/ArrayDeque$DeqSpliterator done
Event: 26.059 Loading class jdk/internal/reflect/MethodHandleIntegerFieldAccessorImpl
Event: 26.060 Loading class jdk/internal/reflect/MethodHandleIntegerFieldAccessorImpl done
Event: 28.007 Loading class java/lang/invoke/BoundMethodHandle$Species_LLLLLLLLLLLLLLLLLLLLLLLL
Event: 28.007 Loading class java/lang/invoke/BoundMethodHandle$Species_LLLLLLLLLLLLLLLLLLLLLLLL done
Event: 28.359 Loading class java/lang/invoke/SerializedLambda
Event: 28.360 Loading class java/lang/invoke/SerializedLambda done
Event: 28.388 Loading class java/lang/reflect/AnnotatedType
Event: 28.388 Loading class java/lang/reflect/AnnotatedType done
Event: 28.395 Loading class sun/reflect/misc/ReflectUtil
Event: 28.395 Loading class sun/reflect/misc/ReflectUtil done
Event: 28.495 Loading class java/lang/Class$EnclosingMethodInfo
Event: 28.495 Loading class java/lang/Class$EnclosingMethodInfo done
Event: 28.512 Loading class sun/reflect/generics/tree/IntSignature
Event: 28.512 Loading class sun/reflect/generics/tree/IntSignature done
Event: 28.512 Loading class sun/reflect/generics/tree/ArrayTypeSignature
Event: 28.512 Loading class sun/reflect/generics/tree/ArrayTypeSignature done
Event: 28.547 Loading class java/lang/SafeVarargs
Event: 28.547 Loading class java/lang/SafeVarargs done

Classes unloaded (0 events):
No events

Classes redefined (0 events):
No events

Internal exceptions (20 events):
Event: 22.381 Thread 0x000002565b01a2d0 Exception <a 'java/lang/NoSuchMethodError'{0x00000000efe8d460}: 'java.lang.Object java.lang.invoke.Invokers$Holder.invoker(java.lang.Object, java.lang.Object, java.lang.Object, java.lang.Object, java.lang.Object, java.lang.Object, java.lang.Object, java.lang.Object, java.lang.Object, java.lang.Object, java.lang.Object, java.lang.Object, java.lang.Object, java.lang.Object, java.lang.Object, java.lang.Object, java.lang.Object, java.lang.Object, java.lang.Object, java.lang.Object, java.lang.Object, java.lang.
Event: 22.381 Thread 0x000002565b01a2d0 Exception <a 'java/lang/NoSuchMethodError'{0x00000000efe93648}: 'java.lang.Object java.lang.invoke.DelegatingMethodHandle$Holder.delegate(java.lang.Object, java.lang.Object, java.lang.Object, java.lang.Object, java.lang.Object, java.lang.Object, java.lang.Object, java.lang.Object, java.lang.Object, java.lang.Object, java.lang.Object, java.lang.Object, java.lang.Object, java.lang.Object, java.lang.Object, java.lang.Object, java.lang.Object, java.lang.Object, java.lang.Object, java.lang.Object, java.lang.Obj
Event: 22.502 Thread 0x000002565b01a2d0 Exception <a 'java/lang/NoSuchMethodError'{0x00000000efcef820}: 'java.lang.Object java.lang.invoke.DirectMethodHandle$Holder.invokeStaticInit(java.lang.Object, java.lang.Object, java.lang.Object, java.lang.Object)'> (0x00000000efcef820) 
thrown [s\src\hotspot\share\interpreter\linkResolver.cpp, line 773]
Event: 22.793 Thread 0x000002565b01a2d0 Exception <a 'java/lang/NoSuchMethodError'{0x00000000ef8150a8}: 'void java.lang.invoke.DirectMethodHandle$Holder.invokeStatic(java.lang.Object, java.lang.Object, java.lang.Object, java.lang.Object)'> (0x00000000ef8150a8) 
thrown [s\src\hotspot\share\interpreter\linkResolver.cpp, line 773]
Event: 22.804 Thread 0x000002565b01a2d0 Exception <a 'java/lang/IncompatibleClassChangeError'{0x00000000ef83cd90}: Found class java.lang.Object, but interface was expected> (0x00000000ef83cd90) 
thrown [s\src\hotspot\share\interpreter\linkResolver.cpp, line 840]
Event: 23.357 Thread 0x000002565b01a2d0 Exception <a 'java/lang/NoSuchMethodError'{0x00000000ef5982d0}: 'java.lang.Object java.lang.invoke.DirectMethodHandle$Holder.newInvokeSpecial(java.lang.Object, java.lang.Object, java.lang.Object, java.lang.Object, java.lang.Object, java.lang.Object, java.lang.Object, java.lang.Object, java.lang.Object, java.lang.Object)'> (0x00000000ef5982d0) 
thrown [s\src\hotspot\share\interpreter\linkResolver.cpp, line 773]
Event: 23.824 Thread 0x000002565b01a2d0 Exception <a 'java/lang/NoSuchMethodError'{0x00000000eef16780}: 'int java.lang.invoke.DirectMethodHandle$Holder.invokeVirtual(java.lang.Object, java.lang.Object)'> (0x00000000eef16780) 
thrown [s\src\hotspot\share\interpreter\linkResolver.cpp, line 773]
Event: 25.224 Thread 0x000002565b01a2d0 Implicit null exception at 0x0000025635e42ec1 to 0x0000025635e43f03
Event: 25.290 Thread 0x000002565b01a2d0 Exception <a 'java/lang/NoSuchMethodError'{0x00000000eec21f90}: 'void java.lang.invoke.DirectMethodHandle$Holder.invokeInterface(java.lang.Object, java.lang.Object, java.lang.Object, java.lang.Object, java.lang.Object)'> (0x00000000eec21f90) 
thrown [s\src\hotspot\share\interpreter\linkResolver.cpp, line 773]
Event: 26.045 Thread 0x000002565b01a2d0 Exception <a 'java/lang/NoSuchMethodError'{0x00000000ee5a72f0}: 'java.lang.Object java.lang.invoke.DirectMethodHandle$Holder.newInvokeSpecial(java.lang.Object, java.lang.Object, int, int)'> (0x00000000ee5a72f0) 
thrown [s\src\hotspot\share\interpreter\linkResolver.cpp, line 773]
Event: 26.060 Thread 0x000002565b01a2d0 Exception <a 'java/lang/NoSuchMethodError'{0x00000000ee5e1ed0}: 'void java.lang.invoke.DirectMethodHandle$Holder.invokeSpecial(java.lang.Object, java.lang.Object, int)'> (0x00000000ee5e1ed0) 
thrown [s\src\hotspot\share\interpreter\linkResolver.cpp, line 773]
Event: 26.061 Thread 0x000002565b01a2d0 Exception <a 'java/lang/NoSuchMethodError'{0x00000000ee5e61c0}: 'void java.lang.invoke.Invokers$Holder.invokeExact_MT(java.lang.Object, int, java.lang.Object)'> (0x00000000ee5e61c0) 
thrown [s\src\hotspot\share\interpreter\linkResolver.cpp, line 773]
Event: 26.960 Thread 0x000002565b01a2d0 Exception <a 'java/lang/NoSuchMethodError'{0x00000000ee170400}: 'java.lang.Object java.lang.invoke.DirectMethodHandle$Holder.invokeSpecialIFC(java.lang.Object, java.lang.Object, java.lang.Object, java.lang.Object)'> (0x00000000ee170400) 
thrown [s\src\hotspot\share\interpreter\linkResolver.cpp, line 773]
Event: 27.983 Thread 0x000002565b01a2d0 Exception <a 'java/lang/NoSuchMethodError'{0x00000000edd64030}: 'java.lang.Object java.lang.invoke.DirectMethodHandle$Holder.invokeVirtual(java.lang.Object, java.lang.Object, java.lang.Object, java.lang.Object, java.lang.Object, java.lang.Object, java.lang.Object, java.lang.Object, java.lang.Object, java.lang.Object, java.lang.Object, java.lang.Object, java.lang.Object, java.lang.Object, java.lang.Object, java.lang.Object, java.lang.Object, java.lang.Object, java.lang.Object, java.lang.Object, java.lang.Ob
Event: 27.985 Thread 0x000002565b01a2d0 Exception <a 'java/lang/NoSuchMethodError'{0x00000000edd6b100}: 'java.lang.Object java.lang.invoke.DirectMethodHandle$Holder.invokeSpecial(java.lang.Object, java.lang.Object, java.lang.Object, java.lang.Object, java.lang.Object, java.lang.Object, java.lang.Object, java.lang.Object, java.lang.Object, java.lang.Object, java.lang.Object, java.lang.Object, java.lang.Object, java.lang.Object, java.lang.Object, java.lang.Object, java.lang.Object, java.lang.Object, java.lang.Object, java.lang.Object, java.lang.Ob
Event: 27.986 Thread 0x000002565b01a2d0 Exception <a 'java/lang/NoSuchMethodError'{0x00000000edd71328}: 'java.lang.Object java.lang.invoke.DelegatingMethodHandle$Holder.reinvoke_L(java.lang.Object, java.lang.Object, java.lang.Object, java.lang.Object, java.lang.Object, java.lang.Object, java.lang.Object, java.lang.Object, java.lang.Object, java.lang.Object, java.lang.Object, java.lang.Object, java.lang.Object, java.lang.Object, java.lang.Object, java.lang.Object, java.lang.Object, java.lang.Object, java.lang.Object, java.lang.Object, java.lang.O
Event: 28.009 Thread 0x000002565b01a2d0 Exception <a 'java/lang/NoSuchMethodError'{0x00000000edc3fec0}: 'java.lang.Object java.lang.invoke.DirectMethodHandle$Holder.invokeStatic(java.lang.Object, java.lang.Object, java.lang.Object, java.lang.Object, java.lang.Object, java.lang.Object, java.lang.Object, java.lang.Object, java.lang.Object, java.lang.Object, java.lang.Object, java.lang.Object, java.lang.Object, java.lang.Object, java.lang.Object, java.lang.Object, java.lang.Object, java.lang.Object, java.lang.Object, java.lang.Object, java.lang.Obj
Event: 28.452 Thread 0x000002565b01a2d0 Implicit null exception at 0x0000025635e2ceba to 0x0000025635e2d114
Event: 32.373 Thread 0x000002565b01a2d0 Exception <a 'java/lang/NoSuchMethodError'{0x00000000ed0f2180}: 'void java.lang.invoke.DirectMethodHandle$Holder.invokeStaticInit(java.lang.Object, java.lang.Object, java.lang.Object, java.lang.Object)'> (0x00000000ed0f2180) 
thrown [s\src\hotspot\share\interpreter\linkResolver.cpp, line 773]
Event: 33.027 Thread 0x000002565b01a2d0 Exception <a 'java/lang/NoSuchMethodError'{0x00000000ecd22238}: 'java.lang.Object java.lang.invoke.DirectMethodHandle$Holder.invokeStaticInit(java.lang.Object, java.lang.Object, java.lang.Object)'> (0x00000000ecd22238) 
thrown [s\src\hotspot\share\interpreter\linkResolver.cpp, line 773]

ZGC Phase Switch (0 events):
No events

VM Operations (20 events):
Event: 24.123 Executing non-safepoint VM operation: HandshakeAllThreads (Deoptimize)
Event: 24.123 Executing non-safepoint VM operation: HandshakeAllThreads (Deoptimize) done
Event: 25.128 Executing safepoint VM operation: Cleanup
Event: 25.243 Executing safepoint VM operation: Cleanup done
Event: 26.273 Executing safepoint VM operation: Cleanup
Event: 26.329 Executing safepoint VM operation: Cleanup done
Event: 27.342 Executing safepoint VM operation: Cleanup
Event: 27.417 Executing safepoint VM operation: Cleanup done
Event: 28.420 Executing safepoint VM operation: Cleanup
Event: 28.469 Executing safepoint VM operation: Cleanup done
Event: 28.487 Executing non-safepoint VM operation: HandshakeAllThreads (Deoptimize)
Event: 28.487 Executing non-safepoint VM operation: HandshakeAllThreads (Deoptimize) done
Event: 29.493 Executing safepoint VM operation: Cleanup
Event: 29.494 Executing safepoint VM operation: Cleanup done
Event: 30.504 Executing safepoint VM operation: Cleanup
Event: 30.504 Executing safepoint VM operation: Cleanup done
Event: 31.512 Executing safepoint VM operation: Cleanup
Event: 32.074 Executing safepoint VM operation: Cleanup done
Event: 32.599 Executing non-safepoint VM operation: HandshakeAllThreads (Deoptimize)
Event: 32.600 Executing non-safepoint VM operation: HandshakeAllThreads (Deoptimize) done

Memory protections (0 events):
No events

Nmethod flushes (0 events):
No events

Events (20 events):
Event: 8.295 Thread 0x000002562b0c05e0 Thread added: 0x000002565bb97880
Event: 8.492 Thread 0x000002562b0c05e0 Thread added: 0x000002565bbd0080
Event: 9.689 Thread 0x000002565bb97880 Thread added: 0x000002565b5f57b0
Event: 9.748 Thread 0x000002565b5f57b0 Thread added: 0x000002565b94f180
Event: 11.838 Thread 0x000002565b5f57b0 Thread added: 0x000002565bae66e0
Event: 12.162 Thread 0x000002565b5f57b0 Thread added: 0x000002565b01a2d0
Event: 12.212 Thread 0x000002565b01a2d0 Thread added: 0x000002565b01b680
Event: 12.243 Thread 0x000002565b01a2d0 Thread added: 0x000002565b01a960
Event: 12.282 Thread 0x000002565b01a2d0 Thread added: 0x000002565b01aff0
Event: 15.171 Thread 0x000002565b01a2d0 Thread added: 0x000002565b01bd10
Event: 15.263 Thread 0x000002565b01a2d0 Thread added: 0x000002565b01c3a0
Event: 15.655 Thread 0x000002565b01c3a0 Thread added: 0x000002565b018f20
Event: 15.971 Thread 0x000002565b01a2d0 Thread added: 0x000002565b0195b0
Event: 21.876 Thread 0x000002565b01a2d0 Thread added: 0x000002565db66df0
Event: 22.350 Thread 0x000002565b01a2d0 Thread added: 0x000002565db67480
Event: 23.757 Thread 0x000002565b01a2d0 Thread added: 0x000002565db68ec0
Event: 23.792 Thread 0x000002565b01a2d0 Thread added: 0x000002565db69550
Event: 26.475 Thread 0x000002565b01a2d0 Thread added: 0x000002565db6a270
Event: 27.455 Thread 0x000002565b01a2d0 Thread added: 0x000002565db6a900
Event: 29.829 Thread 0x000002565b01a2d0 Thread added: 0x000002565db6af90


Dynamic libraries:
0x00007ff61a400000 - 0x00007ff61a40e000 	C:\Users\Lucas Hernandez\.vscode\extensions\redhat.java-1.56.0-win32-x64\jre\21.0.12.1-win32-x86_64\bin\java.exe
0x00007ffa77d80000 - 0x00007ffa77fe7000 	C:\WINDOWS\SYSTEM32\ntdll.dll
0x00007ffa765c0000 - 0x00007ffa7668b000 	C:\WINDOWS\System32\KERNEL32.DLL
0x00007ffa74f80000 - 0x00007ffa75382000 	C:\WINDOWS\System32\KERNELBASE.dll
0x00007ffa75940000 - 0x00007ffa75a8c000 	C:\WINDOWS\System32\ucrtbase.dll
0x00007ffa54440000 - 0x00007ffa54458000 	C:\Users\Lucas Hernandez\.vscode\extensions\redhat.java-1.56.0-win32-x64\jre\21.0.12.1-win32-x86_64\bin\jli.dll
0x00007ffa76d80000 - 0x00007ffa76f4f000 	C:\WINDOWS\System32\USER32.dll
0x00007ffa75630000 - 0x00007ffa75657000 	C:\WINDOWS\System32\win32u.dll
0x00007ffa76590000 - 0x00007ffa765bb000 	C:\WINDOWS\System32\GDI32.dll
0x00007ffa75390000 - 0x00007ffa754b9000 	C:\WINDOWS\System32\gdi32full.dll
0x00007ffa75580000 - 0x00007ffa75623000 	C:\WINDOWS\System32\msvcp_win.dll
0x00007ffa55230000 - 0x00007ffa5524e000 	C:\Users\Lucas Hernandez\.vscode\extensions\redhat.java-1.56.0-win32-x64\jre\21.0.12.1-win32-x86_64\bin\VCRUNTIME140.dll
0x00007ffa626a0000 - 0x00007ffa62930000 	C:\WINDOWS\WinSxS\amd64_microsoft.windows.common-controls_6595b64144ccf1df_6.0.26100.9278_none_3e0d1ba8e3303201\COMCTL32.dll
0x00007ffa77060000 - 0x00007ffa77109000 	C:\WINDOWS\System32\msvcrt.dll
0x00007ffa75db0000 - 0x00007ffa75de1000 	C:\WINDOWS\System32\IMM32.DLL
0x00007ffa60070000 - 0x00007ffa6007c000 	C:\Users\Lucas Hernandez\.vscode\extensions\redhat.java-1.56.0-win32-x64\jre\21.0.12.1-win32-x86_64\bin\vcruntime140_1.dll
0x00007ffa258a0000 - 0x00007ffa2592d000 	C:\Users\Lucas Hernandez\.vscode\extensions\redhat.java-1.56.0-win32-x64\jre\21.0.12.1-win32-x86_64\bin\msvcp140.dll
0x00007ff9a90d0000 - 0x00007ff9a9e72000 	C:\Users\Lucas Hernandez\.vscode\extensions\redhat.java-1.56.0-win32-x64\jre\21.0.12.1-win32-x86_64\bin\server\jvm.dll
0x00007ffa76b60000 - 0x00007ffa76c1c000 	C:\WINDOWS\System32\ADVAPI32.dll
0x00007ffa771a0000 - 0x00007ffa77249000 	C:\WINDOWS\System32\sechost.dll
0x00007ffa76a40000 - 0x00007ffa76b58000 	C:\WINDOWS\System32\RPCRT4.dll
0x00007ffa75c10000 - 0x00007ffa75c90000 	C:\WINDOWS\System32\WS2_32.dll
0x00007ffa74e00000 - 0x00007ffa74e5e000 	C:\WINDOWS\SYSTEM32\POWRPROF.dll
0x00007ffa6c150000 - 0x00007ffa6c186000 	C:\WINDOWS\SYSTEM32\WINMM.dll
0x00007ffa6cd30000 - 0x00007ffa6cd3b000 	C:\WINDOWS\SYSTEM32\VERSION.dll
0x00007ffa74de0000 - 0x00007ffa74df5000 	C:\WINDOWS\SYSTEM32\UMPDC.dll
0x00007ffa73c30000 - 0x00007ffa73c4b000 	C:\WINDOWS\SYSTEM32\kernel.appcore.dll
0x00007ffa5ff20000 - 0x00007ffa5ff2a000 	C:\Users\Lucas Hernandez\.vscode\extensions\redhat.java-1.56.0-win32-x64\jre\21.0.12.1-win32-x86_64\bin\jimage.dll
0x00007ffa68aa0000 - 0x00007ffa68cec000 	C:\WINDOWS\SYSTEM32\DBGHELP.DLL
0x00007ffa766b0000 - 0x00007ffa76a35000 	C:\WINDOWS\System32\combase.dll
0x00007ffa776e0000 - 0x00007ffa777b9000 	C:\WINDOWS\System32\OLEAUT32.dll
0x00007ffa5e7b0000 - 0x00007ffa5e7eb000 	C:\WINDOWS\SYSTEM32\dbgcore.DLL
0x00007ffa75880000 - 0x00007ffa7592c000 	C:\WINDOWS\System32\bcryptPrimitives.dll
0x00007ffa58db0000 - 0x00007ffa58dbf000 	C:\Users\Lucas Hernandez\.vscode\extensions\redhat.java-1.56.0-win32-x64\jre\21.0.12.1-win32-x86_64\bin\instrument.dll
0x00007ffa54380000 - 0x00007ffa543a0000 	C:\Users\Lucas Hernandez\.vscode\extensions\redhat.java-1.56.0-win32-x64\jre\21.0.12.1-win32-x86_64\bin\java.dll
0x00007ffa75df0000 - 0x00007ffa76588000 	C:\WINDOWS\System32\SHELL32.dll
0x00007ffa729c0000 - 0x00007ffa7326e000 	C:\WINDOWS\SYSTEM32\windows.storage.dll
0x00007ffa76f60000 - 0x00007ffa7705b000 	C:\WINDOWS\System32\SHCORE.dll
0x00007ffa77b40000 - 0x00007ffa77ba6000 	C:\WINDOWS\System32\shlwapi.dll
0x00007ffa74ea0000 - 0x00007ffa74ec9000 	C:\WINDOWS\SYSTEM32\profapi.dll
0x00007ffa54120000 - 0x00007ffa54138000 	C:\Users\Lucas Hernandez\.vscode\extensions\redhat.java-1.56.0-win32-x64\jre\21.0.12.1-win32-x86_64\bin\zip.dll
0x00007ffa5f810000 - 0x00007ffa5f820000 	C:\Users\Lucas Hernandez\.vscode\extensions\redhat.java-1.56.0-win32-x64\jre\21.0.12.1-win32-x86_64\bin\net.dll
0x00007ffa6ca10000 - 0x00007ffa6cb3a000 	C:\WINDOWS\SYSTEM32\WINHTTP.dll
0x00007ffa74210000 - 0x00007ffa7427c000 	C:\WINDOWS\system32\mswsock.dll
0x00007ffa53680000 - 0x00007ffa53696000 	C:\Users\Lucas Hernandez\.vscode\extensions\redhat.java-1.56.0-win32-x64\jre\21.0.12.1-win32-x86_64\bin\nio.dll
0x00007ffa57e70000 - 0x00007ffa57e80000 	C:\Users\Lucas Hernandez\.vscode\extensions\redhat.java-1.56.0-win32-x64\jre\21.0.12.1-win32-x86_64\bin\verify.dll
0x00007ffa3c3e0000 - 0x00007ffa3c407000 	C:\Users\Lucas Hernandez\.gradle\native\c067742578af261105cb4f569cf0c3c89f3d7b1fecec35dd04571415982c5e48\windows-amd64\native-platform.dll
0x00007ff9ff5b0000 - 0x00007ff9ff6f4000 	C:\Users\Lucas Hernandez\.gradle\native\100fb08df4bc3b14c8652ba06237920a3bd2aa13389f12d3474272988ae205f9\windows-amd64\native-platform-file-events.dll
0x00007ffa6fe70000 - 0x00007ffa6fe7a000 	C:\Users\Lucas Hernandez\.vscode\extensions\redhat.java-1.56.0-win32-x64\jre\21.0.12.1-win32-x86_64\bin\management.dll
0x00007ffa6fe60000 - 0x00007ffa6fe6c000 	C:\Users\Lucas Hernandez\.vscode\extensions\redhat.java-1.56.0-win32-x64\jre\21.0.12.1-win32-x86_64\bin\management_ext.dll
0x00007ffa77c00000 - 0x00007ffa77c08000 	C:\WINDOWS\System32\PSAPI.DLL
0x00007ffa74520000 - 0x00007ffa7453b000 	C:\WINDOWS\SYSTEM32\CRYPTSP.dll
0x00007ffa73b90000 - 0x00007ffa73bc9000 	C:\WINDOWS\system32\rsaenh.dll
0x00007ffa742c0000 - 0x00007ffa742f4000 	C:\WINDOWS\SYSTEM32\USERENV.dll
0x00007ffa74e70000 - 0x00007ffa74e9a000 	C:\WINDOWS\SYSTEM32\bcrypt.dll
0x00007ffa74500000 - 0x00007ffa7450c000 	C:\WINDOWS\SYSTEM32\CRYPTBASE.dll
0x00007ffa735d0000 - 0x00007ffa73603000 	C:\WINDOWS\SYSTEM32\IPHLPAPI.DLL
0x00007ffa77c10000 - 0x00007ffa77c1a000 	C:\WINDOWS\System32\NSI.dll
0x00007ffa60960000 - 0x00007ffa60969000 	C:\Users\Lucas Hernandez\.vscode\extensions\redhat.java-1.56.0-win32-x64\jre\21.0.12.1-win32-x86_64\bin\extnet.dll
0x00007ffa60950000 - 0x00007ffa6095e000 	C:\Users\Lucas Hernandez\.vscode\extensions\redhat.java-1.56.0-win32-x64\jre\21.0.12.1-win32-x86_64\bin\sunmscapi.dll
0x00007ffa756f0000 - 0x00007ffa7586e000 	C:\WINDOWS\System32\CRYPT32.dll
0x00007ffa74740000 - 0x00007ffa74770000 	C:\WINDOWS\SYSTEM32\ncrypt.dll
0x00007ffa746f0000 - 0x00007ffa7472f000 	C:\WINDOWS\SYSTEM32\NTASN1.dll
0x00007ffa3a230000 - 0x00007ffa3a238000 	C:\WINDOWS\system32\wshunix.dll

JVMTI agents:
C:\Users\Lucas Hernandez\.gradle\wrapper\dists\gradle-8.9-bin\90cnw93cvbtalezasaz0blq0a\gradle-8.9\lib\agents\gradle-instrumentation-agent-8.9.jar path:C:\Users\Lucas Hernandez\.vscode\extensions\redhat.java-1.56.0-win32-x64\jre\21.0.12.1-win32-x86_64\bin\instrument.dll, loaded, initialized, instrumentlib options:none

dbghelp: loaded successfully - version: 4.0.5 - missing functions: none
symbol engine: initialized successfully - sym options: 0x614 - pdb path: .;C:\Users\Lucas Hernandez\.vscode\extensions\redhat.java-1.56.0-win32-x64\jre\21.0.12.1-win32-x86_64\bin;C:\WINDOWS\SYSTEM32;C:\WINDOWS\WinSxS\amd64_microsoft.windows.common-controls_6595b64144ccf1df_6.0.26100.9278_none_3e0d1ba8e3303201;C:\Users\Lucas Hernandez\.vscode\extensions\redhat.java-1.56.0-win32-x64\jre\21.0.12.1-win32-x86_64\bin\server;C:\Users\Lucas Hernandez\.gradle\native\c067742578af261105cb4f569cf0c3c89f3d7b1fecec35dd04571415982c5e48\windows-amd64;C:\Users\Lucas Hernandez\.gradle\native\100fb08df4bc3b14c8652ba06237920a3bd2aa13389f12d3474272988ae205f9\windows-amd64

VM Arguments:
jvm_args: --add-opens=java.base/java.util=ALL-UNNAMED --add-opens=java.base/java.lang=ALL-UNNAMED --add-opens=java.base/java.lang.invoke=ALL-UNNAMED --add-opens=java.prefs/java.util.prefs=ALL-UNNAMED --add-exports=jdk.compiler/com.sun.tools.javac.api=ALL-UNNAMED --add-exports=jdk.compiler/com.sun.tools.javac.util=ALL-UNNAMED --add-opens=java.base/java.nio.charset=ALL-UNNAMED --add-opens=java.base/java.net=ALL-UNNAMED --add-opens=java.base/java.util.concurrent.atomic=ALL-UNNAMED -XX:MaxMetaspaceSize=384m -XX:+HeapDumpOnOutOfMemoryError -Xms256m -Xmx512m -Dfile.encoding=utf8 -Duser.country=ES -Duser.language=es -Duser.variant -javaagent:C:\Users\Lucas Hernandez\.gradle\wrapper\dists\gradle-8.9-bin\90cnw93cvbtalezasaz0blq0a\gradle-8.9\lib\agents\gradle-instrumentation-agent-8.9.jar 
java_command: org.gradle.launcher.daemon.bootstrap.GradleDaemon 8.9
java_class_path (initial): C:\Users\Lucas Hernandez\.gradle\wrapper\dists\gradle-8.9-bin\90cnw93cvbtalezasaz0blq0a\gradle-8.9\lib\gradle-daemon-main-8.9.jar
Launcher Type: SUN_STANDARD

[Global flags]
     intx CICompilerCount                          = 4                                         {product} {ergonomic}
   size_t CompressedClassSpaceSize                 = 335544320                                 {product} {ergonomic}
     uint ConcGCThreads                            = 3                                         {product} {ergonomic}
     uint G1ConcRefinementThreads                  = 10                                        {product} {ergonomic}
   size_t G1HeapRegionSize                         = 1048576                                   {product} {ergonomic}
    uintx GCDrainStackTargetSize                   = 64                                        {product} {ergonomic}
     bool HeapDumpOnOutOfMemoryError               = true                                   {manageable} {command line}
   size_t InitialHeapSize                          = 268435456                                 {product} {command line}
   size_t MarkStackSize                            = 4194304                                   {product} {ergonomic}
   size_t MaxHeapSize                              = 536870912                                 {product} {command line}
   size_t MaxMetaspaceSize                         = 402653184                                 {product} {command line}
   size_t MaxNewSize                               = 321912832                                 {product} {ergonomic}
   size_t MinHeapDeltaBytes                        = 1048576                                   {product} {ergonomic}
   size_t MinHeapSize                              = 268435456                                 {product} {command line}
    uintx NonNMethodCodeHeapSize                   = 5839372                                {pd product} {ergonomic}
    uintx NonProfiledCodeHeapSize                  = 122909434                              {pd product} {ergonomic}
    uintx ProfiledCodeHeapSize                     = 122909434                              {pd product} {ergonomic}
    uintx ReservedCodeCacheSize                    = 251658240                              {pd product} {ergonomic}
     bool SegmentedCodeCache                       = true                                      {product} {ergonomic}
   size_t SoftMaxHeapSize                          = 536870912                              {manageable} {ergonomic}
     bool UseCompressedOops                        = true                           {product lp64_product} {ergonomic}
     bool UseG1GC                                  = true                                      {product} {ergonomic}
     bool UseLargePagesIndividualAllocation        = false                                  {pd product} {ergonomic}

Logging:
Log output configuration:
 #0: stdout all=warning uptime,level,tags foldmultilines=false
 #1: stderr all=off uptime,level,tags foldmultilines=false

Release file:
JAVA_VERSION="21.0.12.1" 
MODULES="java.base java.compiler java.datatransfer java.xml java.prefs java.desktop java.instrument java.logging java.management java.security.sasl java.naming java.rmi java.management.rmi java.net.http java.scripting java.security.jgss java.transaction.xa java.sql java.sql.rowset java.xml.crypto java.se java.smartcardio jdk.accessibility jdk.internal.jvmstat jdk.attach jdk.charsets jdk.internal.opt jdk.zipfs jdk.compiler jdk.crypto.ec jdk.crypto.cryptoki jdk.crypto.mscapi jdk.dynalink jdk.internal.ed jdk.editpad jdk.hotspot.agent jdk.httpserver jdk.internal.le jdk.internal.vm.ci jdk.internal.vm.compiler jdk.internal.vm.compiler.management jdk.jartool jdk.javadoc jdk.jcmd jdk.management jdk.management.agent jdk.jconsole jdk.jdeps jdk.jdwp.agent jdk.jdi jdk.jfr jdk.jshell jdk.jsobject jdk.jstatd jdk.localedata jdk.management.jfr jdk.naming.dns jdk.naming.rmi jdk.net jdk.nio.mapmode jdk.random jdk.sctp jdk.security.auth jdk.security.jgss jdk.unsupported jdk.unsupported.desktop jdk.xml.dom" 

Environment Variables:
JAVA_HOME=C:\Program Files\Eclipse Adoptium\jdk-17.0.20.101-hotspot\
PATH=C:\Program Files\Eclipse Adoptium\jdk-17.0.20.101-hotspot\bin;C:\Users\Lucas Hernandez\AppData\Local\Programs\Python\Python314\Scripts\;C:\Users\Lucas Hernandez\AppData\Local\Programs\Python\Python314\;C:\app\dbhomeXE\bin;C:\WINDOWS\system32;C:\WINDOWS;C:\WINDOWS\System32\Wbem;C:\WINDOWS\System32\WindowsPowerShell\v1.0\;C:\WINDOWS\System32\OpenSSH\;C:\Program Files\Docker\Docker\resources\bin;C:\Program Files\nodejs\;C:\ProgramData\chocolatey\bin;C:\Program Files\dotnet\;C:\Program Files\Git\cmd;C:\Program Files\MySQL\MySQL Shell 8.0\bin\;C:\Users\Lucas Hernandez\AppData\Local\Microsoft\WindowsApps;C:\Program Files\JetBrains\IntelliJ IDEA 2025.2.2\bin;C:\Users\Lucas Hernandez\AppData\Local\GitHubDesktop\bin;C:\Users\Lucas Hernandez\AppData\Local\Programs\Microsoft VS Code\bin;C:\Users\Lucas Hernandez\AppData\Local\Python\bin;C:\Users\Lucas Hernandez\AppData\Local\Programs\cursor\resources\app\bin;C:\Users\Lucas Hernandez\AppData\Roaming\npm;C:\src\flutter\bin;;C:\Android\sdk\platform-tools;C:\Android\sdk\cmdline-tools\latest\bin;C:\Android\sdk\emulator
USERNAME=Lucas Hernandez
OS=Windows_NT
PROCESSOR_IDENTIFIER=AMD64 Family 23 Model 104 Stepping 1, AuthenticAMD
TMP=C:\Users\LUCASH~1\AppData\Local\Temp
TEMP=C:\Users\LUCASH~1\AppData\Local\Temp




Periodic native trim disabled

---------------  S Y S T E M  ---------------

OS:
 Windows 11 , 64 bit Build 26100 (10.0.26100.9444)
OS uptime: 11 days 19:00 hours
Hyper-V role detected

CPU: total 12 (initial active 12) (12 cores per cpu, 2 threads per core) family 23 model 104 stepping 1 microcode 0x8608103, cx8, cmov, fxsr, ht, mmx, 3dnowpref, sse, sse2, sse3, ssse3, sse4a, sse4.1, sse4.2, popcnt, lzcnt, tsc, tscinvbit, avx, avx2, aes, clmul, bmi1, bmi2, adx, sha, fma, vzeroupper, clflush, clflushopt, hv, rdtscp, rdpid, f16c
Processor Information for the first 12 processors :
  Max Mhz: 2100, Current Mhz: 2100, Mhz Limit: 2100

Memory: 4k page, system-wide physical 15754M (613M free)
TotalPageFile size 64906M (AvailPageFile size 1115M)
current process WorkingSet (physical memory assigned to process): 217M, peak: 243M
current process commit charge ("private bytes"): 417M, peak: 424M

vm_info: OpenJDK 64-Bit Server VM (21.0.12.1+1-LTS) for windows-amd64 JRE (21.0.12.1+1-LTS), built on 2026-08-18T00:00:00Z by "admin" with MS VC++ 17.12 (VS2022)

END.
