#
# There is insufficient memory for the Java Runtime Environment to continue.
# Native memory allocation (mmap) failed to map 65536 bytes. Error detail: Failed to commit metaspace.
# Possible reasons:
#   The system is out of physical RAM or swap space
#   This process is running with CompressedOops enabled, and the Java Heap may be blocking the growth of the native heap
# Possible solutions:
#   Reduce memory load on the system
#   Increase physical memory or swap space
#   Check if swap backing store is full
#   Decrease Java heap size (-Xmx/-Xms)
#   Decrease number of Java threads
#   Decrease Java thread stack sizes (-Xss)
#   Set larger code cache with -XX:ReservedCodeCacheSize=
#   JVM is running with Unscaled Compressed Oops mode in which the Java heap is
#     placed in the first 4GB address space. The Java Heap base address is the
#     maximum limit for the native heap growth. Please use -XX:HeapBaseMinAddress
#     to set the Java Heap base and to place the Java Heap above 4GB virtual address.
# This output file may be truncated or incomplete.
#
#  Out of Memory Error (virtualSpaceNode.cpp:113), pid=40780, tid=40360
#
# JRE version: OpenJDK Runtime Environment Temurin-21.0.12.1+1 (21.0.12.1+1) (build 21.0.12.1+1-LTS)
# Java VM: OpenJDK 64-Bit Server VM Temurin-21.0.12.1+1 (21.0.12.1+1-LTS, mixed mode, sharing, tiered, compressed oops, compressed class ptrs, g1 gc, windows-amd64)
# No core dump will be written. Minidumps are not enabled by default on client versions of Windows
#

---------------  S U M M A R Y ------------

Command Line: --add-opens=java.base/java.lang=ALL-UNNAMED --add-opens=java.base/java.lang.invoke=ALL-UNNAMED --add-opens=java.base/java.util=ALL-UNNAMED --add-opens=java.prefs/java.util.prefs=ALL-UNNAMED --add-exports=jdk.compiler/com.sun.tools.javac.api=ALL-UNNAMED --add-exports=jdk.compiler/com.sun.tools.javac.util=ALL-UNNAMED --add-opens=java.base/java.util=ALL-UNNAMED --add-opens=java.prefs/java.util.prefs=ALL-UNNAMED --add-opens=java.base/java.nio.charset=ALL-UNNAMED --add-opens=java.base/java.net=ALL-UNNAMED --add-opens=java.base/java.util.concurrent.atomic=ALL-UNNAMED --add-opens=java.xml/javax.xml.namespace=ALL-UNNAMED -Xmx1536m -Dfile.encoding=UTF-8 -Duser.country=ES -Duser.language=es -Duser.variant -javaagent:C:\Users\Lucas Hernandez\.gradle\wrapper\dists\gradle-8.14.3-all\10utluxaxniiv4wxiphsi49nj\gradle-8.14.3\lib\agents\gradle-instrumentation-agent-8.14.3.jar org.gradle.launcher.daemon.bootstrap.GradleDaemon 8.14.3

Host: AMD Ryzen 5 7430U with Radeon Graphics, 12 cores, 15G,  Windows 11 , 64 bit Build 26100 (10.0.26100.9444)
Time: Wed Oct  7 16:17:21 2026 Hora de verano romance elapsed time: 273.073479 seconds (0d 0h 4m 33s)

---------------  T H R E A D  ---------------

Current thread (0x00000157f43e7d70):  JavaThread "Daemon worker"        [_thread_in_vm, id=40360, stack(0x0000000958400000,0x0000000958500000) (1024K)]

Stack: [0x0000000958400000,0x0000000958500000]
Native frames: (J=compiled Java code, j=interpreted, Vv=VM code, C=native code)
V  [jvm.dll+0x6d83e9]
V  [jvm.dll+0x8b5736]
V  [jvm.dll+0x8b7cee]
V  [jvm.dll+0x8b83d3]
V  [jvm.dll+0x284596]
V  [jvm.dll+0x8b147e]
V  [jvm.dll+0x679ad4]
V  [jvm.dll+0x1e849b]
V  [jvm.dll+0x1e825e]
V  [jvm.dll+0x67c3d2]
V  [jvm.dll+0x67c202]
V  [jvm.dll+0x67a4ae]
V  [jvm.dll+0x26e440]
V  [jvm.dll+0x684715]
V  [jvm.dll+0x21973e]
V  [jvm.dll+0x219be5]
V  [jvm.dll+0x21a5d8]
V  [jvm.dll+0x20f80e]
V  [jvm.dll+0x5b6a7f]
V  [jvm.dll+0x82f606]
V  [jvm.dll+0x4792f8]
V  [jvm.dll+0x47f128]
C  [java.dll+0x17ec]

Java frames: (J=compiled Java code, j=interpreted, Vv=VM code)
J 863  java.lang.ClassLoader.defineClass1(Ljava/lang/ClassLoader;Ljava/lang/String;[BIILjava/security/ProtectionDomain;Ljava/lang/String;)Ljava/lang/Class; java.base@21.0.12.1 (0 bytes) @ 0x00000157a68b4811 [0x00000157a68b4740+0x00000000000000d1]
J 4892 c2 java.lang.ClassLoader.defineClass(Ljava/lang/String;[BIILjava/security/ProtectionDomain;)Ljava/lang/Class; java.base@21.0.12.1 (43 bytes) @ 0x00000157a68c1f64 [0x00000157a68c1980+0x00000000000005e4]
J 4958 c2 java.security.SecureClassLoader.defineClass(Ljava/lang/String;[BIILjava/security/CodeSource;)Ljava/lang/Class; java.base@21.0.12.1 (16 bytes) @ 0x00000157a687589c [0x00000157a6875760+0x000000000000013c]
J 4031 c2 java.net.URLClassLoader.findClass(Ljava/lang/String;)Ljava/lang/Class; java.base@21.0.12.1 (47 bytes) @ 0x00000157a6a9a508 [0x00000157a6a980c0+0x0000000000002448]
J 4735 c2 java.lang.ClassLoader.loadClass(Ljava/lang/String;Z)Ljava/lang/Class; java.base@21.0.12.1 (121 bytes) @ 0x00000157a6b1a054 [0x00000157a6b19d20+0x0000000000000334]
J 3648 c2 java.lang.ClassLoader.loadClass(Ljava/lang/String;)Ljava/lang/Class; java.base@21.0.12.1 (7 bytes) @ 0x00000157a6a6ec6c [0x00000157a6a6ec20+0x000000000000004c]
v  ~StubRoutines::call_stub 0x00000157a62b100d
J 863  java.lang.ClassLoader.defineClass1(Ljava/lang/ClassLoader;Ljava/lang/String;[BIILjava/security/ProtectionDomain;Ljava/lang/String;)Ljava/lang/Class; java.base@21.0.12.1 (0 bytes) @ 0x00000157a68b4811 [0x00000157a68b4740+0x00000000000000d1]
J 4892 c2 java.lang.ClassLoader.defineClass(Ljava/lang/String;[BIILjava/security/ProtectionDomain;)Ljava/lang/Class; java.base@21.0.12.1 (43 bytes) @ 0x00000157a68c1f64 [0x00000157a68c1980+0x00000000000005e4]
J 4958 c2 java.security.SecureClassLoader.defineClass(Ljava/lang/String;[BIILjava/security/CodeSource;)Ljava/lang/Class; java.base@21.0.12.1 (16 bytes) @ 0x00000157a687589c [0x00000157a6875760+0x000000000000013c]
J 4031 c2 java.net.URLClassLoader.findClass(Ljava/lang/String;)Ljava/lang/Class; java.base@21.0.12.1 (47 bytes) @ 0x00000157a6a9a508 [0x00000157a6a980c0+0x0000000000002448]
J 4735 c2 java.lang.ClassLoader.loadClass(Ljava/lang/String;Z)Ljava/lang/Class; java.base@21.0.12.1 (121 bytes) @ 0x00000157a6b1a054 [0x00000157a6b19d20+0x0000000000000334]
J 3648 c2 java.lang.ClassLoader.loadClass(Ljava/lang/String;)Ljava/lang/Class; java.base@21.0.12.1 (7 bytes) @ 0x00000157a6a6ec6c [0x00000157a6a6ec20+0x000000000000004c]
v  ~StubRoutines::call_stub 0x00000157a62b100d
J 863  java.lang.ClassLoader.defineClass1(Ljava/lang/ClassLoader;Ljava/lang/String;[BIILjava/security/ProtectionDomain;Ljava/lang/String;)Ljava/lang/Class; java.base@21.0.12.1 (0 bytes) @ 0x00000157a68b4811 [0x00000157a68b4740+0x00000000000000d1]
J 4892 c2 java.lang.ClassLoader.defineClass(Ljava/lang/String;[BIILjava/security/ProtectionDomain;)Ljava/lang/Class; java.base@21.0.12.1 (43 bytes) @ 0x00000157a68c1f64 [0x00000157a68c1980+0x00000000000005e4]
J 4958 c2 java.security.SecureClassLoader.defineClass(Ljava/lang/String;[BIILjava/security/CodeSource;)Ljava/lang/Class; java.base@21.0.12.1 (16 bytes) @ 0x00000157a687589c [0x00000157a6875760+0x000000000000013c]
J 4031 c2 java.net.URLClassLoader.findClass(Ljava/lang/String;)Ljava/lang/Class; java.base@21.0.12.1 (47 bytes) @ 0x00000157a6a9a508 [0x00000157a6a980c0+0x0000000000002448]
J 4735 c2 java.lang.ClassLoader.loadClass(Ljava/lang/String;Z)Ljava/lang/Class; java.base@21.0.12.1 (121 bytes) @ 0x00000157a6b1a054 [0x00000157a6b19d20+0x0000000000000334]
J 3648 c2 java.lang.ClassLoader.loadClass(Ljava/lang/String;)Ljava/lang/Class; java.base@21.0.12.1 (7 bytes) @ 0x00000157a6a6ec6c [0x00000157a6a6ec20+0x000000000000004c]
v  ~StubRoutines::call_stub 0x00000157a62b100d
J 863  java.lang.ClassLoader.defineClass1(Ljava/lang/ClassLoader;Ljava/lang/String;[BIILjava/security/ProtectionDomain;Ljava/lang/String;)Ljava/lang/Class; java.base@21.0.12.1 (0 bytes) @ 0x00000157a68b4811 [0x00000157a68b4740+0x00000000000000d1]
J 4892 c2 java.lang.ClassLoader.defineClass(Ljava/lang/String;[BIILjava/security/ProtectionDomain;)Ljava/lang/Class; java.base@21.0.12.1 (43 bytes) @ 0x00000157a68c1f64 [0x00000157a68c1980+0x00000000000005e4]
J 4958 c2 java.security.SecureClassLoader.defineClass(Ljava/lang/String;[BIILjava/security/CodeSource;)Ljava/lang/Class; java.base@21.0.12.1 (16 bytes) @ 0x00000157a687589c [0x00000157a6875760+0x000000000000013c]
J 4031 c2 java.net.URLClassLoader.findClass(Ljava/lang/String;)Ljava/lang/Class; java.base@21.0.12.1 (47 bytes) @ 0x00000157a6a9a508 [0x00000157a6a980c0+0x0000000000002448]
J 4735 c2 java.lang.ClassLoader.loadClass(Ljava/lang/String;Z)Ljava/lang/Class; java.base@21.0.12.1 (121 bytes) @ 0x00000157a6b1a054 [0x00000157a6b19d20+0x0000000000000334]
J 3648 c2 java.lang.ClassLoader.loadClass(Ljava/lang/String;)Ljava/lang/Class; java.base@21.0.12.1 (7 bytes) @ 0x00000157a6a6ec6c [0x00000157a6a6ec20+0x000000000000004c]
v  ~StubRoutines::call_stub 0x00000157a62b100d
J 863  java.lang.ClassLoader.defineClass1(Ljava/lang/ClassLoader;Ljava/lang/String;[BIILjava/security/ProtectionDomain;Ljava/lang/String;)Ljava/lang/Class; java.base@21.0.12.1 (0 bytes) @ 0x00000157a68b4811 [0x00000157a68b4740+0x00000000000000d1]
J 4892 c2 java.lang.ClassLoader.defineClass(Ljava/lang/String;[BIILjava/security/ProtectionDomain;)Ljava/lang/Class; java.base@21.0.12.1 (43 bytes) @ 0x00000157a68c1f64 [0x00000157a68c1980+0x00000000000005e4]
J 4958 c2 java.security.SecureClassLoader.defineClass(Ljava/lang/String;[BIILjava/security/CodeSource;)Ljava/lang/Class; java.base@21.0.12.1 (16 bytes) @ 0x00000157a687589c [0x00000157a6875760+0x000000000000013c]
J 4031 c2 java.net.URLClassLoader.findClass(Ljava/lang/String;)Ljava/lang/Class; java.base@21.0.12.1 (47 bytes) @ 0x00000157a6a9a508 [0x00000157a6a980c0+0x0000000000002448]
J 4735 c2 java.lang.ClassLoader.loadClass(Ljava/lang/String;Z)Ljava/lang/Class; java.base@21.0.12.1 (121 bytes) @ 0x00000157a6b1a054 [0x00000157a6b19d20+0x0000000000000334]
J 4735 c2 java.lang.ClassLoader.loadClass(Ljava/lang/String;Z)Ljava/lang/Class; java.base@21.0.12.1 (121 bytes) @ 0x00000157a6b19ff8 [0x00000157a6b19d20+0x00000000000002d8]
J 3648 c2 java.lang.ClassLoader.loadClass(Ljava/lang/String;)Ljava/lang/Class; java.base@21.0.12.1 (7 bytes) @ 0x00000157a6a6ec6c [0x00000157a6a6ec20+0x000000000000004c]
v  ~StubRoutines::call_stub 0x00000157a62b100d
j  org.gradle.api.internal.artifacts.dsl.PublishArtifactNotationParserFactory$ArchiveTaskNotationConverter.<init>(Lorg/gradle/api/internal/artifacts/dsl/PublishArtifactNotationParserFactory;)V+6
j  org.gradle.api.internal.artifacts.dsl.PublishArtifactNotationParserFactory$ArchiveTaskNotationConverter.<init>(Lorg/gradle/api/internal/artifacts/dsl/PublishArtifactNotationParserFactory;Lorg/gradle/api/internal/artifacts/dsl/PublishArtifactNotationParserFactory$1;)V+2
j  org.gradle.api.internal.artifacts.dsl.PublishArtifactNotationParserFactory.create()Lorg/gradle/internal/typeconversion/NotationParser;+33
j  org.gradle.api.internal.artifacts.configurations.DefaultConfigurationFactory.<init>(Lorg/gradle/internal/reflect/Instantiator;Lorg/gradle/api/internal/artifacts/ConfigurationResolver;Lorg/gradle/internal/event/ListenerManager;Lorg/gradle/api/internal/DomainObjectContext;Lorg/gradle/api/internal/file/FileCollectionFactory;Lorg/gradle/internal/operations/BuildOperationRunner;Lorg/gradle/api/internal/artifacts/dsl/PublishArtifactNotationParserFactory;Lorg/gradle/api/internal/attributes/AttributesFactory;Lorg/gradle/api/internal/artifacts/ResolveExceptionMapper;Lorg/gradle/api/internal/attributes/AttributeDesugaring;Lorg/gradle/internal/code/UserCodeApplicationContext;Lorg/gradle/api/internal/CollectionCallbackActionDecorator;Lorg/gradle/api/internal/project/ProjectStateRegistry;Lorg/gradle/internal/work/WorkerThreadRegistry;Lorg/gradle/api/internal/collections/DomainObjectCollectionFactory;Lorg/gradle/internal/model/CalculatedValueFactory;Lorg/gradle/api/internal/tasks/TaskDependencyFactory;Lorg/gradle/api/problems/internal/InternalProblems;)V+40
j  java.lang.invoke.LambdaForm$DMH+0x00000157b464b000.newInvokeSpecial(Ljava/lang/Object;Ljava/lang/Object;Ljava/lang/Object;Ljava/lang/Object;Ljava/lang/Object;Ljava/lang/Object;Ljava/lang/Object;Ljava/lang/Object;Ljava/lang/Object;Ljava/lang/Object;Ljava/lang/Object;Ljava/lang/Object;Ljava/lang/Object;Ljava/lang/Object;Ljava/lang/Object;Ljava/lang/Object;Ljava/lang/Object;Ljava/lang/Object;Ljava/lang/Object;)Ljava/lang/Object;+52 java.base@21.0.12.1
j  java.lang.invoke.LambdaForm$MH+0x00000157b4650000.invoke(Ljava/lang/Object;Ljava/lang/Object;Ljava/lang/Object;Ljava/lang/Object;Ljava/lang/Object;Ljava/lang/Object;Ljava/lang/Object;Ljava/lang/Object;Ljava/lang/Object;Ljava/lang/Object;Ljava/lang/Object;Ljava/lang/Object;Ljava/lang/Object;Ljava/lang/Object;Ljava/lang/Object;Ljava/lang/Object;Ljava/lang/Object;Ljava/lang/Object;Ljava/lang/Object;)Ljava/lang/Object;+373 java.base@21.0.12.1
j  java.lang.invoke.LambdaForm$MH+0x00000157b4650400.invoke(Ljava/lang/Object;Ljava/lang/Object;)Ljava/lang/Object;+159 java.base@21.0.12.1
J 1719 c1 java.lang.invoke.Invokers$Holder.invokeExact_MT(Ljava/lang/Object;Ljava/lang/Object;Ljava/lang/Object;)Ljava/lang/Object; java.base@21.0.12.1 (23 bytes) @ 0x000001579f0cd9dc [0x000001579f0cd3a0+0x000000000000063c]
J 1745 c1 jdk.internal.reflect.DirectConstructorHandleAccessor.newInstance([Ljava/lang/Object;)Ljava/lang/Object; java.base@21.0.12.1 (130 bytes) @ 0x000001579f0d652c [0x000001579f0d6240+0x00000000000002ec]
J 1648 c1 java.lang.reflect.Constructor.newInstanceWithCaller([Ljava/lang/Object;ZLjava/lang/Class;)Ljava/lang/Object; java.base@21.0.12.1 (51 bytes) @ 0x000001579f0a7bcc [0x000001579f0a79e0+0x00000000000001ec]
J 1649 c1 java.lang.reflect.Constructor.newInstance([Ljava/lang/Object;)Ljava/lang/Object; java.base@21.0.12.1 (34 bytes) @ 0x000001579f0a8144 [0x000001579f0a7fe0+0x0000000000000164]
j  org.gradle.internal.service.DefaultServiceRegistry$ConstructorService.invokeMethod([Ljava/lang/Object;)Ljava/lang/Object;+5
J 3347 c1 org.gradle.internal.service.DefaultServiceRegistry$FactoryService.createServiceInstance()Ljava/lang/Object; (18 bytes) @ 0x000001579f3fa004 [0x000001579f3f9ec0+0x0000000000000144]
j  org.gradle.internal.service.DefaultServiceRegistry$ConstructorService.createServiceInstance()Ljava/lang/Object;+1
J 3005 c1 org.gradle.internal.service.DefaultServiceRegistry$ManagedObjectServiceProvider.getInstance()Ljava/lang/Object; (47 bytes) @ 0x000001579f34138c [0x000001579f3411e0+0x00000000000001ac]
J 2746 c1 org.gradle.internal.service.DefaultServiceRegistry$SingletonService.get()Ljava/lang/Object; (5 bytes) @ 0x000001579f2c2f3c [0x000001579f2c2ec0+0x000000000000007c]
J 3348 c1 org.gradle.internal.service.DefaultServiceRegistry$FactoryService.assembleParameters()[Ljava/lang/Object; (58 bytes) @ 0x000001579f3f9734 [0x000001579f3f9500+0x0000000000000234]
J 3870 c1 org.gradle.internal.service.DefaultServiceRegistry$FactoryMethodService.createServiceInstance()Ljava/lang/Object; (17 bytes) @ 0x000001579f5079a4 [0x000001579f5078e0+0x00000000000000c4]
J 3005 c1 org.gradle.internal.service.DefaultServiceRegistry$ManagedObjectServiceProvider.getInstance()Ljava/lang/Object; (47 bytes) @ 0x000001579f34138c [0x000001579f3411e0+0x00000000000001ac]
J 2746 c1 org.gradle.internal.service.DefaultServiceRegistry$SingletonService.get()Ljava/lang/Object; (5 bytes) @ 0x000001579f2c2f3c [0x000001579f2c2ec0+0x000000000000007c]
j  org.gradle.internal.service.DefaultServiceRegistry.find(Ljava/lang/reflect/Type;)Ljava/lang/Object;+22
j  org.gradle.internal.service.DefaultServiceRegistry.get(Ljava/lang/reflect/Type;)Ljava/lang/Object;+2
j  org.gradle.internal.service.DefaultServiceRegistry.get(Ljava/lang/Class;)Ljava/lang/Object;+3
j  org.gradle.api.internal.artifacts.DefaultDependencyManagementServices$DefaultDependencyResolutionServices.getConfigurationContainer()Lorg/gradle/api/internal/artifacts/configurations/ConfigurationContainerInternal;+6
j  org.gradle.api.internal.artifacts.DefaultDependencyManagementServices$DefaultDependencyResolutionServices.getConfigurationContainer()Lorg/gradle/api/artifacts/ConfigurationContainer;+1
j  org.gradle.api.internal.artifacts.DefaultDependencyManagementServices.newDetachedResolver(Lorg/gradle/api/internal/file/FileResolver;Lorg/gradle/api/internal/file/FileCollectionFactory;Lorg/gradle/api/internal/DomainObjectContext;)Lorg/gradle/api/internal/artifacts/DependencyResolutionServices;+18
j  org.gradle.api.internal.artifacts.DefaultDependencyManagementServices.newDetachedResolver(Lorg/gradle/api/internal/DomainObjectContext;)Lorg/gradle/api/internal/artifacts/DependencyResolutionServices;+30
j  org.gradle.internal.management.DefaultDependencyResolutionManagement.lambda$new$0(Lorg/gradle/api/internal/artifacts/DependencyManagementServices;)Lorg/gradle/api/internal/artifacts/DependencyResolutionServices;+4
j  org.gradle.internal.management.DefaultDependencyResolutionManagement$$Lambda+0x00000157b4585cb0.get()Ljava/lang/Object;+4
j  org.gradle.internal.lazy.LockingLazy.get()Ljava/lang/Object;+22
j  org.gradle.internal.management.DefaultDependencyResolutionManagement.getRepositories()Lorg/gradle/api/artifacts/dsl/RepositoryHandler;+4
j  org.gradle.internal.management.DefaultDependencyResolutionManagement_Decorated.getRepositories()Lorg/gradle/api/artifacts/dsl/RepositoryHandler;+8
j  org.gradle.internal.management.DefaultDependencyResolutionManagement.preventFromFurtherMutation()V+6
j  org.gradle.initialization.DefaultSettings.preventFromFurtherMutation()V+4
j  org.gradle.initialization.SettingsEvaluatedCallbackFiringSettingsProcessor.process(Lorg/gradle/api/internal/GradleInternal;Lorg/gradle/initialization/SettingsLocation;Lorg/gradle/api/internal/initialization/ClassLoaderScope;Lorg/gradle/StartParameter;)Lorg/gradle/initialization/SettingsState;+38
j  org.gradle.initialization.RootBuildCacheControllerSettingsProcessor.process(Lorg/gradle/api/internal/GradleInternal;Lorg/gradle/initialization/SettingsLocation;Lorg/gradle/api/internal/initialization/ClassLoaderScope;Lorg/gradle/StartParameter;)Lorg/gradle/initialization/SettingsState;+9
j  org.gradle.initialization.BuildOperationSettingsProcessor$2.call(Lorg/gradle/internal/operations/BuildOperationContext;)Lorg/gradle/initialization/SettingsState;+23
j  org.gradle.initialization.BuildOperationSettingsProcessor$2.call(Lorg/gradle/internal/operations/BuildOperationContext;)Ljava/lang/Object;+2
j  org.gradle.internal.operations.DefaultBuildOperationRunner$CallableBuildOperationWorker.execute(Lorg/gradle/internal/operations/CallableBuildOperation;Lorg/gradle/internal/operations/BuildOperationContext;)V+3
j  org.gradle.internal.operations.DefaultBuildOperationRunner$CallableBuildOperationWorker.execute(Lorg/gradle/internal/operations/BuildOperation;Lorg/gradle/internal/operations/BuildOperationContext;)V+6
j  org.gradle.internal.operations.DefaultBuildOperationRunner$2.execute(Lorg/gradle/internal/operations/BuildOperationDescriptor;Lorg/gradle/internal/operations/BuildOperationState;Lorg/gradle/internal/operations/BuildOperationState;Lorg/gradle/internal/operations/DefaultBuildOperationRunner$ReadableBuildOperationContext;Lorg/gradle/internal/operations/DefaultBuildOperationRunner$BuildOperationExecutionListener;)Lorg/gradle/internal/operations/BuildOperation;+22
j  org.gradle.internal.operations.DefaultBuildOperationRunner$2.execute(Lorg/gradle/internal/operations/BuildOperationDescriptor;Lorg/gradle/internal/operations/BuildOperationState;Lorg/gradle/internal/operations/BuildOperationState;Lorg/gradle/internal/operations/DefaultBuildOperationRunner$ReadableBuildOperationContext;Lorg/gradle/internal/operations/DefaultBuildOperationRunner$BuildOperationExecutionListener;)Ljava/lang/Object;+8
j  org.gradle.internal.operations.DefaultBuildOperationRunner.execute(Lorg/gradle/internal/operations/BuildOperationDescriptor$Builder;Lorg/gradle/internal/operations/BuildOperationState;Lorg/gradle/internal/operations/DefaultBuildOperationRunner$BuildOperationExecution;)Ljava/lang/Object;+141
j  org.gradle.internal.operations.DefaultBuildOperationRunner.execute(Lorg/gradle/internal/operations/BuildOperation;Lorg/gradle/internal/operations/BuildOperationWorker;Lorg/gradle/internal/operations/BuildOperationState;)V+18
j  org.gradle.internal.operations.DefaultBuildOperationRunner.call(Lorg/gradle/internal/operations/CallableBuildOperation;)Ljava/lang/Object;+16
j  org.gradle.initialization.BuildOperationSettingsProcessor.process(Lorg/gradle/api/internal/GradleInternal;Lorg/gradle/initialization/SettingsLocation;Lorg/gradle/api/internal/initialization/ClassLoaderScope;Lorg/gradle/StartParameter;)Lorg/gradle/initialization/SettingsState;+17
j  org.gradle.initialization.DefaultSettingsLoader.findSettingsAndLoadIfAppropriate(Lorg/gradle/api/internal/GradleInternal;Lorg/gradle/StartParameter;Lorg/gradle/initialization/SettingsLocation;Lorg/gradle/api/internal/initialization/ClassLoaderScope;)Lorg/gradle/initialization/SettingsState;+9
j  org.gradle.initialization.DefaultSettingsLoader.findAndLoadSettings(Lorg/gradle/api/internal/GradleInternal;)Lorg/gradle/initialization/SettingsState;+103
j  org.gradle.initialization.SettingsAttachingSettingsLoader.findAndLoadSettings(Lorg/gradle/api/internal/GradleInternal;)Lorg/gradle/initialization/SettingsState;+5
j  org.gradle.internal.composite.CommandLineIncludedBuildSettingsLoader.findAndLoadSettings(Lorg/gradle/api/internal/GradleInternal;)Lorg/gradle/initialization/SettingsState;+5
j  org.gradle.internal.composite.ChildBuildRegisteringSettingsLoader.findAndLoadSettings(Lorg/gradle/api/internal/GradleInternal;)Lorg/gradle/initialization/SettingsState;+5
j  org.gradle.internal.composite.CompositeBuildSettingsLoader.findAndLoadSettings(Lorg/gradle/api/internal/GradleInternal;)Lorg/gradle/initialization/SettingsState;+5
j  org.gradle.initialization.InitScriptHandlingSettingsLoader.findAndLoadSettings(Lorg/gradle/api/internal/GradleInternal;)Lorg/gradle/initialization/SettingsState;+13
j  org.gradle.api.internal.initialization.CacheConfigurationsHandlingSettingsLoader.findAndLoadSettings(Lorg/gradle/api/internal/GradleInternal;)Lorg/gradle/initialization/SettingsState;+15
j  org.gradle.initialization.GradlePropertiesHandlingSettingsLoader.findAndLoadSettings(Lorg/gradle/api/internal/GradleInternal;)Lorg/gradle/initialization/SettingsState;+40
j  org.gradle.initialization.DefaultSettingsPreparer.prepareSettings(Lorg/gradle/api/internal/GradleInternal;)V+33
j  org.gradle.initialization.BuildOperationFiringSettingsPreparer$LoadBuild.doLoadBuild()V+11
j  org.gradle.initialization.BuildOperationFiringSettingsPreparer$LoadBuild.run(Lorg/gradle/internal/operations/BuildOperationContext;)V+1
j  org.gradle.internal.operations.DefaultBuildOperationRunner$1.execute(Lorg/gradle/internal/operations/RunnableBuildOperation;Lorg/gradle/internal/operations/BuildOperationContext;)V+2
j  org.gradle.internal.operations.DefaultBuildOperationRunner$1.execute(Lorg/gradle/internal/operations/BuildOperation;Lorg/gradle/internal/operations/BuildOperationContext;)V+6
j  org.gradle.internal.operations.DefaultBuildOperationRunner$2.execute(Lorg/gradle/internal/operations/BuildOperationDescriptor;Lorg/gradle/internal/operations/BuildOperationState;Lorg/gradle/internal/operations/BuildOperationState;Lorg/gradle/internal/operations/DefaultBuildOperationRunner$ReadableBuildOperationContext;Lorg/gradle/internal/operations/DefaultBuildOperationRunner$BuildOperationExecutionListener;)Lorg/gradle/internal/operations/BuildOperation;+22
j  org.gradle.internal.operations.DefaultBuildOperationRunner$2.execute(Lorg/gradle/internal/operations/BuildOperationDescriptor;Lorg/gradle/internal/operations/BuildOperationState;Lorg/gradle/internal/operations/BuildOperationState;Lorg/gradle/internal/operations/DefaultBuildOperationRunner$ReadableBuildOperationContext;Lorg/gradle/internal/operations/DefaultBuildOperationRunner$BuildOperationExecutionListener;)Ljava/lang/Object;+8
j  org.gradle.internal.operations.DefaultBuildOperationRunner.execute(Lorg/gradle/internal/operations/BuildOperationDescriptor$Builder;Lorg/gradle/internal/operations/BuildOperationState;Lorg/gradle/internal/operations/DefaultBuildOperationRunner$BuildOperationExecution;)Ljava/lang/Object;+141
j  org.gradle.internal.operations.DefaultBuildOperationRunner.execute(Lorg/gradle/internal/operations/BuildOperation;Lorg/gradle/internal/operations/BuildOperationWorker;Lorg/gradle/internal/operations/BuildOperationState;)V+18
j  org.gradle.internal.operations.DefaultBuildOperationRunner.run(Lorg/gradle/internal/operations/RunnableBuildOperation;)V+9
j  org.gradle.initialization.BuildOperationFiringSettingsPreparer.prepareSettings(Lorg/gradle/api/internal/GradleInternal;)V+31
j  org.gradle.initialization.VintageBuildModelController.lambda$prepareSettings$1()V+8
j  org.gradle.initialization.VintageBuildModelController$$Lambda+0x00000157b4428228.run()V+4
j  org.gradle.internal.model.StateTransitionController.lambda$doTransition$14(Ljava/lang/Runnable;)Lorg/gradle/internal/build/ExecutionResult;+1
j  org.gradle.internal.model.StateTransitionController$$Lambda+0x00000157b4428000.get()Ljava/lang/Object;+4
j  org.gradle.internal.model.StateTransitionController.doTransition(Lorg/gradle/internal/model/StateTransitionController$State;Lorg/gradle/internal/model/StateTransitionController$State;Ljava/util/function/Supplier;)Lorg/gradle/internal/build/ExecutionResult;+24
j  org.gradle.internal.model.StateTransitionController.doTransition(Lorg/gradle/internal/model/StateTransitionController$State;Lorg/gradle/internal/model/StateTransitionController$State;Ljava/lang/Runnable;)V+9
j  org.gradle.internal.model.StateTransitionController.lambda$transitionIfNotPreviously$11(Lorg/gradle/internal/model/StateTransitionController$State;Lorg/gradle/internal/model/StateTransitionController$State;Ljava/lang/Runnable;)V+16
j  org.gradle.internal.model.StateTransitionController$$Lambda+0x00000157b4428450.run()V+16
j  org.gradle.internal.work.DefaultSynchronizer.withLock(Ljava/lang/Runnable;)V+6
j  org.gradle.internal.model.StateTransitionController.transitionIfNotPreviously(Lorg/gradle/internal/model/StateTransitionController$State;Lorg/gradle/internal/model/StateTransitionController$State;Ljava/lang/Runnable;)V+13
j  org.gradle.initialization.VintageBuildModelController.prepareSettings()V+16
j  org.gradle.initialization.VintageBuildModelController.prepareToScheduleTasks()V+1
j  org.gradle.internal.build.DefaultBuildLifecycleController.lambda$prepareToScheduleTasks$6()V+9
j  org.gradle.internal.build.DefaultBuildLifecycleController$$Lambda+0x00000157b4424a00.run()V+4
j  org.gradle.internal.model.StateTransitionController.lambda$doTransition$14(Ljava/lang/Runnable;)Lorg/gradle/internal/build/ExecutionResult;+1
j  org.gradle.internal.model.StateTransitionController$$Lambda+0x00000157b4428000.get()Ljava/lang/Object;+4
j  org.gradle.internal.model.StateTransitionController.doTransition(Lorg/gradle/internal/model/StateTransitionController$State;Lorg/gradle/internal/model/StateTransitionController$State;Ljava/util/function/Supplier;)Lorg/gradle/internal/build/ExecutionResult;+24
j  org.gradle.internal.model.StateTransitionController.doTransition(Lorg/gradle/internal/model/StateTransitionController$State;Lorg/gradle/internal/model/StateTransitionController$State;Ljava/lang/Runnable;)V+9
j  org.gradle.internal.model.StateTransitionController.lambda$maybeTransition$9(Lorg/gradle/internal/model/StateTransitionController$State;Lorg/gradle/internal/model/StateTransitionController$State;Ljava/lang/Runnable;)V+16
j  org.gradle.internal.model.StateTransitionController$$Lambda+0x00000157b4424c28.run()V+16
j  org.gradle.internal.work.DefaultSynchronizer.withLock(Ljava/lang/Runnable;)V+6
j  org.gradle.internal.model.StateTransitionController.maybeTransition(Lorg/gradle/internal/model/StateTransitionController$State;Lorg/gradle/internal/model/StateTransitionController$State;Ljava/lang/Runnable;)V+13
j  org.gradle.internal.build.DefaultBuildLifecycleController.prepareToScheduleTasks()V+16
j  org.gradle.internal.buildtree.DefaultBuildTreeWorkPreparer.scheduleRequestedTasks(Lorg/gradle/internal/buildtree/BuildTreeWorkGraph;Lorg/gradle/execution/EntryTaskSelector;)Lorg/gradle/internal/buildtree/BuildTreeWorkGraph$FinalizedGraph;+4
j  org.gradle.internal.cc.impl.VintageBuildTreeWorkController$scheduleAndRunRequestedTasks$1.apply(Lorg/gradle/internal/buildtree/BuildTreeWorkGraph;)Lorg/gradle/internal/build/ExecutionResult;+18
j  org.gradle.internal.cc.impl.VintageBuildTreeWorkController$scheduleAndRunRequestedTasks$1.apply(Ljava/lang/Object;)Ljava/lang/Object;+5
j  org.gradle.composite.internal.DefaultIncludedBuildTaskGraph.withNewWorkGraph(Ljava/util/function/Function;)Ljava/lang/Object;+30
j  org.gradle.internal.cc.impl.VintageBuildTreeWorkController.scheduleAndRunRequestedTasks(Lorg/gradle/execution/EntryTaskSelector;)Lorg/gradle/internal/build/ExecutionResult;+16
j  org.gradle.internal.buildtree.DefaultBuildTreeLifecycleController.lambda$scheduleAndRunTasks$1(Lorg/gradle/execution/EntryTaskSelector;)Lorg/gradle/internal/build/ExecutionResult;+5
j  org.gradle.internal.buildtree.DefaultBuildTreeLifecycleController$$Lambda+0x00000157b4425248.get()Ljava/lang/Object;+8
j  org.gradle.internal.buildtree.DefaultBuildTreeLifecycleController.lambda$runBuild$4(Ljava/util/function/Supplier;)Ljava/lang/Object;+1
j  org.gradle.internal.buildtree.DefaultBuildTreeLifecycleController$$Lambda+0x00000157b4425470.get()Ljava/lang/Object;+8
j  org.gradle.internal.model.StateTransitionController.lambda$transition$6(Ljava/util/function/Supplier;)Lorg/gradle/internal/build/ExecutionResult;+1
j  org.gradle.internal.model.StateTransitionController$$Lambda+0x00000157b44258c0.get()Ljava/lang/Object;+4
j  org.gradle.internal.model.StateTransitionController.doTransition(Lorg/gradle/internal/model/StateTransitionController$State;Lorg/gradle/internal/model/StateTransitionController$State;Ljava/util/function/Supplier;)Lorg/gradle/internal/build/ExecutionResult;+24
j  org.gradle.internal.model.StateTransitionController.lambda$transition$7(Lorg/gradle/internal/model/StateTransitionController$State;Lorg/gradle/internal/model/StateTransitionController$State;Ljava/util/function/Supplier;)Ljava/lang/Object;+9
j  org.gradle.internal.model.StateTransitionController$$Lambda+0x00000157b4425698.create()Ljava/lang/Object;+16
j  org.gradle.internal.work.DefaultSynchronizer.withLock(Lorg/gradle/internal/Factory;)Ljava/lang/Object;+6
j  org.gradle.internal.model.StateTransitionController.transition(Lorg/gradle/internal/model/StateTransitionController$State;Lorg/gradle/internal/model/StateTransitionController$State;Ljava/util/function/Supplier;)Ljava/lang/Object;+13
j  org.gradle.internal.buildtree.DefaultBuildTreeLifecycleController.runBuild(Ljava/util/function/Supplier;)Ljava/lang/Object;+17
j  org.gradle.internal.buildtree.DefaultBuildTreeLifecycleController.scheduleAndRunTasks(Lorg/gradle/execution/EntryTaskSelector;)V+8
j  org.gradle.internal.buildtree.DefaultBuildTreeLifecycleController.scheduleAndRunTasks()V+2
j  org.gradle.tooling.internal.provider.runner.BuildModelActionRunner.run(Lorg/gradle/internal/invocation/BuildAction;Lorg/gradle/internal/buildtree/BuildTreeLifecycleController;)Lorg/gradle/internal/buildtree/BuildActionRunner$Result;+65
j  org.gradle.launcher.exec.ChainingBuildActionRunner.run(Lorg/gradle/internal/invocation/BuildAction;Lorg/gradle/internal/buildtree/BuildTreeLifecycleController;)Lorg/gradle/internal/buildtree/BuildActionRunner$Result;+34
j  org.gradle.internal.buildtree.ProblemReportingBuildActionRunner.run(Lorg/gradle/internal/invocation/BuildAction;Lorg/gradle/internal/buildtree/BuildTreeLifecycleController;)Lorg/gradle/internal/buildtree/BuildActionRunner$Result;+12
j  org.gradle.launcher.exec.BuildOutcomeReportingBuildActionRunner.run(Lorg/gradle/internal/invocation/BuildAction;Lorg/gradle/internal/buildtree/BuildTreeLifecycleController;)Lorg/gradle/internal/buildtree/BuildActionRunner$Result;+69
j  org.gradle.tooling.internal.provider.FileSystemWatchingBuildActionRunner.run(Lorg/gradle/internal/invocation/BuildAction;Lorg/gradle/internal/buildtree/BuildTreeLifecycleController;)Lorg/gradle/internal/buildtree/BuildActionRunner$Result;+317
j  org.gradle.launcher.exec.BuildCompletionNotifyingBuildActionRunner.run(Lorg/gradle/internal/invocation/BuildAction;Lorg/gradle/internal/buildtree/BuildTreeLifecycleController;)Lorg/gradle/internal/buildtree/BuildActionRunner$Result;+6
j  org.gradle.launcher.exec.RootBuildLifecycleBuildActionExecutor.lambda$execute$0(Lorg/gradle/internal/invocation/BuildAction;Lorg/gradle/internal/buildtree/BuildTreeLifecycleController;)Lorg/gradle/internal/buildtree/BuildActionRunner$Result;+6
j  org.gradle.launcher.exec.RootBuildLifecycleBuildActionExecutor$$Lambda+0x00000157b440f788.apply(Ljava/lang/Object;)Ljava/lang/Object;+12
j  org.gradle.composite.internal.DefaultRootBuildState.run(Ljava/util/function/Function;)Ljava/lang/Object;+87
j  org.gradle.launcher.exec.RootBuildLifecycleBuildActionExecutor.execute(Lorg/gradle/internal/invocation/BuildAction;Lorg/gradle/internal/buildtree/BuildTreeContext;)Lorg/gradle/internal/buildtree/BuildActionRunner$Result;+75
j  org.gradle.internal.buildtree.InitDeprecationLoggingActionExecutor.execute(Lorg/gradle/internal/invocation/BuildAction;Lorg/gradle/internal/buildtree/BuildTreeContext;)Lorg/gradle/internal/buildtree/BuildActionRunner$Result;+83
j  org.gradle.internal.buildtree.InitProblems.execute(Lorg/gradle/internal/invocation/BuildAction;Lorg/gradle/internal/buildtree/BuildTreeContext;)Lorg/gradle/internal/buildtree/BuildActionRunner$Result;+13
j  org.gradle.internal.buildtree.DefaultBuildTreeContext.execute(Lorg/gradle/internal/invocation/BuildAction;)Lorg/gradle/internal/buildtree/BuildActionRunner$Result;+64
j  org.gradle.launcher.exec.BuildTreeLifecycleBuildActionExecutor.lambda$execute$0(Lorg/gradle/internal/invocation/BuildAction;Lorg/gradle/internal/buildtree/BuildTreeContext;)Lorg/gradle/internal/buildtree/BuildActionRunner$Result;+2
j  org.gradle.launcher.exec.BuildTreeLifecycleBuildActionExecutor$$Lambda+0x00000157b42b38f0.apply(Ljava/lang/Object;)Ljava/lang/Object;+8
j  org.gradle.internal.buildtree.BuildTreeState.run(Ljava/util/function/Function;)Ljava/lang/Object;+47
j  org.gradle.launcher.exec.BuildTreeLifecycleBuildActionExecutor.execute(Lorg/gradle/internal/invocation/BuildAction;Lorg/gradle/internal/session/BuildSessionContext;)Lorg/gradle/internal/buildtree/BuildActionRunner$Result;+74
j  org.gradle.launcher.exec.RunAsBuildOperationBuildActionExecutor$2.call(Lorg/gradle/internal/operations/BuildOperationContext;)Lorg/gradle/internal/buildtree/BuildActionRunner$Result;+25
j  org.gradle.launcher.exec.RunAsBuildOperationBuildActionExecutor$2.call(Lorg/gradle/internal/operations/BuildOperationContext;)Ljava/lang/Object;+2
j  org.gradle.internal.operations.DefaultBuildOperationRunner$CallableBuildOperationWorker.execute(Lorg/gradle/internal/operations/CallableBuildOperation;Lorg/gradle/internal/operations/BuildOperationContext;)V+3
j  org.gradle.internal.operations.DefaultBuildOperationRunner$CallableBuildOperationWorker.execute(Lorg/gradle/internal/operations/BuildOperation;Lorg/gradle/internal/operations/BuildOperationContext;)V+6
j  org.gradle.internal.operations.DefaultBuildOperationRunner$2.execute(Lorg/gradle/internal/operations/BuildOperationDescriptor;Lorg/gradle/internal/operations/BuildOperationState;Lorg/gradle/internal/operations/BuildOperationState;Lorg/gradle/internal/operations/DefaultBuildOperationRunner$ReadableBuildOperationContext;Lorg/gradle/internal/operations/DefaultBuildOperationRunner$BuildOperationExecutionListener;)Lorg/gradle/internal/operations/BuildOperation;+22
j  org.gradle.internal.operations.DefaultBuildOperationRunner$2.execute(Lorg/gradle/internal/operations/BuildOperationDescriptor;Lorg/gradle/internal/operations/BuildOperationState;Lorg/gradle/internal/operations/BuildOperationState;Lorg/gradle/internal/operations/DefaultBuildOperationRunner$ReadableBuildOperationContext;Lorg/gradle/internal/operations/DefaultBuildOperationRunner$BuildOperationExecutionListener;)Ljava/lang/Object;+8
j  org.gradle.internal.operations.DefaultBuildOperationRunner.execute(Lorg/gradle/internal/operations/BuildOperationDescriptor$Builder;Lorg/gradle/internal/operations/BuildOperationState;Lorg/gradle/internal/operations/DefaultBuildOperationRunner$BuildOperationExecution;)Ljava/lang/Object;+141
j  org.gradle.internal.operations.DefaultBuildOperationRunner.execute(Lorg/gradle/internal/operations/BuildOperation;Lorg/gradle/internal/operations/BuildOperationWorker;Lorg/gradle/internal/operations/BuildOperationState;)V+18
j  org.gradle.internal.operations.DefaultBuildOperationRunner.call(Lorg/gradle/internal/operations/CallableBuildOperation;)Ljava/lang/Object;+16
j  org.gradle.launcher.exec.RunAsBuildOperationBuildActionExecutor.execute(Lorg/gradle/internal/invocation/BuildAction;Lorg/gradle/internal/session/BuildSessionContext;)Lorg/gradle/internal/buildtree/BuildActionRunner$Result;+23
j  org.gradle.launcher.exec.RunAsWorkerThreadBuildActionExecutor.lambda$execute$0(Lorg/gradle/internal/invocation/BuildAction;Lorg/gradle/internal/session/BuildSessionContext;)Lorg/gradle/internal/buildtree/BuildActionRunner$Result;+6
j  org.gradle.launcher.exec.RunAsWorkerThreadBuildActionExecutor$$Lambda+0x00000157b42877a0.create()Ljava/lang/Object;+12
j  org.gradle.internal.work.DefaultWorkerLeaseService.withLocks(Ljava/util/Collection;Lorg/gradle/internal/Factory;)Ljava/lang/Object;+28
j  org.gradle.internal.work.DefaultWorkerLeaseService.runAsWorkerThread(Lorg/gradle/internal/Factory;)Ljava/lang/Object;+33
j  org.gradle.launcher.exec.RunAsWorkerThreadBuildActionExecutor.execute(Lorg/gradle/internal/invocation/BuildAction;Lorg/gradle/internal/session/BuildSessionContext;)Lorg/gradle/internal/buildtree/BuildActionRunner$Result;+12
j  org.gradle.tooling.internal.provider.continuous.ContinuousBuildActionExecutor.execute(Lorg/gradle/internal/invocation/BuildAction;Lorg/gradle/internal/session/BuildSessionContext;)Lorg/gradle/internal/buildtree/BuildActionRunner$Result;+58
j  org.gradle.tooling.internal.provider.SubscribableBuildActionExecutor.execute(Lorg/gradle/internal/invocation/BuildAction;Lorg/gradle/internal/session/BuildSessionContext;)Lorg/gradle/internal/buildtree/BuildActionRunner$Result;+30
j  org.gradle.internal.session.DefaultBuildSessionContext.execute(Lorg/gradle/internal/invocation/BuildAction;)Lorg/gradle/internal/buildtree/BuildActionRunner$Result;+64
j  org.gradle.internal.buildprocess.execution.BuildSessionLifecycleBuildActionExecutor$ActionImpl.apply(Lorg/gradle/internal/session/BuildSessionContext;)Lorg/gradle/launcher/exec/BuildActionResult;+6
j  org.gradle.internal.buildprocess.execution.BuildSessionLifecycleBuildActionExecutor$ActionImpl.apply(Ljava/lang/Object;)Ljava/lang/Object;+5
j  org.gradle.internal.session.BuildSessionState.run(Ljava/util/function/Function;)Ljava/lang/Object;+5
j  org.gradle.internal.buildprocess.execution.BuildSessionLifecycleBuildActionExecutor.execute(Lorg/gradle/internal/invocation/BuildAction;Lorg/gradle/launcher/exec/BuildActionParameters;Lorg/gradle/initialization/BuildRequestContext;)Lorg/gradle/launcher/exec/BuildActionResult;+95
j  org.gradle.internal.buildprocess.execution.BuildSessionLifecycleBuildActionExecutor.execute(Lorg/gradle/internal/invocation/BuildAction;Ljava/lang/Object;Ljava/lang/Object;)Lorg/gradle/launcher/exec/BuildActionResult;+10
j  org.gradle.internal.buildprocess.execution.StartParamsValidatingActionExecutor.execute(Lorg/gradle/internal/invocation/BuildAction;Lorg/gradle/launcher/exec/BuildActionParameters;Lorg/gradle/initialization/BuildRequestContext;)Lorg/gradle/launcher/exec/BuildActionResult;+203
j  org.gradle.internal.buildprocess.execution.StartParamsValidatingActionExecutor.execute(Lorg/gradle/internal/invocation/BuildAction;Ljava/lang/Object;Ljava/lang/Object;)Lorg/gradle/launcher/exec/BuildActionResult;+10
j  org.gradle.internal.buildprocess.execution.SessionFailureReportingActionExecutor.execute(Lorg/gradle/internal/invocation/BuildAction;Lorg/gradle/launcher/exec/BuildActionParameters;Lorg/gradle/initialization/BuildRequestContext;)Lorg/gradle/launcher/exec/BuildActionResult;+7
j  org.gradle.internal.buildprocess.execution.SessionFailureReportingActionExecutor.execute(Lorg/gradle/internal/invocation/BuildAction;Ljava/lang/Object;Ljava/lang/Object;)Lorg/gradle/launcher/exec/BuildActionResult;+10
j  org.gradle.internal.buildprocess.execution.SetupLoggingActionExecutor.execute(Lorg/gradle/internal/invocation/BuildAction;Lorg/gradle/launcher/exec/BuildActionParameters;Lorg/gradle/initialization/BuildRequestContext;)Lorg/gradle/launcher/exec/BuildActionResult;+50
j  org.gradle.internal.buildprocess.execution.SetupLoggingActionExecutor.execute(Lorg/gradle/internal/invocation/BuildAction;Ljava/lang/Object;Ljava/lang/Object;)Lorg/gradle/launcher/exec/BuildActionResult;+10
j  org.gradle.launcher.daemon.server.exec.ExecuteBuild.doBuild(Lorg/gradle/launcher/daemon/server/api/DaemonCommandExecution;Lorg/gradle/launcher/daemon/protocol/Build;)V+147
j  org.gradle.launcher.daemon.server.exec.BuildCommandOnly.execute(Lorg/gradle/launcher/daemon/server/api/DaemonCommandExecution;)V+49
j  org.gradle.launcher.daemon.server.api.DaemonCommandExecution.proceed()Z+23
j  org.gradle.launcher.daemon.server.exec.WatchForDisconnection.execute(Lorg/gradle/launcher/daemon/server/api/DaemonCommandExecution;)V+19
j  org.gradle.launcher.daemon.server.api.DaemonCommandExecution.proceed()Z+23
j  org.gradle.launcher.daemon.server.exec.ResetDeprecationLogger.execute(Lorg/gradle/launcher/daemon/server/api/DaemonCommandExecution;)V+7
j  org.gradle.launcher.daemon.server.api.DaemonCommandExecution.proceed()Z+23
j  org.gradle.launcher.daemon.server.exec.RequestStopIfSingleUsedDaemon.execute(Lorg/gradle/launcher/daemon/server/api/DaemonCommandExecution;)V+33
j  org.gradle.launcher.daemon.server.api.DaemonCommandExecution.proceed()Z+23
j  org.gradle.launcher.daemon.server.exec.ForwardClientInput.lambda$execute$0(Lorg/gradle/launcher/daemon/server/api/DaemonCommandExecution;Lorg/gradle/internal/daemon/clientinput/StdinHandler;)Ljava/lang/Object;+11
j  org.gradle.launcher.daemon.server.exec.ForwardClientInput$$Lambda+0x00000157b418db38.apply(Ljava/lang/Object;)Ljava/lang/Object;+8
j  org.gradle.internal.daemon.clientinput.ClientInputForwarder.forwardInput(Ljava/util/function/Function;)Ljava/lang/Object;+46
j  org.gradle.launcher.daemon.server.exec.ForwardClientInput.execute(Lorg/gradle/launcher/daemon/server/api/DaemonCommandExecution;)V+10
j  org.gradle.launcher.daemon.server.api.DaemonCommandExecution.proceed()Z+23
j  org.gradle.launcher.daemon.server.exec.LogAndCheckHealth.execute(Lorg/gradle/launcher/daemon/server/api/DaemonCommandExecution;)V+51
j  org.gradle.launcher.daemon.server.api.DaemonCommandExecution.proceed()Z+23
j  org.gradle.launcher.daemon.server.exec.LogToClient.doBuild(Lorg/gradle/launcher/daemon/server/api/DaemonCommandExecution;Lorg/gradle/launcher/daemon/protocol/Build;)V+87
j  org.gradle.launcher.daemon.server.exec.BuildCommandOnly.execute(Lorg/gradle/launcher/daemon/server/api/DaemonCommandExecution;)V+49
j  org.gradle.launcher.daemon.server.api.DaemonCommandExecution.proceed()Z+23
j  org.gradle.launcher.daemon.server.exec.EstablishBuildEnvironment.doBuild(Lorg/gradle/launcher/daemon/server/api/DaemonCommandExecution;Lorg/gradle/launcher/daemon/protocol/Build;)V+356
j  org.gradle.launcher.daemon.server.exec.BuildCommandOnly.execute(Lorg/gradle/launcher/daemon/server/api/DaemonCommandExecution;)V+49
j  org.gradle.launcher.daemon.server.api.DaemonCommandExecution.proceed()Z+23
j  org.gradle.launcher.daemon.server.exec.StartBuildOrRespondWithBusy$1.run()V+44
j  org.gradle.launcher.daemon.server.DaemonStateCoordinator.lambda$runCommand$0(Ljava/lang/Runnable;)V+1
j  org.gradle.launcher.daemon.server.DaemonStateCoordinator$$Lambda+0x00000157b418c6c8.run()V+8
j  org.gradle.internal.concurrent.ExecutorPolicy$CatchAndRecordFailures.onExecute(Ljava/lang/Runnable;)V+1
j  org.gradle.internal.concurrent.AbstractManagedExecutor$1.run()V+25
j  java.util.concurrent.ThreadPoolExecutor.runWorker(Ljava/util/concurrent/ThreadPoolExecutor$Worker;)V+92 java.base@21.0.12.1
j  java.util.concurrent.ThreadPoolExecutor$Worker.run()V+5 java.base@21.0.12.1
j  java.lang.Thread.runWith(Ljava/lang/Object;Ljava/lang/Runnable;)V+5 java.base@21.0.12.1
j  java.lang.Thread.run()V+19 java.base@21.0.12.1
v  ~StubRoutines::call_stub 0x00000157a62b100d

Compiled method (n/a) 273299  863     n 0       java.lang.ClassLoader::defineClass1 (native)
 total in heap  [0x00000157a68b4590,0x00000157a68b4b28] = 1432
 relocation     [0x00000157a68b46f0,0x00000157a68b4728] = 56
 main code      [0x00000157a68b4740,0x00000157a68b4b21] = 993
 stub code      [0x00000157a68b4b21,0x00000157a68b4b28] = 7

[Constant Pool (empty)]

[MachCode]
[Entry Point]
  # {method} {0x00000157b3434c38} 'defineClass1' '(Ljava/lang/ClassLoader;Ljava/lang/String;[BIILjava/security/ProtectionDomain;Ljava/lang/String;)Ljava/lang/Class;' in 'java/lang/ClassLoader'
  # parm0:    rdx:rdx   = 'java/lang/ClassLoader'
  # parm1:    r8:r8     = 'java/lang/String'
  # parm2:    r9:r9     = '[B'
  # parm3:    rdi       = int
  # parm4:    rsi       = int
  # parm5:    rcx:rcx   = 'java/security/ProtectionDomain'
  # parm6:    [sp+0xa0]   = 'java/lang/String'  (sp of caller)
  0x00000157a68b4740: 448b 5208 | 49bb 0000 | 00b3 5701 | 0000 4d03 | d349 3bc2 | 0f84 0600 

  0x00000157a68b4758: ;   {runtime_call ic_miss_stub}
  0x00000157a68b4758: 0000 e921 | a0a4 ff90 
[Verified Entry Point]
  0x00000157a68b4760: 8984 2400 | 80ff ff55 | 488b ec48 | 81ec 9000 | 0000 6690 | 4181 7f20 | 0500 0000 

  0x00000157a68b477c: ;   {runtime_call StubRoutines (final stubs)}
  0x00000157a68b477c: 7405 e81d | 1da3 ff48 | 837d 1000 | 488d 4510 | 480f 4445 | 1048 8944 | 2440 4889 | 4c24 7048 
  0x00000157a68b479c: 83f9 0048 | 8d44 2470 | 480f 4444 | 2470 4889 | 4424 3848 | 8974 2430 | 4889 7c24 | 284c 894c 
  0x00000157a68b47bc: 2458 4983 | f900 488d | 4424 5848 | 0f44 4424 | 5848 8944 | 2420 4c89 | 4424 5049 | 83f8 004c 
  0x00000157a68b47dc: 8d4c 2450 | 4c0f 444c | 2450 4889 | 5424 4848 | 83fa 004c | 8d44 2448 | 4c0f 4444 

  0x00000157a68b47f8: ;   {oop(a 'java/lang/Class'{0x00000000a05846a8} = 'java/lang/ClassLoader')}
  0x00000157a68b47f8: 2448 49be | a846 58a0 | 0000 0000 | 4c89 7424 | 784c 8d74 | 2478 498b | d6c5 f877 

  0x00000157a68b4814: ;   {internal_word}
  0x00000157a68b4814: 49ba 1148 | 8ba6 5701 | 0000 4d89 | 97a8 0300 | 0049 89a7 | a003 0000 

  0x00000157a68b482c: ;   {external_word}
  0x00000157a68b482c: 49ba 066d | d7a9 f97f | 0000 4180 | 3a00 0f84 | 4e00 0000 | 5241 5041 

  0x00000157a68b4844: ;   {metadata({method} {0x00000157b3434c38} 'defineClass1' '(Ljava/lang/ClassLoader;Ljava/lang/String;[BIILjava/security/ProtectionDomain;Ljava/lang/String;)Ljava/lang/Class;' in 'java/lang/ClassLoader')}
  0x00000157a68b4844: 5148 ba30 | 4c43 b357 | 0100 0049 | 8bcf 4883 | ec20 40f6 | c40f 0f84 | 1900 0000 | 4883 ec08 
  0x00000157a68b4864: ;   {runtime_call}
  0x00000157a68b4864: 48b8 e0ea | 80a9 f97f | 0000 ffd0 | 4883 c408 | e90c 0000 

  0x00000157a68b4878: ;   {runtime_call}
  0x00000157a68b4878: 0048 b8e0 | ea80 a9f9 | 7f00 00ff | d048 83c4 | 2041 5941 | 585a 498d | 8fc0 0300 | 0041 c787 
  0x00000157a68b4898: 4c04 0000 | 0400 0000 

  0x00000157a68b48a0: ;   {runtime_call}
  0x00000157a68b48a0: 48b8 ac16 | 3854 fa7f | 0000 ffd0 | c5f8 7741 | c787 4c04 | 0000 0500 | 0000 f083 | 4424 c000 
  0x00000157a68b48c0: 493b af50 | 0400 000f | 870e 0000 | 0041 83bf | 4804 0000 | 000f 842b | 0000 00c5 | f877 4889 
  0x00000157a68b48e0: 45f8 498b | cf4c 8be4 | 4883 ec20 | 4883 e4f0 

  0x00000157a68b48f0: ;   {runtime_call}
  0x00000157a68b48f0: 48b8 0058 | 4ca9 f97f | 0000 ffd0 | 498b e44d | 33e4 488b | 45f8 41c7 | 874c 0400 | 0008 0000 
  0x00000157a68b4910: 0041 83bf | c804 0000 | 020f 84d5 

  0x00000157a68b491c: ;   {external_word}
  0x00000157a68b491c: 0100 0049 | ba06 6dd7 | a9f9 7f00 | 0041 803a | 000f 844c | 0000 0048 

  0x00000157a68b4934: ;   {metadata({method} {0x00000157b3434c38} 'defineClass1' '(Ljava/lang/ClassLoader;Ljava/lang/String;[BIILjava/security/ProtectionDomain;Ljava/lang/String;)Ljava/lang/Class;' in 'java/lang/ClassLoader')}
  0x00000157a68b4934: 8945 f848 | ba30 4c43 | b357 0100 | 0049 8bcf | 4883 ec20 | 40f6 c40f | 0f84 1900 | 0000 4883 
  0x00000157a68b4954: ;   {runtime_call}
  0x00000157a68b4954: ec08 48b8 | e0ea 80a9 | f97f 0000 | ffd0 4883 | c408 e90c 

  0x00000157a68b4968: ;   {runtime_call}
  0x00000157a68b4968: 0000 0048 | b8e0 ea80 | a9f9 7f00 | 00ff d048 | 83c4 2048 | 8b45 f849 | c787 a003 | 0000 0000 
  0x00000157a68b4988: 0000 49c7 | 87a8 0300 | 0000 0000 | 00c5 f877 | 4885 c00f | 8430 0100 | 00a8 030f | 8508 0000 
  0x00000157a68b49a8: 0048 8b00 | e920 0100 | 00a8 010f | 8509 0000 | 0048 8b40 | fee9 0f01 | 0000 488b | 40ff 4180 
  0x00000157a68b49c8: 7f40 000f | 8400 0100 | 0048 83f8 | 000f 84f6 | 0000 0049 | 8b4f 2848 | 83f9 000f | 8414 0000 
  0x00000157a68b49e8: 0048 83e9 | 0849 894f | 2849 034f | 3848 8901 | e9d4 0000 | 0048 83ec | 7048 8904 | 2448 894c 
  0x00000157a68b4a08: 2408 4889 | 5424 104c | 8944 2418 | 4c89 4c24 | 204c 8954 | 2428 4c89 | 5c24 30c5 | fb11 4424 
  0x00000157a68b4a28: 40c5 fb11 | 4c24 48c5 | fb11 5424 | 50c5 fb11 | 5c24 58c5 | fb11 6424 | 60c5 fb11 | 6c24 6849 
  0x00000157a68b4a48: 8bd7 488b | c848 83ec | 2040 f6c4 | 0f0f 8419 | 0000 0048 

  0x00000157a68b4a5c: ;   {runtime_call}
  0x00000157a68b4a5c: 83ec 0848 | b820 a43f | a9f9 7f00 | 00ff d048 | 83c4 08e9 | 0c00 0000 

  0x00000157a68b4a74: ;   {runtime_call}
  0x00000157a68b4a74: 48b8 20a4 | 3fa9 f97f | 0000 ffd0 | 4883 c420 | c5fb 106c | 2468 c5fb | 1064 2460 | c5fb 105c 
  0x00000157a68b4a94: 2458 c5fb | 1054 2450 | c5fb 104c | 2448 c5fb | 1044 2440 | 4c8b 5c24 | 304c 8b54 | 2428 4c8b 
  0x00000157a68b4ab4: 4c24 204c | 8b44 2418 | 488b 5424 | 1048 8b4c | 2408 488b | 0424 4883 | c470 c5f8 | 7749 8b8f 
  0x00000157a68b4ad4: 3004 0000 | c781 0001 | 0000 0000 | 0000 c949 | 837f 0800 | 0f85 0100 

  0x00000157a68b4aec: ;   {runtime_call StubRoutines (initial stubs)}
  0x00000157a68b4aec: 0000 c3e9 | 0cc4 9fff | c5f8 7748 | 8945 f84c | 8be4 4883 | ec20 4883 

  0x00000157a68b4b04: ;   {runtime_call}
  0x00000157a68b4b04: e4f0 48b8 | 3022 81a9 | f97f 0000 | ffd0 498b | e44d 33e4 | 488b 45f8 | e9fe fdff | fff4 f4f4 
  0x00000157a68b4b24: f4f4 f4f4 
[/MachCode]


Compiled method (c2) 273313 4892       4       java.lang.ClassLoader::defineClass (43 bytes)
 total in heap  [0x00000157a68c1590,0x00000157a68c55b0] = 16416
 relocation     [0x00000157a68c16f0,0x00000157a68c1970] = 640
 main code      [0x00000157a68c1980,0x00000157a68c3d38] = 9144
 stub code      [0x00000157a68c3d38,0x00000157a68c3e40] = 264
 oops           [0x00000157a68c3e40,0x00000157a68c3e58] = 24
 metadata       [0x00000157a68c3e58,0x00000157a68c3fc0] = 360
 scopes data    [0x00000157a68c3fc0,0x00000157a68c4d68] = 3496
 scopes pcs     [0x00000157a68c4d68,0x00000157a68c52c8] = 1376
 dependencies   [0x00000157a68c52c8,0x00000157a68c52d8] = 16
 handler table  [0x00000157a68c52d8,0x00000157a68c5548] = 624
 nul chk table  [0x00000157a68c5548,0x00000157a68c55b0] = 104

[Constant Pool (empty)]

[MachCode]
[Entry Point]
  # {method} {0x00000157b3434fb8} 'defineClass' '(Ljava/lang/String;[BIILjava/security/ProtectionDomain;)Ljava/lang/Class;' in 'java/lang/ClassLoader'
  # this:     rdx:rdx   = 'java/lang/ClassLoader'
  # parm0:    r8:r8     = 'java/lang/String'
  # parm1:    r9:r9     = '[B'
  # parm2:    rdi       = int
  # parm3:    rsi       = int
  # parm4:    rcx:rcx   = 'java/security/ProtectionDomain'
  #           [sp+0xc0]  (sp of caller)
  0x00000157a68c1980: 448b 5208 | 49bb 0000 | 00b3 5701 | 0000 4d03 | d349 3bc2 

  0x00000157a68c1994: ;   {runtime_call ic_miss_stub}
  0x00000157a68c1994: 0f85 e6cd | a3ff 6690 | 0f1f 4000 
[Verified Entry Point]
  0x00000157a68c19a0: 8984 2400 | 80ff ff55 | 4881 ecb0 | 0000 0090 | 4181 7f20 | 0500 0000 | 0f85 7023 | 0000 4889 
  0x00000157a68c19c0: 4c24 4089 | 7424 3c89 | 7c24 384c | 894c 2430 | 4889 5424 | 284c 8984 | 2488 0000 | 0045 8b50 
  0x00000157a68c19e0: 1445 8b5a | 0c45 85db | 0f86 ba18 | 0000 450f | be48 1045 | 85c9 0f85 | 601a 0000 | c442 32f7 
  0x00000157a68c1a00: cb45 3bcb | 418b d941 | 0f4f db4d | 8bc2 c4c1 | f96e c04d | 8d42 1085 | db0f 8ecf | 0000 0044 
  0x00000157a68c1a20: 3bdb 0f82 | d418 0000 | b82f 0000 | 0049 8bf8 | 8bd3 488b | df83 fa10 | 0f8c 7900 | 0000 83fa 
  0x00000157a68c1a40: 200f 8c36 | 0000 00c5 | f96e d0c4 | e27d 78d2 | c5e5 efdb | 8bca 83e1 | e083 e21f | c5fe 6f0b 
  0x00000157a68c1a60: c5f5 74ca | c4e2 7d17 | d90f 8369 | 0000 0048 | 83c3 2083 | e920 75e4 | e90d 0000 | 00c5 f96e 
  0x00000157a68c1a80: d0c5 e1ef | dbc4 e269 | 00d3 83fa | 100f 8c24 

  0x00000157a68c1a90: ;   {no_reloc}
  0x00000157a68c1a90: 0000 008b | ca83 e1f0 | 83e2 0fc5 | fa6f 0bc5 | f174 cac4 | e279 17d9 | 0f83 2a00 | 0000 4883 
  0x00000157a68c1ab0: c310 83e9 | 1075 e485 | d20f 8412 | 0000 000f | b60b 3bc1 | 741c 4883 | c301 83ea | 0174 02eb 
  0x00000157a68c1ad0: eebb ffff | ffff eb0d | c5fd d7c9 | 0fbc c148 | 03d8 482b | df83 fbff | 0f85 e219 | 0000 410f 
  0x00000157a68c1af0: b628 83fd | 5b0f 8435 | 1a00 0041 | 8d49 fb85 | c97c 0d41 | 0fbe 1883 | fb6a 0f84 | 960d 0000 
  0x00000157a68c1b10: 488b 5c24 | 2848 8b4c | 2440 448b | 7110 418d | 53ff 418d | 79ff 3bfa | 0f4f fa85 | ff0f 8c39 
  0x00000157a68c1b30: 0f00 0041 | 3bfb 0f83 | 3817 0000 | 85ff 0f8e | 8417 0000 | 8d4f ff33 | f6c4 c1f9 | 6ec8 410f 
  0x00000157a68c1b50: be54 3a10 | 83fa 2e0f | 84ae 0d00 | 00ff cf3b | f97f eb83 | ff02 0f8e | 8b00 0000 | 448d 47fe 
  0x00000157a68c1b70: 83ff 0244 | 0f4c c641 | 81f8 a00f | 0000 baa0 | 0f00 0044 | 0f47 c28b | c741 2bc0 | 0f1f 4000 
  0x00000157a68c1b90: ;   {no_reloc}
  0x00000157a68c1b90: 4c63 c743 | 0fbe 4c02 | 1083 f92e | 0f84 8400 | 0000 470f | be44 020f | 4183 f82e | 747c 8d4f 
  0x00000157a68c1bb0: fe41 0fbe | 540a 1083 | fa2e 7471 | 8d4f fd45 | 0fbe 440a | 1041 83f8 | 2e74 6283 | c7fc 3bf8 
  0x00000157a68c1bd0: 7fbe 498b | af58 0400 | 004c 8b44 | 2428 488b | 8c24 8800 | 0000 488b 

  0x00000157a68c1be8: ; ImmutableOopMap {r10=NarrowOop r8=Oop rcx=Oop rbx=Oop rdx=Oop r14=NarrowOop xmm0=Oop xmm1=Derived_oop_xmm0 [40]=Oop [48]=Oop [64]=Oop [136]=Oop }
                      ;*goto {reexecute=1 rethrow=0 return_oop=0}
                      ; - (reexecute) java.lang.StringLatin1::lastIndexOf@35
                      ; - java.lang.String::lastIndexOf@13
                      ; - java.lang.String::lastIndexOf@8
                      ; - java.lang.ClassLoader::checkCerts@3
                      ; - java.lang.ClassLoader::preDefineClass@113
                      ; - java.lang.ClassLoader::defineClass@4
                      ;   {poll}
  0x00000157a68c1be8: 5424 4085 | 4500 83ff | 020f 8f75 | ffff ff83 | ffff 7e20 | 410f be4c | 3a10 83f9 | 2e0f 8435 
  0x00000157a68c1c08: 1800 00ff | cf83 ffff | 7fea c4c1 | f97e c8e9 | 520e 0000 | c4c1 f97e | c8e9 480e | 0000 8bcf 
  0x00000157a68c1c28: eb03 8d4f | ffc4 c1f9 | 7ec8 83f9 | ff0f 8462 | 1100 0085 | c90f 8c4d | 1800 0041 | 3bc9 0f8f 
  0x00000157a68c1c48: 8019 0000 | 413b c90f | 8444 0c00 | 0085 c90f | 8443 1300 | 004d 8baf | b801 0000 | 4d8b cd49 
  0x00000157a68c1c68: 83c1 184d | 3b8f c801 | 0000 0f83 | 9812 0000 | 4d89 8fb8 | 0100 0041 | 0f18 8100 | 0100 0049 
  0x00000157a68c1c88: c745 0001 

  0x00000157a68c1c8c: ;   {metadata('java/lang/String')}
  0x00000157a68c1c8c: 0000 0041 | c745 0878 | e800 0045 | 8965 0c4d | 8965 1041 | 3bcb 0f85 | cc00 0000 | 4963 eb41 
  0x00000157a68c1cac: 81fb 0000 | 1000 0f87 | c014 0000 | 4c89 4424 | 5049 8bbf | b801 0000 | 4c8d 4517 | 4983 e0f8 
  0x00000157a68c1ccc: 4c8b cf4d | 03c8 4d3b | 8fc8 0100 | 000f 8394 | 1400 004d | 898f b801 | 0000 410f | 1881 0001 
  0x00000157a68c1cec: 0000 48c7 | 0701 0000 | 0041 0f18 | 8140 0100 

  0x00000157a68c1cfc: ;   {metadata({type array byte})}
  0x00000157a68c1cfc: 00c7 4708 | 1823 0000 | 4489 5f0c | 410f 1881 | 8001 0000 | 8974 2420 | 4889 5c24 | 5844 8974 
  0x00000157a68c1d1c: 2424 4c89 | 6c24 6048 | 896c 2468 | 488b d748 | 83c2 104c | 8b44 2468 | 4983 c007 | 49c1 e803 
  0x00000157a68c1d3c: 488b 4c24 | 50c5 f877 | 49ba 604b | 2ea6 5701 | 0000 41ff 

  0x00000157a68c1d50: ;   {other}
  0x00000157a68c1d50: d20f 1f84 | 0000 0000 | 008b 7424 | 2048 8b5c | 2458 448b | 7424 244c | 8b6c 2460 | 4c8b d7e9 
  0x00000157a68c1d70: d300 0000 | 81f9 0000 | 1000 0f87 | a815 0000 | 4c63 c949 | 8bf8 443b | d941 8beb | 0f4f e944 
  0x00000157a68c1d90: 3bdd 0f82 | 2816 0000 | 3bcd 0f82 | 2016 0000 | 4983 c117 | 4d8b c149 | 83e0 f881 | f900 0010 
  0x00000157a68c1db0: 000f 87f8 | 1100 004d | 8b97 b801 | 0000 4d8b | da4d 03d8 | 4d3b 9fc8 | 0100 000f | 83de 1100 
  0x00000157a68c1dd0: 004d 899f | b801 0000 | 410f 1883 | 0001 0000 | 49c7 0201 | 0000 0041 | 0f18 8340 

  0x00000157a68c1dec: ;   {metadata({type array byte})}
  0x00000157a68c1dec: 0100 0041 | c742 0818 | 2300 0041 | 894a 0c41 | 0f18 8380 | 0100 0049 | 8bd2 4883 | c210 49c1 
  0x00000157a68c1e0c: e903 85ed | 0f84 1a15 | 0000 3be9 | 0f8c 020d | 0000 498b | ea49 83c0 | f049 c1e8 | 0348 8bcf 
  0x00000157a68c1e2c: c5f8 7749 | ba60 4b2e | a657 0100 | 0041 ffd2 

  0x00000157a68c1e3c: ;   {other}
  0x00000157a68c1e3c: 0f1f 8400 | 0000 0000 | 4c8b d541 | 807f 4000 | 0f85 4a0c | 0000 4d8b | dd4d 8bc2 | 4589 4514 
  0x00000157a68c1e5c: 4d33 d349 | c1ea 144d | 85d2 741a | 49c1 eb09 | 48b9 0000 | 0dae 5701 | 0000 4903 | cb80 3902 
  0x00000157a68c1e7c: 0f85 4d0c | 0000 4588 | 6510 418b | 6e14 85ed | 0f85 c216 | 0000 418b | 6e10 85ed | 0f85 f216 
  0x00000157a68c1e9c: 0000 448b | 532c 4585 | d20f 8481 | 1300 0048 | 895c 2448 | 8974 2420 | 498b d2bf | 0100 0000 
  0x00000157a68c1ebc: ;   {oop(a 'java/security/cert/Certificate'[0] {0x00000000a07ceef8})}
  0x00000157a68c1ebc: 49b9 f8ee | 7ca0 0000 | 0000 4d8b | c548 8bac | 2488 0000 | 0066 6690 

  0x00000157a68c1ed4: ;   {optimized virtual_call}
  0x00000157a68c1ed4: c5f8 77e8 

  0x00000157a68c1ed8: ; ImmutableOopMap {rbp=Oop [40]=Oop [48]=Oop [64]=Oop [72]=Oop [136]=Oop }
                      ;*invokevirtual putVal {reexecute=0 rethrow=0 return_oop=1}
                      ; - java.util.concurrent.ConcurrentHashMap::putIfAbsent@4
                      ; - java.lang.ClassLoader::checkCerts@62
                      ; - java.lang.ClassLoader::preDefineClass@113
                      ; - java.lang.ClassLoader::defineClass@4
  0x00000157a68c1ed8: 44c2 0d00 

  0x00000157a68c1edc: ;   {other}
  0x00000157a68c1edc: 0f1f 8400 | 4c09 0001 | 4885 c074 | 1c44 8b50 

  0x00000157a68c1eec: ;   {metadata('java/security/cert/Certificate'[])}
  0x00000157a68c1eec: 0841 81fa | 2029 1000 | 0f85 1e1b | 0000 8b68 | 0c85 ed0f | 870b 1700 | 004c 8b54 | 2440 458b 
  0x00000157a68c1f0c: 5a10 418b | 6b0c 448b | 5d38 4585 | db0f 8425 | 1300 0049 | 8bd3 4c8b | c566 6690 

  0x00000157a68c1f28: ;   {optimized virtual_call}
  0x00000157a68c1f28: c5f8 77e8 

  0x00000157a68c1f2c: ; ImmutableOopMap {[40]=Oop [48]=Oop [64]=Oop [136]=Oop }
                      ;*invokevirtual toExternalForm {reexecute=0 rethrow=0 return_oop=1}
                      ; - java.net.URL::toExternalForm@5
                      ; - java.net.URL::toString@1
                      ; - java.lang.ClassLoader::defineClassSourceLocation@22
                      ; - java.lang.ClassLoader::defineClass@12
  0x00000157a68c1f2c: f030 1f00 

  0x00000157a68c1f30: ;   {other}
  0x00000157a68c1f30: 0f1f 8400 | a009 0002 | 488b 5424 | 284c 8b84 | 2488 0000 | 004c 8b4c | 2430 8b7c | 2438 8b74 
  0x00000157a68c1f50: 243c 488b | 4c24 4048 | 8904 2490 

  0x00000157a68c1f5c: ;   {static_call}
  0x00000157a68c1f5c: c5f8 77e8 

  0x00000157a68c1f60: ; ImmutableOopMap {[40]=Oop [64]=Oop }
                      ;*invokestatic defineClass1 {reexecute=0 rethrow=0 return_oop=1}
                      ; - java.lang.ClassLoader::defineClass@27
  0x00000157a68c1f60: fc27 ffff 

  0x00000157a68c1f64: ;   {other}
  0x00000157a68c1f64: 0f1f 8400 | d409 0003 | 4889 4424 | 3044 8b58 | 3c45 85db | 7417 498b | db49 ba00 | 000d ae57 
  0x00000157a68c1f84: 0100 004c | 8954 2468 | e928 0400 | 004c 8b50 | 1045 8b42 | 0845 85c0 | 0f8c 5614 | 0000 448b 
  0x00000157a68c1fa4: 582c 4585 | db75 3148 | 8bd0 6690 

  0x00000157a68c1fb0: ;   {optimized virtual_call}
  0x00000157a68c1fb0: c5f8 77e8 

  0x00000157a68c1fb4: ; ImmutableOopMap {[40]=Oop [48]=Oop [64]=Oop }
                      ;*invokevirtual initClassName {reexecute=0 rethrow=0 return_oop=1}
                      ; - java.lang.Class::getName@14
                      ; - java.lang.Class::getPackageName@40
                      ; - java.lang.ClassLoader::postDefineClass@2
                      ; - java.lang.ClassLoader::defineClass@37
  0x00000157a68c1fb4: 2819 fdff 

  0x00000157a68c1fb8: ;   {other}
  0x00000157a68c1fb8: 0f1f 8400 | 280a 0004 | 4885 c075 | 1aba f6ff | ffff 6690 

  0x00000157a68c1fcc: ;   {runtime_call UncommonTrapBlob}
  0x00000157a68c1fcc: c5f8 77e8 

  0x00000157a68c1fd0: ; ImmutableOopMap {}
                      ;*invokevirtual lastIndexOf {reexecute=0 rethrow=0 return_oop=0}
                      ; - java.lang.Class::getPackageName@47
                      ; - java.lang.ClassLoader::postDefineClass@2
                      ; - java.lang.ClassLoader::defineClass@37
  0x00000157a68c1fd0: ac23 a4ff 

  0x00000157a68c1fd4: ;   {other}
  0x00000157a68c1fd4: 0f1f 8400 | 440a 0005 | 498b c344 | 8b58 1441 | 8b7b 0c44 | 0fbe 4810 | c4e2 32f7 | cf44 8d51 
  0x00000157a68c1ff4: ff45 85c9 | 0f85 6617 | 0000 4d8b | c34c 8984 | 2488 0000 | 0044 8d4f | ff45 3bca | 450f 4fca 
  0x00000157a68c2014: 4585 c90f | 8c5b 0a00 | 0085 ff0f | 8677 1300 | 0044 3bcf | 0f83 6e13 | 0000 4585 | c90f 8ee5 
  0x00000157a68c2034: 1300 0045 

  0x00000157a68c2038: ;   {oop(""{0x00000000a0583f38})}
  0x00000157a68c2038: 8d51 ff48 | bb38 3f58 | a000 0000 | 0049 b800 | 000d ae57 | 0100 004c | 8944 2468 | 470f be44 
  0x00000157a68c2058: 0b10 4183 | f82e 0f84 | 000a 0000 | 41ff c945 | 3bca 7fe8 | 4183 f902 | 0f8e 8500 | 0000 418d 
  0x00000157a68c2078: 71fe 4183 | f902 0f4c | 7424 2081 | fea0 0f00 | 0041 b8a0 | 0f00 0041 | 0f47 f045 | 8bd1 442b 
  0x00000157a68c2098: d60f 1f80 | 0000 0000 | 4963 d145 | 0fbe 4413 | 1041 83f8 | 2e74 7741 | 0fbe 5413 | 0f83 fa2e 
  0x00000157a68c20b8: 7471 458d | 41fe 430f | be54 0310 | 83fa 2e74 | 6645 8d41 | fd43 0fbe | 7403 1083 | fe2e 7457 
  0x00000157a68c20d8: 4183 c1fc | 453b ca7f | bf4d 8baf | 5804 0000 | 4c8b 5424 

  0x00000157a68c20ec: ; ImmutableOopMap {r10=Oop r11=NarrowOop rbx=Oop rax=Oop [40]=Oop [48]=Oop [64]=Oop [136]=Oop }
                      ;*goto {reexecute=1 rethrow=0 return_oop=0}
                      ; - (reexecute) java.lang.StringLatin1::lastIndexOf@35
                      ; - java.lang.String::lastIndexOf@13
                      ; - java.lang.String::lastIndexOf@8
                      ; - java.lang.Class::getPackageName@47
                      ; - java.lang.ClassLoader::postDefineClass@2
                      ; - java.lang.ClassLoader::defineClass@37
                      ;   {poll}
  0x00000157a68c20ec: 3041 8545 | 0041 83f9 | 020f 8f7b | ffff ff41 | 83f9 ff0f | 8e8c 0900 | 0066 6690 | 470f be54 
  0x00000157a68c210c: 0b10 4183 | fa2e 0f84 | 4416 0000 | 41ff c941 | 83f9 ff7f | e7e9 6b09 | 0000 458b | c1eb 0445 
  0x00000157a68c212c: 8d41 ff41 | 83f8 ff0f | 8436 0200 | 0045 85c0 | 0f8c 8216 | 0000 443b | c10f 8fa1 | 1600 0044 
  0x00000157a68c214c: 3bc1 0f84 | af07 0000 | 4585 c00f | 8425 0f00 | 0049 8b9f | b801 0000 | 4c8b d349 | 83c2 184d 
  0x00000157a68c216c: 3b97 c801 | 0000 0f83 | c10e 0000 | 4d89 97b8 | 0100 0041 | 0f18 8200 | 0100 0048 | c703 0100 
  0x00000157a68c218c: ;   {metadata('java/lang/String')}
  0x00000157a68c218c: 0000 c743 | 0878 e800 | 0044 8963 | 0c4c 8963 | 104d 8d53 | 1044 3bc7 | 0f85 9000 | 0000 4c63 
  0x00000157a68c21ac: cf81 ff00 | 0010 000f | 8717 1000 | 0049 8bb7 | b801 0000 | 4d8d 4117 | 4983 e0f8 | 488b ce49 
  0x00000157a68c21cc: 03c8 493b | 8fc8 0100 | 000f 83f5 | 0f00 0049 | 898f b801 | 0000 0f18 | 8100 0100 | 0048 c706 
  0x00000157a68c21ec: 0100 0000 | 0f18 8140 

  0x00000157a68c21f4: ;   {metadata({type array byte})}
  0x00000157a68c21f4: 0100 00c7 | 4608 1823 | 0000 897e | 0c0f 1881 | 8001 0000 | 488b d648 | 83c2 1049 | 83c1 0749 
  0x00000157a68c2214: c1e9 0349 | 8bca 4d8b | c1c5 f877 | 49ba 604b | 2ea6 5701 | 0000 41ff 

  0x00000157a68c222c: ;   {other}
  0x00000157a68c222c: d20f 1f84 | 0000 0000 | 00e9 d200 | 0000 4181 | f800 0010 | 000f 877d | 1400 004d | 63c8 413b 
  0x00000157a68c224c: f88b ef41 | 0f4f e83b | fd0f 82dd | 1400 0044 | 3bc5 0f82 | d414 0000 | 4983 c117 | 498b f948 
  0x00000157a68c226c: 83e7 f841 | 81f8 0000 | 1000 0f87 | 8d0e 0000 | 498b b7b8 | 0100 004c | 8bde 4c03 | df4d 3b9f 
  0x00000157a68c228c: c801 0000 | 0f83 730e | 0000 4d89 | 9fb8 0100 | 0041 0f18 | 8300 0100 | 0048 c706 | 0100 0000 
  0x00000157a68c22ac: 410f 1883 | 4001 0000 

  0x00000157a68c22b4: ;   {metadata({type array byte})}
  0x00000157a68c22b4: c746 0818 | 2300 0044 | 8946 0c41 | 0f18 8380 | 0100 004c | 8bde 4983 | c310 49c1 | e903 85ed 
  0x00000157a68c22d4: 0f84 f213 | 0000 413b | e80f 8c1c | 0a00 0048 | 83c7 f048 | c1ef 0349 | 8bca 498b | d34c 8bc7 
  0x00000157a68c22f4: c5f8 7749 | ba60 4b2e | a657 0100 | 0041 ffd2 

  0x00000157a68c2304: ;   {other}
  0x00000157a68c2304: 0f1f 8400 | 0000 0000 | 4180 7f40 | 000f 8564 | 0900 004c | 8bd3 4c8b | c644 8943 | 144c 8bde 
  0x00000157a68c2324: 4d33 da49 | c1eb 144d | 85db 741a | 49c1 ea09 | 48b9 0000 | 0dae 5701 | 0000 4903 | ca80 3902 
  0x00000157a68c2344: 0f85 6409 | 0000 4488 | 6310 488b | d34c 8b54 | 2430 4c89 | 5424 2090 

  0x00000157a68c235c: ;   {optimized virtual_call}
  0x00000157a68c235c: c5f8 77e8 

  0x00000157a68c2360: ; ImmutableOopMap {[32]=Oop [40]=Oop [48]=Oop [64]=Oop }
                      ;*invokevirtual intern {reexecute=0 rethrow=0 return_oop=1}
                      ; - java.lang.Class::getPackageName@65
                      ; - java.lang.ClassLoader::postDefineClass@2
                      ; - java.lang.ClassLoader::defineClass@37
  0x00000157a68c2360: fc58 faff 

  0x00000157a68c2364: ;   {other}
  0x00000157a68c2364: 0f1f 8400 | d40d 0007 | 488b d841 | 807f 4000 | 0f85 7808 | 0000 4c8b | 5424 304c | 8bc3 4c8b 
  0x00000157a68c2384: 5c24 3045 | 8943 3c4c | 8bdb 4d33 | da49 c1eb | 144d 85db | 741f 4885 | db74 1a49 | c1ea 0948 
  0x00000157a68c23a4: b900 000d | ae57 0100 | 0049 03ca | 8039 020f | 8571 0800 | 004c 8b54 | 2428 458b | 4238 4585 
  0x00000157a68c23c4: c00f 8491 | 0e00 004c | 8beb 8b43 | 0c4c 8b54 | 2430 458b | 4a30 85c0 | 755d 440f | b653 1145 
  0x00000157a68c23e4: 85d2 0f85 | c009 0000 | 448b 5314 | 498b e849 | 8bd2 807b | 1000 0f85 | ce0a 0000 | 4489 4c24 
  0x00000157a68c2404: 3c44 8944 | 2438 4889 | 5c24 2090 

  0x00000157a68c2410: ;   {static_call}
  0x00000157a68c2410: c5f8 77e8 

  0x00000157a68c2414: ; ImmutableOopMap {rbp=Oop [32]=Oop [40]=Oop [48]=Oop [56]=NarrowOop [60]=NarrowOop [64]=Oop }
                      ;*invokestatic hashCode {reexecute=0 rethrow=0 return_oop=0}
                      ; - java.lang.String::hashCode@27
                      ; - java.util.concurrent.ConcurrentHashMap::get@1
                      ; - java.lang.ClassLoader::getNamedPackage@5
                      ; - java.lang.ClassLoader::postDefineClass@9
                      ; - java.lang.ClassLoader::defineClass@37
  0x00000157a68c2414: 68cc a3ff 

  0x00000157a68c2418: ;   {other}
  0x00000157a68c2418: 0f1f 8400 | 880e 0008 | 85c0 0f84 | cd0a 0000 | 4c8b 6c24 | 2041 8945 | 0c44 8b44 | 2438 448b 
  0x00000157a68c2438: 4c24 3c41 | 8b48 2885 | c90f 8470 | 0200 0044 | 8b41 0c45 | 85c0 0f86 | a810 0000 | 448b d841 
  0x00000157a68c2458: c1eb 1044 | 33d8 41ff | c841 81e3 | ffff ff7f | 4523 c34d | 63d0 468b | 4491 1045 | 85c0 0f84 
  0x00000157a68c2478: 3b02 0000 | 418b 680c | 413b eb0f | 8402 0100 | 0085 ed0f | 8c4b 1400 | 0045 8b40 | 1845 85c0 
  0x00000157a68c2498: 0f84 1902 | 0000 498b | d88b 4b0c | 498b bf58 

  0x00000157a68c24a8: ; ImmutableOopMap {r9=NarrowOop rbx=Oop r13=Oop [40]=Oop [48]=Oop [64]=Oop }
                      ;*if_icmpne {reexecute=1 rethrow=0 return_oop=0}
                      ; - (reexecute) java.util.concurrent.ConcurrentHashMap::get@127
                      ; - java.lang.ClassLoader::getNamedPackage@5
                      ; - java.lang.ClassLoader::postDefineClass@9
                      ; - java.lang.ClassLoader::defineClass@37
                      ;   {poll}
  0x00000157a68c24a8: 0400 0085 | 0741 3bcb | 7412 448b | 5318 4585 | d20f 84f8 | 0100 0049 | 8bda ebdd | 8b6b 104c 
  0x00000157a68c24c8: 8bd5 4d3b | d574 4a85 | ed0f 846d | 1400 0048 | 895c 2448 | 4489 5c24 | 3c44 894c | 2438 4c89 
  0x00000157a68c24e8: 6c24 204c | 8bc5 498b | d549 8bed 

  0x00000157a68c24f4: ;   {optimized virtual_call}
  0x00000157a68c24f4: c5f8 77e8 

  0x00000157a68c24f8: ; ImmutableOopMap {rbp=Oop [32]=Oop [40]=Oop [48]=Oop [56]=NarrowOop [64]=Oop [72]=Oop }
                      ;*invokevirtual equals {reexecute=0 rethrow=0 return_oop=0}
                      ; - java.util.concurrent.ConcurrentHashMap::get@149
                      ; - java.lang.ClassLoader::getNamedPackage@5
                      ; - java.lang.ClassLoader::postDefineClass@9
                      ; - java.lang.ClassLoader::defineClass@37
  0x00000157a68c24f8: c4e6 1c00 

  0x00000157a68c24fc: ;   {other}
  0x00000157a68c24fc: 0f1f 8400 | 6c0f 000a | 85c0 0f84 | 6c14 0000 | 4c8b ed44 | 8b4c 2438 | 488b 5c24 | 488b 6b14 
  0x00000157a68c251c: 85ed 0f84 | 9301 0000 | 448b 5508 | 49bb 0000 | 00b3 5701 | 0000 4d03 | da4d 8b53 

  0x00000157a68c2538: ;   {metadata('java/lang/NamedPackage')}
  0x00000157a68c2538: 3849 bbe8 | c001 b357 | 0100 004d | 3bd3 0f85 | fb0e 0000 | 4c8b 5424 | 4045 8b5a | 1041 8b6b 
  0x00000157a68c2558: 1485 ed0f | 85d7 1200 | 0041 8b6b | 1085 ed0f | 85e7 1200 | 0048 8b44 | 2430 c5f8 | 7748 81c4 
  0x00000157a68c2578: b000 0000 

  0x00000157a68c257c: ;   {poll_return}
  0x00000157a68c257c: 5d49 3ba7 | 5004 0000 | 0f87 8e17 | 0000 c341 | 8b68 104c | 8bd5 4d3b | d50f 8410 | 0100 008b 
  0x00000157a68c259c: 4d08 4c8b | d54d 3bea | 0f84 0101 

  0x00000157a68c25a8: ;   {metadata('java/lang/String')}
  0x00000157a68c25a8: 0000 81f9 | 78e8 0000 | 0f85 dbfe | ffff 410f | be4d 1041 | 0fbe 6a10 | 3bcd 0f85 | dc12 0000 
  0x00000157a68c25c8: 418b 5a14 | 458b 5514 | 8b53 0c41 | 8b4a 0c3b | ca0f 85b2 | feff ff48 | 8bfb 488d | 7310 498b 
  0x00000157a68c25e8: da49 8d7a | 1085 c90f | 849d 0000 | 008b c183 | e01f 83e1 | e00f 844b | 0000 0048 | 8d3c 0f48 
  0x00000157a68c2608: 8d34 0e48 | f7d9 c5fe | 6f04 0fc5 | fe6f 0c0e | c5fd efc1 | c4e2 7d17 | c00f 8572 | 0000 0048 
  0x00000157a68c2628: 83c1 2075 | e185 c00f | 845d 0000 | 00c5 fe6f | 4407 e0c5 | fe6f 4c06 | e0c5 fdef | c1c4 e27d 
  0x00000157a68c2648: 17c0 754d | eb44 8bc8 | 83e1 fc74 | 1948 8d3c | 0f48 8d34 | 0e48 f7d9 | 8b1c 0f3b | 1c0e 7531 
  0x00000157a68c2668: 4883 c104 | 75f2 a802 | 7412 0fb7 | 1f0f b70e | 3bd9 751d | 488d 7f02 | 488d 7602 | a801 740a 
  0x00000157a68c2688: 0fb6 1f0f | b60e 3bd9 | 7507 b801 | 0000 00eb | 0233 c0c5 | fdef c0c5 | f5ef c985 | c00f 84e6 
  0x00000157a68c26a8: ;   {no_reloc}
  0x00000157a68c26a8: fdff ff41 | 8b68 1485 | ed0f 856d | feff ff49 | 8b87 b801 | 0000 4c8b | d049 83c2 | 184d 3b97 
  0x00000157a68c26c8: c801 0000 | 0f83 bf09 | 0000 4d89 | 97b8 0100 | 0041 0f18 | 8200 0100 | 0048 c700 | 0100 0000 
  0x00000157a68c26e8: ;   {metadata('java/lang/NamedPackage')}
  0x00000157a68c26e8: c740 08e8 | c001 0044 | 8960 0c4c | 8960 104c | 896c 2420 | 4489 4c24 | 3848 8944 | 2448 488b 
  0x00000157a68c2708: 5424 2090 

  0x00000157a68c270c: ;   {optimized virtual_call}
  0x00000157a68c270c: c5f8 77e8 

  0x00000157a68c2710: ; ImmutableOopMap {[32]=Oop [40]=Oop [48]=Oop [56]=NarrowOop [64]=Oop [72]=Oop }
                      ;*invokevirtual isEmpty {reexecute=0 rethrow=0 return_oop=0}
                      ; - java.lang.NamedPackage::<init>@5
                      ; - java.lang.ClassLoader::getNamedPackage@22
                      ; - java.lang.ClassLoader::postDefineClass@9
                      ; - java.lang.ClassLoader::defineClass@37
  0x00000157a68c2710: 2c84 0000 

  0x00000157a68c2714: ;   {other}
  0x00000157a68c2714: 0f1f 8400 | 8411 000b | 85c0 0f84 | ee01 0000 | 448b 5c24 | 3845 85db | 0f84 0a0f | 0000 4d8b 
  0x00000157a68c2734: d34c 8954 | 2450 498b | d266 6690 

  0x00000157a68c2740: ;   {optimized virtual_call}
  0x00000157a68c2740: c5f8 77e8 

  0x00000157a68c2744: ; ImmutableOopMap {[32]=Oop [40]=Oop [48]=Oop [56]=NarrowOop [64]=Oop [72]=Oop [80]=Oop }
                      ;*invokevirtual isNamed {reexecute=0 rethrow=0 return_oop=0}
                      ; - java.lang.NamedPackage::<init>@12
                      ; - java.lang.ClassLoader::getNamedPackage@22
                      ; - java.lang.ClassLoader::postDefineClass@9
                      ; - java.lang.ClassLoader::defineClass@37
  0x00000157a68c2744: f8ed 65f8 

  0x00000157a68c2748: ;   {other}
  0x00000157a68c2748: 0f1f 8400 | b811 000c | 85c0 0f84 | ba01 0000 | 498b 87b8 | 0100 004c | 8bd0 4983 | c228 4d3b 
  0x00000157a68c2768: 97c8 0100 | 000f 834e | 0900 004d | 8997 b801 | 0000 410f | 1882 0001 | 0000 48c7 | 0001 0000 
  0x00000157a68c2788: ;   {metadata('java/lang/InternalError')}
  0x00000157a68c2788: 00c7 4008 | 3807 0100 | 4489 600c | 4c89 6010 | 4c89 6018 | 4c89 6020 | 4889 4424 | 6849 8b87 
  0x00000157a68c27a8: b801 0000 | 4c8b d049 | 83c2 184d | 3b97 c801 | 0000 0f83 | 2509 0000 | 4d89 97b8 | 0100 0041 
  0x00000157a68c27c8: 0f18 8200 | 0100 0048 | c700 0100 

  0x00000157a68c27d4: ;   {metadata('java/lang/StringBuilder')}
  0x00000157a68c27d4: 0000 c740 | 0840 8000 | 0044 8960 | 0c4c 8960 | 1048 8be8 | 488b d590 

  0x00000157a68c27ec: ;   {optimized virtual_call}
  0x00000157a68c27ec: c5f8 77e8 

  0x00000157a68c27f0: ; ImmutableOopMap {rbp=Oop [32]=Oop [40]=Oop [48]=Oop [56]=NarrowOop [64]=Oop [72]=Oop [80]=Oop [104]=Oop }
                      ;*invokespecial <init> {reexecute=0 rethrow=0 return_oop=0}
                      ; - java.lang.NamedPackage::<init>@26
                      ; - java.lang.ClassLoader::getNamedPackage@22
                      ; - java.lang.ClassLoader::postDefineClass@9
                      ; - java.lang.ClassLoader::defineClass@37
  0x00000157a68c27f0: 8cc2 a3ff 

  0x00000157a68c27f4: ;   {other}
  0x00000157a68c27f4: 0f1f 8400 | 6412 000d 

  0x00000157a68c27fc: ;   {oop("unnamed package in  "{0x00000000a1019190})}
  0x00000157a68c27fc: 49b8 9091 | 01a1 0000 | 0000 488b | d54c 8b54 | 2468 4c89 | 5424 6090 

  0x00000157a68c2814: ;   {optimized virtual_call}
  0x00000157a68c2814: c5f8 77e8 

  0x00000157a68c2818: ; ImmutableOopMap {[32]=Oop [40]=Oop [48]=Oop [56]=NarrowOop [64]=Oop [72]=Oop [80]=Oop [96]=Oop [104]=Oop }
                      ;*invokevirtual append {reexecute=0 rethrow=0 return_oop=1}
                      ; - java.lang.NamedPackage::<init>@31
                      ; - java.lang.ClassLoader::getNamedPackage@22
                      ; - java.lang.ClassLoader::postDefineClass@9
                      ; - java.lang.ClassLoader::defineClass@37
  0x00000157a68c2818: 64c2 a3ff 

  0x00000157a68c281c: ;   {other}
  0x00000157a68c281c: 0f1f 8400 | 8c12 000e | 4885 c00f | 8467 0e00 | 0048 8bd0 | 4c8b 4424 | 504c 8b54 | 2460 4c89 
  0x00000157a68c283c: 5424 5090 

  0x00000157a68c2840: ;   {optimized virtual_call}
  0x00000157a68c2840: c5f8 77e8 

  0x00000157a68c2844: ; ImmutableOopMap {[32]=Oop [40]=Oop [48]=Oop [56]=NarrowOop [64]=Oop [72]=Oop [80]=Oop [96]=Oop }
                      ;*invokevirtual append {reexecute=0 rethrow=0 return_oop=1}
                      ; - java.lang.NamedPackage::<init>@35
                      ; - java.lang.ClassLoader::getNamedPackage@22
                      ; - java.lang.ClassLoader::postDefineClass@9
                      ; - java.lang.ClassLoader::defineClass@37
  0x00000157a68c2844: 38c2 a3ff 

  0x00000157a68c2848: ;   {other}
  0x00000157a68c2848: 0f1f 8400 | b812 000f | 4885 c00f | 8453 0e00 | 0048 8bd0 

  0x00000157a68c285c: ;   {optimized virtual_call}
  0x00000157a68c285c: c5f8 77e8 

  0x00000157a68c2860: ; ImmutableOopMap {[32]=Oop [40]=Oop [48]=Oop [56]=NarrowOop [64]=Oop [72]=Oop [80]=Oop }
                      ;*invokevirtual toString {reexecute=0 rethrow=0 return_oop=1}
                      ; - java.lang.NamedPackage::<init>@38
                      ; - java.lang.ClassLoader::getNamedPackage@22
                      ; - java.lang.ClassLoader::postDefineClass@9
                      ; - java.lang.ClassLoader::defineClass@37
  0x00000157a68c2860: 1cc2 a3ff 

  0x00000157a68c2864: ;   {other}
  0x00000157a68c2864: 0f1f 8400 | d412 0010 | 488b 5424 | 504c 8bc0 

  0x00000157a68c2874: ;   {optimized virtual_call}
  0x00000157a68c2874: c5f8 77e8 

  0x00000157a68c2878: ; ImmutableOopMap {[32]=Oop [40]=Oop [48]=Oop [56]=NarrowOop [64]=Oop [72]=Oop [80]=Oop }
                      ;*invokespecial <init> {reexecute=0 rethrow=0 return_oop=0}
                      ; - java.lang.NamedPackage::<init>@41
                      ; - java.lang.ClassLoader::getNamedPackage@22
                      ; - java.lang.ClassLoader::postDefineClass@9
                      ; - java.lang.ClassLoader::defineClass@37
  0x00000157a68c2878: 04c2 a3ff 

  0x00000157a68c287c: ;   {other}
  0x00000157a68c287c: 0f1f 8400 | ec12 0011 | 488b 5424 | 50c5 f877 | 4881 c4b0 | 0000 005d 

  0x00000157a68c2894: ;   {runtime_call _rethrow_Java}
  0x00000157a68c2894: e9e7 54a8 | ff4c 8bac | 2488 0000 | 00e9 e0f5 | ffff 4183 | fb04 0f86 | c00f 0000 | 4180 7a11 
  0x00000157a68c28b4: 610f 8555 | f2ff ff41 | 807a 1276 | 0f85 4af2 | ffff 4180 | 7a13 610f | 853f f2ff | ff41 807a 
  0x00000157a68c28d4: 142e 0f85 | 34f2 ffff 

  0x00000157a68c28dc: ;   {oop(a 'jdk/internal/loader/ClassLoaders$PlatformClassLoader'{0x00000000a058abb0})}
  0x00000157a68c28dc: 48b9 b0ab | 58a0 0000 | 0000 488b | 5c24 2848 | 3bd9 0f85 | e410 0000 

  0x00000157a68c28f4: ;   {oop(a 'jdk/internal/loader/ClassLoaders$PlatformClassLoader'{0x00000000a058abb0})}
  0x00000157a68c28f4: 48bb b0ab | 58a0 0000 | 0000 e912 | f2ff ff48 | 8bd8 e943 | faff ff8b | cfe9 1bf3 | ffff 448b 
  0x00000157a68c2914: 5c24 3849 | 8beb 488b | 5424 2090 

  0x00000157a68c2920: ;   {optimized virtual_call}
  0x00000157a68c2920: c5f8 77e8 

  0x00000157a68c2924: ; ImmutableOopMap {rbp=Oop [32]=Oop [40]=Oop [48]=Oop [56]=NarrowOop [64]=Oop [72]=Oop }
                      ;*invokevirtual intern {reexecute=0 rethrow=0 return_oop=1}
                      ; - java.lang.NamedPackage::<init>@47
                      ; - java.lang.ClassLoader::getNamedPackage@22
                      ; - java.lang.ClassLoader::postDefineClass@9
                      ; - java.lang.ClassLoader::defineClass@37
  0x00000157a68c2924: 3853 faff 

  0x00000157a68c2928: ;   {other}
  0x00000157a68c2928: 0f1f 8400 | 9813 0012 | 488b d841 | 807f 4000 | 0f85 7504 | 0000 4c8b | 5424 484c | 8954 2458 
  0x00000157a68c2948: 4c8b c34d | 8bd8 4c8b | 5424 5845 | 895a 0c4d | 8bd8 4d33 | da49 c1eb | 144d 85db | 741f 4d85 
  0x00000157a68c2968: c074 1a49 | c1ea 0948 | b900 000d | ae57 0100 | 0049 03ca | 8039 020f | 85f8 0400 | 0041 807f 
  0x00000157a68c2988: 4000 0f85 | 6004 0000 | 448b 5424 | 3844 8954 | 2450 4c8b | 5424 5844 | 8b5c 2438 | 4589 5a10 
  0x00000157a68c29a8: 4c8b d54c | 8b5c 2458 | 4d33 d349 | c1ea 144d | 85d2 7420 | 448b 4424 | 3845 85c0 | 7416 49c1 
  0x00000157a68c29c8: eb09 4c8b | 4424 684d | 03c3 4180 | 3802 0f85 | 4c04 0000 | 4c8b 5424 | 2845 8b5a | 3845 85db 
  0x00000157a68c29e8: 0f84 220f | 0000 498b | d34c 8b44 | 2420 4c8b | 4c24 5848 | 8b6c 2430 

  0x00000157a68c2a00: ;   {optimized virtual_call}
  0x00000157a68c2a00: c5f8 77e8 

  0x00000157a68c2a04: ; ImmutableOopMap {rbp=Oop [40]=Oop [48]=Oop [64]=Oop [80]=NarrowOop [88]=Oop }
                      ;*invokevirtual putIfAbsent {reexecute=0 rethrow=0 return_oop=1}
                      ; - java.lang.ClassLoader::getNamedPackage@32
                      ; - java.lang.ClassLoader::postDefineClass@9
                      ; - java.lang.ClassLoader::defineClass@37
  0x00000157a68c2a04: b808 0700 

  0x00000157a68c2a08: ;   {other}
  0x00000157a68c2a08: 0f1f 8400 | 7814 0013 | 4885 c00f | 8433 fbff | ff44 8b58 | 0849 ba00 | 0000 b357 | 0100 004d 
  0x00000157a68c2a28: 03d3 4d8b 

  0x00000157a68c2a2c: ;   {metadata('java/lang/NamedPackage')}
  0x00000157a68c2a2c: 5238 49bb | e8c0 01b3 | 5701 0000 | 4d3b d30f | 85eb 0e00 | 0048 8be8 | ba54 ffff | ff4c 8b54 
  0x00000157a68c2a4c: 2440 4c89 | 5424 3890 

  0x00000157a68c2a54: ;   {runtime_call UncommonTrapBlob}
  0x00000157a68c2a54: c5f8 77e8 

  0x00000157a68c2a58: ; ImmutableOopMap {rbp=Oop [40]=Oop [48]=Oop [56]=Oop [80]=NarrowOop [88]=Oop }
                      ;*ifnull {reexecute=1 rethrow=0 return_oop=0}
                      ; - (reexecute) java.lang.ClassLoader::getNamedPackage@42
                      ; - java.lang.ClassLoader::postDefineClass@9
                      ; - java.lang.ClassLoader::defineClass@37
  0x00000157a68c2a58: 2419 a4ff 

  0x00000157a68c2a5c: ;   {other}
  0x00000157a68c2a5c: 0f1f 8400 | cc14 0014 | 458b c1e9 | c3f6 ffff | 33f6 b9ff | ffff ffe9 | baf1 ffff 

  0x00000157a68c2a78: ;   {oop(""{0x00000000a0583f38})}
  0x00000157a68c2a78: 48bb 383f | 58a0 0000 | 0000 49ba | 0000 0dae | 5701 0000 | 4c89 5424 | 6841 b8ff | ffff ffe9 
  0x00000157a68c2a98: 93f6 ffff | 458b 4514 | 4585 c00f | 84a9 f3ff | ff4d 8b5f | 2849 8bc8 | 4d85 db0f | 849b 0b00 
  0x00000157a68c2ab8: 004d 8b47 | 384b 894c | 18f8 4983 | c3f8 4d89 | 5f28 e983 | f3ff ff4d | 8b57 484d | 8b5f 58f0 
  0x00000157a68c2ad8: 8344 24c0 | 0080 3900 | 0f84 9cf3 | ffff 4488 | 214d 85d2 | 7520 498b | d7c5 f877 | 49ba 00a4 
  0x00000157a68c2af8: 3fa9 f97f | 0000 41ff 

  0x00000157a68c2b00: ;   {other}
  0x00000157a68c2b00: d20f 1f84 | 0000 0000 | 00e9 74f3 | ffff 4b89 | 4c13 f849 | 83c2 f84d | 8957 48e9 | 62f3 ffff 
  0x00000157a68c2b20: c4e1 f96e | c24c 896c | 2450 4489 | 7424 4848 | 895c 2420 | 4c8b df44 | 8bf6 4c63 | c549 8d48 
  0x00000157a68c2b40: 1048 8bd1 | 4883 e2f8 | 498b fa48 | 03fa 498b | ea48 c1e9 | 034c 2bc9 | 498b c948 | 33c0 4883 
  0x00000157a68c2b60: f908 7f10 | 48ff c978 | 4f48 8904 | cf48 ffc9 | 7df7 eb44 | c5f5 efc9 | e90d 0000 | 00c5 fe7f 
  0x00000157a68c2b80: 0fc5 fe7f | 4f20 4883 | c740 4883 | e908 7ded | 4883 c104 | 7c0c c5fe | 7f0f 4883 | c720 4883 
  0x00000157a68c2ba0: e904 4883 | c104 7e10 | 48ff c9c5 | f9d6 0f48 | 83c7 0848 | ffc9 7df3 | 498b cbc4 | e1f9 7ec2 
  0x00000157a68c2bc0: c5f8 7749 | bac0 442e | a657 0100 | 0041 ffd2 

  0x00000157a68c2bd0: ;   {other}
  0x00000157a68c2bd0: 0f1f 8400 | 0000 0000 | 418b f648 | 8b5c 2420 | 448b 7424 | 484c 8b6c | 2450 4c8b | d5e9 55f2 
  0x00000157a68c2bf0: ffff 4c8b | 5424 3045 | 8b52 3c45 | 85d2 0f84 | 76f7 ffff | 4d8b 5f28 | 498b ca4d | 85db 0f84 
  0x00000157a68c2c10: 900b 0000 | 4d8b 5738 | 4b89 4c1a | f849 83c3 | f84d 895f | 28e9 50f7 | ffff 4d8b | 5748 4d8b 
  0x00000157a68c2c30: 5f58 f083 | 4424 c000 | 8039 000f | 8478 f7ff | ff44 8821 | 4d85 d275 | 2049 8bd7 | c5f8 7749 
  0x00000157a68c2c50: ba00 a43f | a9f9 7f00 | 0041 ffd2 

  0x00000157a68c2c5c: ;   {other}
  0x00000157a68c2c5c: 0f1f 8400 | 0000 0000 | e950 f7ff | ff4b 894c | 13f8 4983 | c2f8 4d89 | 5748 e93e | f7ff ff44 
  0x00000157a68c2c7c: 8b53 1445 | 85d2 0f84 | 8ff6 ffff | 4d8b 5f28 | 498b ca4d | 85db 0f84 | 800b 0000 | 4d8b 5738 
  0x00000157a68c2c9c: 4b89 4c1a | f849 83c3 | f84d 895f | 28e9 69f6 | ffff 4d8b | 5748 4d8b | 5f58 f083 | 4424 c000 
  0x00000157a68c2cbc: 8039 000f | 8485 f6ff | ff44 8821 | 4d85 d275 | 2049 8bd7 | c5f8 7749 | ba00 a43f | a9f9 7f00 
  0x00000157a68c2cdc: 0041 ffd2 

  0x00000157a68c2ce0: ;   {other}
  0x00000157a68c2ce0: 0f1f 8400 | 0000 0000 | e95d f6ff | ff4b 894c | 13f8 4983 | c2f8 4d89 | 5748 e94b | f6ff ff4c 
  0x00000157a68c2d00: 63c5 498d | 4810 488b | d148 83e2 | f848 8bfe | 4803 fa48 | c1e9 034c | 2bc9 498b | c948 33c0 
  0x00000157a68c2d20: 4883 f908 | 7f10 48ff | c978 4f48 | 8904 cf48 | ffc9 7df7 | eb44 c5fd | efc0 e90d | 0000 00c5 
  0x00000157a68c2d40: fe7f 07c5 | fe7f 4720 | 4883 c740 | 4883 e908 | 7ded 4883 | c104 7c0c | c5fe 7f07 | 4883 c720 
  0x00000157a68c2d60: 4883 e904 | 4883 c104 | 7e10 48ff | c9c5 f9d6 | 0748 83c7 | 0848 ffc9 | 7df3 498b | ca49 8bd3 
  0x00000157a68c2d80: c5f8 7749 | bac0 442e | a657 0100 | 0041 ffd2 

  0x00000157a68c2d90: ;   {other}
  0x00000157a68c2d90: 0f1f 8400 | 0000 0000 | e96f f5ff 

  0x00000157a68c2d9c: ;   {oop(""{0x00000000a0583f38})}
  0x00000157a68c2d9c: ff49 bd38 | 3f58 a000 | 0000 00e9 | daf0 ffff | 33c0 e988 | f6ff ff4c | 8b54 2448 | 4c89 5424 
  0x00000157a68c2dbc: 5845 8b52 | 0c45 85d2 | 0f84 7efb | ffff 4d8b | 5f28 498b | ca4d 85db | 0f84 be0b | 0000 4d8b 
  0x00000157a68c2ddc: 5738 4b89 | 4c1a f849 | 83c3 f84d | 895f 28e9 | 58fb ffff | 4c8b 5424 | 5845 8b5a | 1045 85db 
  0x00000157a68c2dfc: 0f84 8efb | ffff 4d8b | 5728 498b | cb4d 85d2 | 0f84 a60b | 0000 4d8b | 5f38 4b89 | 4c13 f849 
  0x00000157a68c2e1c: 83c2 f84d | 8957 28e9 | 68fb ffff | 4d8b 5748 | 4d8b 5f58 | f083 4424 | c000 4180 | 3800 0f84 
  0x00000157a68c2e3c: 9cfb ffff | 4588 204d | 85d2 7523 | 498b c849 | 8bd7 c5f8 | 7749 ba00 | a43f a9f9 | 7f00 0041 
  0x00000157a68c2e5c: ;   {other}
  0x00000157a68c2e5c: ffd2 0f1f | 8400 0000 | 0000 e971 | fbff ff4f | 8944 13f8 | 4983 c2f8 | 4d89 5748 | e95f fbff 
  0x00000157a68c2e7c: ff4d 8b57 | 584d 8b5f | 48f0 8344 | 24c0 0080 | 3900 0f84 | f1fa ffff | 4488 214d | 85db 7520 
  0x00000157a68c2e9c: 498b d7c5 | f877 49ba | 00a4 3fa9 | f97f 0000 

  0x00000157a68c2eac: ;   {other}
  0x00000157a68c2eac: 41ff d20f | 1f84 0000 | 0000 00e9 | c9fa ffff | 4b89 4c1a | f849 83c3 | f84d 895f | 48e9 b7fa 
  0x00000157a68c2ecc: ffff 4489 | 4c24 3c44 | 8944 2438 | 4889 5c24 | 2066 6690 

  0x00000157a68c2ee0: ;   {static_call}
  0x00000157a68c2ee0: c5f8 77e8 

  0x00000157a68c2ee4: ; ImmutableOopMap {rbp=Oop [32]=Oop [40]=Oop [48]=Oop [56]=NarrowOop [60]=NarrowOop [64]=Oop }
                      ;*invokestatic hashCode {reexecute=0 rethrow=0 return_oop=0}
                      ; - java.lang.String::hashCode@37
                      ; - java.util.concurrent.ConcurrentHashMap::get@1
                      ; - java.lang.ClassLoader::getNamedPackage@5
                      ; - java.lang.ClassLoader::postDefineClass@9
                      ; - java.lang.ClassLoader::defineClass@37
  0x00000157a68c2ee4: 98c1 a3ff 

  0x00000157a68c2ee8: ;   {other}
  0x00000157a68c2ee8: 0f1f 8400 | 5819 0015 | e92b f5ff | ff4c 8b6c | 2420 41c6 | 4511 0133 | c044 8b44 | 2438 448b 
  0x00000157a68c2f08: 4c24 3ce9 | 2bf5 ffff | 894c 2470 | 4489 7424 | 5448 895c | 2468 4c89 | 4424 60c5 | fb11 4424 
  0x00000157a68c2f28: 5889 7424 | 5044 895c | 244c 4489 | 5424 484c | 8b54 2428 | 4c89 5424 | 2048 8bac | 2488 0000 
  0x00000157a68c2f48: ;   {metadata('java/lang/String')}
  0x00000157a68c2f48: 0048 ba78 | e800 b357 | 0100 0090 

  0x00000157a68c2f54: ;   {runtime_call _new_instance_Java}
  0x00000157a68c2f54: c5f8 77e8 

  0x00000157a68c2f58: ; ImmutableOopMap {rbp=Oop [32]=Oop [48]=Oop [64]=Oop [72]=NarrowOop [84]=NarrowOop [88]=Oop [96]=Derived_oop_[88] [104]=Oop [136]=Oop }
                      ;*new {reexecute=0 rethrow=0 return_oop=1}
                      ; - java.lang.StringLatin1::newString@7
                      ; - java.lang.String::substring@41
                      ; - java.lang.ClassLoader::checkCerts@21
                      ; - java.lang.ClassLoader::preDefineClass@113
                      ; - java.lang.ClassLoader::defineClass@4
  0x00000157a68c2f58: 24ee a7ff 

  0x00000157a68c2f5c: ;   {other}
  0x00000157a68c2f5c: 0f1f 8400 | cc19 0016 | 4c8b 5424 | 204c 8954 | 2428 448b | 5424 4844 | 8b5c 244c | 8b74 2450 
  0x00000157a68c2f7c: c5fb 1044 | 2458 4c8b | 4c24 6048 | 8b5c 2468 | 448b 7424 | 548b 4c24 | 704c 8be8 | 4d8b c1e9 
  0x00000157a68c2f9c: ffec ffff 

  0x00000157a68c2fa0: ;   {oop(""{0x00000000a0583f38})}
  0x00000157a68c2fa0: 49bd 383f | 58a0 0000 | 0000 e9d7 | eeff ff4c | 8984 2480 | 0000 004c | 894c 2478 | 4c89 6c24 
  0x00000157a68c2fc0: 7089 4c24 | 6844 8974 | 244c 4889 | 5c24 6048 | 897c 2458 | c5fb 1144 | 2450 8974 | 2448 4c8b 
  0x00000157a68c2fe0: 9424 8800 | 0000 4c89 

  0x00000157a68c2fe8: ;   {metadata({type array byte})}
  0x00000157a68c2fe8: 5424 2048 | ba18 2300 | b357 0100 | 0044 8bc1 

  0x00000157a68c2ff8: ;   {runtime_call _new_array_nozero_Java}
  0x00000157a68c2ff8: c5f8 77e8 

  0x00000157a68c2ffc: ; ImmutableOopMap {[32]=Oop [40]=Oop [48]=Oop [64]=Oop [76]=NarrowOop [80]=Oop [88]=Derived_oop_[80] [96]=Oop [112]=Oop [136]=Oop }
                      ;*newarray {reexecute=0 rethrow=0 return_oop=1}
                      ; - java.util.Arrays::copyOfRangeByte@10
                      ; - java.util.Arrays::copyOfRange@13
                      ; - java.lang.StringLatin1::newString@16
                      ; - java.lang.String::substring@41
                      ; - java.lang.ClassLoader::checkCerts@21
                      ; - java.lang.ClassLoader::preDefineClass@113
                      ; - java.lang.ClassLoader::defineClass@4
  0x00000157a68c2ffc: 00e7 a7ff 

  0x00000157a68c3000: ;   {other}
  0x00000157a68c3000: 0f1f 8400 | 701a 0017 | 8b74 2448 | 488b 7c24 | 5848 8b5c | 2460 448b | 7424 4c8b | 4c24 684c 
  0x00000157a68c3020: 8b6c 2470 | 4c8b 4c24 | 784c 8b84 | 2480 0000 | 004c 8bd0 | e9ca edff | ff44 8944 | 2448 897c 
  0x00000157a68c3040: 243c 4489 | 5c24 384c | 8b54 2430 | 4c89 5424 

  0x00000157a68c3050: ;   {metadata('java/lang/String')}
  0x00000157a68c3050: 2048 ba78 | e800 b357 | 0100 0090 

  0x00000157a68c305c: ;   {runtime_call _new_instance_Java}
  0x00000157a68c305c: c5f8 77e8 

  0x00000157a68c3060: ; ImmutableOopMap {[32]=Oop [40]=Oop [48]=Oop [56]=NarrowOop [64]=Oop [136]=Oop }
                      ;*new {reexecute=0 rethrow=0 return_oop=1}
                      ; - java.lang.StringLatin1::newString@7
                      ; - java.lang.String::substring@41
                      ; - java.lang.Class::getPackageName@62
                      ; - java.lang.ClassLoader::postDefineClass@2
                      ; - java.lang.ClassLoader::defineClass@37
  0x00000157a68c3060: 1ced a7ff 

  0x00000157a68c3064: ;   {other}
  0x00000157a68c3064: 0f1f 8400 | d41a 0018 | 448b 5c24 | 388b 7c24 | 3c44 8b44 | 2448 488b | d8e9 1bf1 

  0x00000157a68c3080: ;   {oop(""{0x00000000a0583f38})}
  0x00000157a68c3080: ffff 48bb | 383f 58a0 | 0000 0000 | e9bd f2ff | ff44 894c | 2438 4c89 

  0x00000157a68c3098: ;   {metadata('java/lang/NamedPackage')}
  0x00000157a68c3098: 6c24 2048 | bae8 c001 | b357 0100 | 0048 8b6c | 2430 6690 

  0x00000157a68c30ac: ;   {runtime_call _new_instance_Java}
  0x00000157a68c30ac: c5f8 77e8 

  0x00000157a68c30b0: ; ImmutableOopMap {rbp=Oop [32]=Oop [40]=Oop [48]=Oop [56]=NarrowOop [64]=Oop }
                      ;*new {reexecute=0 rethrow=0 return_oop=1}
                      ; - java.lang.ClassLoader::getNamedPackage@16
                      ; - java.lang.ClassLoader::postDefineClass@9
                      ; - java.lang.ClassLoader::defineClass@37
  0x00000157a68c30b0: ccec a7ff 

  0x00000157a68c30b4: ;   {other}
  0x00000157a68c30b4: 0f1f 8400 | 241b 0019 | e940 f6ff 

  0x00000157a68c30c0: ;   {metadata('java/lang/InternalError')}
  0x00000157a68c30c0: ff48 ba38 | 0701 b357 | 0100 0048 | 8b6c 2430 

  0x00000157a68c30d0: ;   {runtime_call _new_instance_Java}
  0x00000157a68c30d0: c5f8 77e8 

  0x00000157a68c30d4: ; ImmutableOopMap {rbp=Oop [32]=Oop [40]=Oop [48]=Oop [56]=NarrowOop [64]=Oop [72]=Oop [80]=Oop }
                      ;*new {reexecute=0 rethrow=0 return_oop=1}
                      ; - java.lang.NamedPackage::<init>@18
                      ; - java.lang.ClassLoader::getNamedPackage@22
                      ; - java.lang.ClassLoader::postDefineClass@9
                      ; - java.lang.ClassLoader::defineClass@37
  0x00000157a68c30d4: a8ec a7ff 

  0x00000157a68c30d8: ;   {other}
  0x00000157a68c30d8: 0f1f 8400 | 481b 001a | e9bb f6ff 

  0x00000157a68c30e4: ;   {metadata('java/lang/StringBuilder')}
  0x00000157a68c30e4: ff48 ba40 | 8000 b357 | 0100 0048 | 8b6c 2430 

  0x00000157a68c30f4: ;   {runtime_call _new_instance_Java}
  0x00000157a68c30f4: c5f8 77e8 

  0x00000157a68c30f8: ; ImmutableOopMap {rbp=Oop [32]=Oop [40]=Oop [48]=Oop [56]=NarrowOop [64]=Oop [72]=Oop [80]=Oop [104]=Oop }
                      ;*new {reexecute=0 rethrow=0 return_oop=1}
                      ; - java.lang.NamedPackage::<init>@22
                      ; - java.lang.ClassLoader::getNamedPackage@22
                      ; - java.lang.ClassLoader::postDefineClass@9
                      ; - java.lang.ClassLoader::defineClass@37
  0x00000157a68c30f8: 84ec a7ff 

  0x00000157a68c30fc: ;   {other}
  0x00000157a68c30fc: 0f1f 8400 | 6c1b 001b | e9dc f6ff | ff48 897c | 2460 4c89 | 4c24 584c | 8954 2450 | 4889 5c24 
  0x00000157a68c311c: 4844 8944 | 2438 4c8b | 5424 684c | 8954 2420 

  0x00000157a68c312c: ;   {metadata({type array byte})}
  0x00000157a68c312c: 48ba 1823 | 00b3 5701 | 0000 6690 

  0x00000157a68c3138: ;   {runtime_call _new_array_nozero_Java}
  0x00000157a68c3138: c5f8 77e8 

  0x00000157a68c313c: ; ImmutableOopMap {[40]=Oop [48]=Oop [64]=Oop [72]=Oop [136]=Oop [80]=Derived_oop_[136] }
                      ;*newarray {reexecute=0 rethrow=0 return_oop=1}
                      ; - java.util.Arrays::copyOfRangeByte@10
                      ; - java.util.Arrays::copyOfRange@13
                      ; - java.lang.StringLatin1::newString@16
                      ; - java.lang.String::substring@41
                      ; - java.lang.Class::getPackageName@62
                      ; - java.lang.ClassLoader::postDefineClass@2
                      ; - java.lang.ClassLoader::defineClass@37
  0x00000157a68c313c: c0e5 a7ff 

  0x00000157a68c3140: ;   {other}
  0x00000157a68c3140: 0f1f 8400 | b01b 001c | 4c8b 5424 | 204c 8954 | 2468 448b | 4424 3848 | 8b5c 2448 | 4c8b 5424 
  0x00000157a68c3160: 504c 8b4c | 2458 488b | 7c24 6048 | 8bf0 e954 | f1ff ff4c | 8b44 2450 | 4889 6c24 | 684c 896c 
  0x00000157a68c3180: 2460 4489 | 7424 2448 | 895c 2458 | 4c89 4424 | 50c5 fb11 | 4424 4889 | 7424 2041 

  0x00000157a68c319c: ;   {metadata({type array byte})}
  0x00000157a68c319c: 8bea 48ba | 1823 00b3 | 5701 0000 | 458b c34c | 8b94 2488 | 0000 004c | 8954 2478 

  0x00000157a68c31b8: ;   {runtime_call _new_array_nozero_Java}
  0x00000157a68c31b8: c5f8 77e8 

  0x00000157a68c31bc: ; ImmutableOopMap {rbp=NarrowOop [36]=NarrowOop [40]=Oop [48]=Oop [64]=Oop [72]=Oop [80]=Derived_oop_[72] [88]=Oop [96]=Oop [120]=Oop [136]=Oop }
                      ;*invokevirtual clone {reexecute=1 rethrow=0 return_oop=1}
                      ; - (reexecute) java.util.Arrays::copyOfRange@18
                      ; - java.lang.StringLatin1::newString@16
                      ; - java.lang.String::substring@41
                      ; - java.lang.ClassLoader::checkCerts@21
                      ; - java.lang.ClassLoader::preDefineClass@113
                      ; - java.lang.ClassLoader::defineClass@4
  0x00000157a68c31bc: 40e5 a7ff 

  0x00000157a68c31c0: ;   {other}
  0x00000157a68c31c0: 0f1f 8400 | 301c 001d | 488b f8e9 | 58eb ffff | 4c89 4c24 | 584c 8954 | 2450 4889 | 5c24 4844 
  0x00000157a68c31e0: 895c 2438 | 4c8b 5c24 | 304c 895c | 2420 488b 

  0x00000157a68c31f0: ;   {metadata({type array byte})}
  0x00000157a68c31f0: 6c24 6848 | ba18 2300 | b357 0100 | 0044 8bc7 

  0x00000157a68c3200: ;   {runtime_call _new_array_nozero_Java}
  0x00000157a68c3200: c5f8 77e8 

  0x00000157a68c3204: ; ImmutableOopMap {[32]=Oop [40]=Oop [48]=Oop [56]=NarrowOop [64]=Oop [72]=Oop [136]=Oop [80]=Derived_oop_[136] }
                      ;*invokevirtual clone {reexecute=1 rethrow=0 return_oop=1}
                      ; - (reexecute) java.util.Arrays::copyOfRange@18
                      ; - java.lang.StringLatin1::newString@16
                      ; - java.lang.String::substring@41
                      ; - java.lang.Class::getPackageName@62
                      ; - java.lang.ClassLoader::postDefineClass@2
                      ; - java.lang.ClassLoader::defineClass@37
  0x00000157a68c3204: f8e4 a7ff 

  0x00000157a68c3208: ;   {other}
  0x00000157a68c3208: 0f1f 8400 | 781c 001e | 4889 6c24 | 6848 8b5c | 2448 4c8b | 5424 504c | 8b4c 2458 | 488b f0e9 
  0x00000157a68c3228: dcef ffff | baf6 ffff | ff49 8bed 

  0x00000157a68c3234: ;   {runtime_call UncommonTrapBlob}
  0x00000157a68c3234: c5f8 77e8 

  0x00000157a68c3238: ; ImmutableOopMap {rbp=Oop }
                      ;*invokevirtual putIfAbsent {reexecute=0 rethrow=0 return_oop=0}
                      ; - java.lang.ClassLoader::checkCerts@62
                      ; - java.lang.ClassLoader::preDefineClass@113
                      ; - java.lang.ClassLoader::defineClass@4
  0x00000157a68c3238: 4411 a4ff 

  0x00000157a68c323c: ;   {other}
  0x00000157a68c323c: 0f1f 8400 | ac1c 001f | baf6 ffff | ff66 6690 

  0x00000157a68c324c: ;   {runtime_call UncommonTrapBlob}
  0x00000157a68c324c: c5f8 77e8 

  0x00000157a68c3250: ; ImmutableOopMap {rbp=NarrowOop }
                      ;*invokevirtual toExternalForm {reexecute=0 rethrow=0 return_oop=0}
                      ; - java.net.URL::toExternalForm@5
                      ; - java.net.URL::toString@1
                      ; - java.lang.ClassLoader::defineClassSourceLocation@22
                      ; - java.lang.ClassLoader::defineClass@12
  0x00000157a68c3250: 2c11 a4ff 

  0x00000157a68c3254: ;   {other}
  0x00000157a68c3254: 0f1f 8400 | c41c 0020 | baf6 ffff | ff48 8beb 

  0x00000157a68c3264: ;   {runtime_call UncommonTrapBlob}
  0x00000157a68c3264: c5f8 77e8 

  0x00000157a68c3268: ; ImmutableOopMap {rbp=Oop }
                      ;*invokevirtual get {reexecute=0 rethrow=0 return_oop=0}
                      ; - java.lang.ClassLoader::getNamedPackage@5
                      ; - java.lang.ClassLoader::postDefineClass@9
                      ; - java.lang.ClassLoader::defineClass@37
  0x00000157a68c3268: 1411 a4ff 

  0x00000157a68c326c: ;   {other}
  0x00000157a68c326c: 0f1f 8400 | dc1c 0021 | ba76 ffff | ff41 8bea | 897c 2424 | 4c8b 9424 | 8800 0000 | 4889 5c24 
  0x00000157a68c328c: 504c 8954 | 2458 4489 | 7424 6090 

  0x00000157a68c3298: ;   {runtime_call UncommonTrapBlob}
  0x00000157a68c3298: c5f8 77e8 

  0x00000157a68c329c: ; ImmutableOopMap {rbp=NarrowOop [40]=Oop [48]=Oop [64]=Oop [80]=Oop [88]=Oop [96]=NarrowOop [136]=Oop }
                      ;*iflt {reexecute=1 rethrow=0 return_oop=0}
                      ; - (reexecute) java.lang.StringLatin1::lastIndexOf@19
                      ; - java.lang.String::lastIndexOf@13
                      ; - java.lang.String::lastIndexOf@8
                      ; - java.lang.ClassLoader::checkCerts@3
                      ; - java.lang.ClassLoader::preDefineClass@113
                      ; - java.lang.ClassLoader::defineClass@4
  0x00000157a68c329c: e010 a4ff 

  0x00000157a68c32a0: ;   {other}
  0x00000157a68c32a0: 0f1f 8400 | 101d 0022 | ba45 ffff | ff48 8b6c | 2428 4c89 | 4424 4890 

  0x00000157a68c32b8: ;   {runtime_call UncommonTrapBlob}
  0x00000157a68c32b8: c5f8 77e8 

  0x00000157a68c32bc: ; ImmutableOopMap {rbp=Oop [48]=Oop [64]=Oop [72]=Oop [136]=Oop }
                      ;*ifeq {reexecute=1 rethrow=0 return_oop=0}
                      ; - (reexecute) java.lang.ClassLoader::checkName@8
                      ; - java.lang.ClassLoader::preDefineClass@1
                      ; - java.lang.ClassLoader::defineClass@4
  0x00000157a68c32bc: c010 a4ff 

  0x00000157a68c32c0: ;   {other}
  0x00000157a68c32c0: 0f1f 8400 | 301d 0023 | ba6e ffff | ff41 8bea | 897c 2424 | 4c8b 9424 | 8800 0000 | 4889 5c24 
  0x00000157a68c32e0: 504c 8954 | 2458 4489 | 7424 6090 

  0x00000157a68c32ec: ;   {runtime_call UncommonTrapBlob}
  0x00000157a68c32ec: c5f8 77e8 

  0x00000157a68c32f0: ; ImmutableOopMap {rbp=NarrowOop [40]=Oop [48]=Oop [64]=Oop [80]=Oop [88]=Oop [96]=NarrowOop [136]=Oop }
                      ;*iflt {reexecute=1 rethrow=0 return_oop=0}
                      ; - (reexecute) java.lang.StringLatin1::lastIndexOf@19
                      ; - java.lang.String::lastIndexOf@13
                      ; - java.lang.String::lastIndexOf@8
                      ; - java.lang.ClassLoader::checkCerts@3
                      ; - java.lang.ClassLoader::preDefineClass@113
                      ; - java.lang.ClassLoader::defineClass@4
  0x00000157a68c32f0: 8c10 a4ff 

  0x00000157a68c32f4: ;   {other}
  0x00000157a68c32f4: 0f1f 8400 | 641d 0024 | bace ffff | ff41 8bea | 4c8b 9424 | 8800 0000 | 4c89 5424 | 4889 5c24 
  0x00000157a68c3314: 6066 6690 

  0x00000157a68c3318: ;   {runtime_call UncommonTrapBlob}
  0x00000157a68c3318: c5f8 77e8 

  0x00000157a68c331c: ; ImmutableOopMap {rbp=NarrowOop [40]=Oop [48]=Oop [64]=Oop [72]=Oop }
                      ;*invokestatic indexOfChar {reexecute=0 rethrow=0 return_oop=0}
                      ; - java.lang.StringLatin1::indexOf@33
                      ; - java.lang.String::indexOf@17
                      ; - java.lang.String::indexOf@3
                      ; - java.lang.ClassLoader::checkName@16
                      ; - java.lang.ClassLoader::preDefineClass@1
                      ; - java.lang.ClassLoader::defineClass@4
  0x00000157a68c331c: 6010 a4ff 

  0x00000157a68c3320: ;   {other}
  0x00000157a68c3320: 0f1f 8400 | 901d 0025 | 4c63 c9e9 | 53ea ffff | 4983 c1fe | 498b c948 | 8bfa 4833 | c048 83f9 
  0x00000157a68c3340: 087f 1048 | ffc9 784f | 4889 04cf | 48ff c97d | f7eb 44c5 | fdef c0e9 | 0d00 0000 | c5fe 7f07 
  0x00000157a68c3360: c5fe 7f47 | 2048 83c7 | 4048 83e9 | 087d ed48 | 83c1 047c | 0cc5 fe7f | 0748 83c7 | 2048 83e9 
  0x00000157a68c3380: 0448 83c1 | 047e 1048 | ffc9 c5f9 | d607 4883 | c708 48ff | c97d f3e9 | abea ffff | ba76 ffff 
  0x00000157a68c33a0: ff41 8beb | 4489 4c24 | 2448 8944 | 2458 6690 

  0x00000157a68c33b0: ;   {runtime_call UncommonTrapBlob}
  0x00000157a68c33b0: c5f8 77e8 

  0x00000157a68c33b4: ; ImmutableOopMap {rbp=NarrowOop [40]=Oop [48]=Oop [64]=Oop [88]=Oop }
                      ;*iflt {reexecute=1 rethrow=0 return_oop=0}
                      ; - (reexecute) java.lang.StringLatin1::lastIndexOf@19
                      ; - java.lang.String::lastIndexOf@13
                      ; - java.lang.String::lastIndexOf@8
                      ; - java.lang.Class::getPackageName@47
                      ; - java.lang.ClassLoader::postDefineClass@2
                      ; - java.lang.ClassLoader::defineClass@37
  0x00000157a68c33b4: c80f a4ff 

  0x00000157a68c33b8: ;   {other}
  0x00000157a68c33b8: 0f1f 8400 | 281e 0026 | bacc ffff | ff41 8bea | 894c 2424 | 4c8b 9424 | 8800 0000 | 4889 5c24 
  0x00000157a68c33d8: 504c 8954 | 2458 4489 | 7424 604c | 896c 2470 

  0x00000157a68c33e8: ;   {runtime_call UncommonTrapBlob}
  0x00000157a68c33e8: c5f8 77e8 

  0x00000157a68c33ec: ; ImmutableOopMap {rbp=NarrowOop [40]=Oop [48]=Oop [64]=Oop [80]=Oop [88]=Oop [96]=NarrowOop [112]=Oop [136]=Oop }
                      ;*newarray {reexecute=1 rethrow=0 return_oop=0}
                      ; - (reexecute) java.util.Arrays::copyOfRangeByte@10
                      ; - java.util.Arrays::copyOfRange@13
                      ; - java.lang.StringLatin1::newString@16
                      ; - java.lang.String::substring@41
                      ; - java.lang.ClassLoader::checkCerts@21
                      ; - java.lang.ClassLoader::preDefineClass@113
                      ; - java.lang.ClassLoader::defineClass@4
  0x00000157a68c33ec: 900f a4ff 

  0x00000157a68c33f0: ;   {other}
  0x00000157a68c33f0: 0f1f 8400 | 601e 0027 | ba45 ffff | ff4c 8b54 | 2440 4c89 | 5424 3848 | 8944 2440 

  0x00000157a68c340c: ;   {runtime_call UncommonTrapBlob}
  0x00000157a68c340c: c5f8 77e8 

  0x00000157a68c3410: ; ImmutableOopMap {[40]=Oop [48]=Oop [56]=Oop [64]=Oop }
                      ;*ifeq {reexecute=1 rethrow=0 return_oop=0}
                      ; - (reexecute) java.lang.Class::getPackageName@13
                      ; - java.lang.ClassLoader::postDefineClass@2
                      ; - java.lang.ClassLoader::defineClass@37
  0x00000157a68c3410: 6c0f a4ff 

  0x00000157a68c3414: ;   {other}
  0x00000157a68c3414: 0f1f 8400 | 841e 0028 | ba6e ffff | ff41 8beb | 4489 4c24 | 2448 8944 | 2458 6690 

  0x00000157a68c3430: ;   {runtime_call UncommonTrapBlob}
  0x00000157a68c3430: c5f8 77e8 

  0x00000157a68c3434: ; ImmutableOopMap {rbp=NarrowOop [40]=Oop [48]=Oop [64]=Oop [88]=Oop }
                      ;*iflt {reexecute=1 rethrow=0 return_oop=0}
                      ; - (reexecute) java.lang.StringLatin1::lastIndexOf@19
                      ; - java.lang.String::lastIndexOf@13
                      ; - java.lang.String::lastIndexOf@8
                      ; - java.lang.Class::getPackageName@47
                      ; - java.lang.ClassLoader::postDefineClass@2
                      ; - java.lang.ClassLoader::defineClass@37
  0x00000157a68c3434: 480f a4ff 

  0x00000157a68c3438: ;   {other}
  0x00000157a68c3438: 0f1f 8400 | a81e 0029 | 8bcf e9e6 | e7ff ffba | deff ffff 

  0x00000157a68c344c: ;   {runtime_call UncommonTrapBlob}
  0x00000157a68c344c: c5f8 77e8 

  0x00000157a68c3450: ; ImmutableOopMap {rbp=NarrowOop }
                      ;*checkcast {reexecute=0 rethrow=0 return_oop=0}
                      ; - java.lang.ClassLoader::getNamedPackage@8
                      ; - java.lang.ClassLoader::postDefineClass@9
                      ; - java.lang.ClassLoader::defineClass@37
  0x00000157a68c3450: 2c0f a4ff 

  0x00000157a68c3454: ;   {other}
  0x00000157a68c3454: 0f1f 8400 | c41e 002a | 4533 db45 | 85c9 410f | 94c3 ba45 | ffff ff48 | 8b6c 2428 | 4c89 4424 
  0x00000157a68c3474: 484c 8944 | 2450 4489 | 5c24 6090 

  0x00000157a68c3480: ;   {runtime_call UncommonTrapBlob}
  0x00000157a68c3480: c5f8 77e8 

  0x00000157a68c3484: ; ImmutableOopMap {rbp=Oop [48]=Oop [64]=Oop [72]=Oop [80]=Oop }
                      ;*ifeq {reexecute=1 rethrow=0 return_oop=0}
                      ; - (reexecute) java.lang.String::indexOf@4
                      ; - java.lang.String::indexOf@3
                      ; - java.lang.ClassLoader::checkName@16
                      ; - java.lang.ClassLoader::preDefineClass@1
                      ; - java.lang.ClassLoader::defineClass@4
  0x00000157a68c3484: f80e a4ff 

  0x00000157a68c3488: ;   {other}
  0x00000157a68c3488: 0f1f 8400 | f81e 002b | ba45 ffff | ff89 4c24 | 2089 4c24 | 244c 8b94 | 2488 0000 | 0048 895c 
  0x00000157a68c34a8: 2450 4c89 | 5424 5844 | 8974 2460 | 4c89 5424 | 6844 894c | 2470 6690 

  0x00000157a68c34c0: ;   {runtime_call UncommonTrapBlob}
  0x00000157a68c34c0: c5f8 77e8 

  0x00000157a68c34c4: ; ImmutableOopMap {[40]=Oop [48]=Oop [64]=Oop [80]=Oop [88]=Oop [96]=NarrowOop [104]=Oop }
                      ;*if_icmpgt {reexecute=1 rethrow=0 return_oop=0}
                      ; - (reexecute) jdk.internal.util.Preconditions::checkFromToIndex@6
                      ; - java.lang.String::checkBoundsBeginEnd@6
                      ; - java.lang.String::substring@8
                      ; - java.lang.ClassLoader::checkCerts@21
                      ; - java.lang.ClassLoader::preDefineClass@113
                      ; - java.lang.ClassLoader::defineClass@4
  0x00000157a68c34c4: b80e a4ff 

  0x00000157a68c34c8: ;   {other}
  0x00000157a68c34c8: 0f1f 8400 | 381f 002c | ba45 ffff | ff48 8b6c | 2428 4c8b | 9424 8800 | 0000 4c89 | 5424 4889 
  0x00000157a68c34e8: 5c24 5090 

  0x00000157a68c34ec: ;   {runtime_call UncommonTrapBlob}
  0x00000157a68c34ec: c5f8 77e8 

  0x00000157a68c34f0: ; ImmutableOopMap {rbp=Oop [48]=Oop [64]=Oop [72]=Oop [136]=Oop }
                      ;*if_icmpne {reexecute=1 rethrow=0 return_oop=0}
                      ; - (reexecute) java.lang.ClassLoader::checkName@20
                      ; - java.lang.ClassLoader::preDefineClass@1
                      ; - java.lang.ClassLoader::defineClass@4
  0x00000157a68c34f0: 8c0e a4ff 

  0x00000157a68c34f4: ;   {other}
  0x00000157a68c34f4: 0f1f 8400 | 641f 002d | ba45 ffff | ff48 8b6c | 2430 4c8b | 5424 404c | 8954 2438 | 4c89 6c24 
  0x00000157a68c3514: 4044 894c | 2448 4489 | 4424 4c90 

  0x00000157a68c3520: ;   {runtime_call UncommonTrapBlob}
  0x00000157a68c3520: c5f8 77e8 

  0x00000157a68c3524: ; ImmutableOopMap {rbp=Oop [40]=Oop [56]=Oop [64]=Oop [72]=NarrowOop }
                      ;*ifle {reexecute=1 rethrow=0 return_oop=0}
                      ; - (reexecute) java.util.concurrent.ConcurrentHashMap::get@23
                      ; - java.lang.ClassLoader::getNamedPackage@5
                      ; - java.lang.ClassLoader::postDefineClass@9
                      ; - java.lang.ClassLoader::defineClass@37
  0x00000157a68c3524: 580e a4ff 

  0x00000157a68c3528: ;   {other}
  0x00000157a68c3528: 0f1f 8400 | 981f 002e | ba45 ffff | ff4c 8b94 | 2488 0000 | 004c 8954 | 2450 6690 

  0x00000157a68c3544: ;   {runtime_call UncommonTrapBlob}
  0x00000157a68c3544: c5f8 77e8 

  0x00000157a68c3548: ; ImmutableOopMap {[40]=Oop [48]=Oop [64]=Oop [80]=Oop [136]=Oop }
                      ;*if_icmpne {reexecute=1 rethrow=0 return_oop=0}
                      ; - (reexecute) java.lang.ClassLoader::checkName@30
                      ; - java.lang.ClassLoader::preDefineClass@1
                      ; - java.lang.ClassLoader::defineClass@4
  0x00000157a68c3548: 340e a4ff 

  0x00000157a68c354c: ;   {other}
  0x00000157a68c354c: 0f1f 8400 | bc1f 002f | ba45 ffff | ff4c 8b54 | 2428 4c89 | 5424 204c | 8b94 2488 | 0000 0048 
  0x00000157a68c356c: 895c 2448 | 4c89 5424 | 504c 896c | 2458 4489 | 7424 6090 

  0x00000157a68c3580: ;   {runtime_call UncommonTrapBlob}
  0x00000157a68c3580: c5f8 77e8 

  0x00000157a68c3584: ; ImmutableOopMap {rbp=NarrowOop [32]=Oop [48]=Oop [64]=Oop [72]=Oop [80]=Oop [88]=Oop [96]=NarrowOop [136]=Oop }
                      ;*ifnull {reexecute=1 rethrow=0 return_oop=0}
                      ; - (reexecute) java.security.CodeSource::getCertificates@4
                      ; - java.lang.ClassLoader::checkCerts@34
                      ; - java.lang.ClassLoader::preDefineClass@113
                      ; - java.lang.ClassLoader::defineClass@4
  0x00000157a68c3584: f80d a4ff 

  0x00000157a68c3588: ;   {other}
  0x00000157a68c3588: 0f1f 8400 | f81f 0030 | ba45 ffff | ff4c 8b54 | 2428 4c89 | 5424 204c | 8b94 2488 | 0000 0048 
  0x00000157a68c35a8: 895c 2448 | 4c89 5424 | 504c 896c | 2458 4489 | 7424 6090 

  0x00000157a68c35bc: ;   {runtime_call UncommonTrapBlob}
  0x00000157a68c35bc: c5f8 77e8 

  0x00000157a68c35c0: ; ImmutableOopMap {rbp=NarrowOop [32]=Oop [48]=Oop [64]=Oop [72]=Oop [80]=Oop [88]=Oop [96]=NarrowOop [136]=Oop }
                      ;*ifnull {reexecute=1 rethrow=0 return_oop=0}
                      ; - (reexecute) java.security.CodeSource::getCertificates@22
                      ; - java.lang.ClassLoader::checkCerts@34
                      ; - java.lang.ClassLoader::preDefineClass@113
                      ; - java.lang.ClassLoader::defineClass@4
  0x00000157a68c35c0: bc0d a4ff 

  0x00000157a68c35c4: ;   {other}
  0x00000157a68c35c4: 0f1f 8400 | 3420 0031 | ba45 ffff | ff89 4c24 | 2089 4c24 | 244c 8b94 | 2488 0000 | 0048 895c 
  0x00000157a68c35e4: 2450 4c89 | 5424 5844 | 8974 2460 | 4c89 5424 | 6844 894c | 2470 4489 | 4c24 7490 

  0x00000157a68c3600: ;   {runtime_call UncommonTrapBlob}
  0x00000157a68c3600: c5f8 77e8 

  0x00000157a68c3604: ; ImmutableOopMap {[40]=Oop [48]=Oop [64]=Oop [80]=Oop [88]=Oop [96]=NarrowOop [104]=Oop }
                      ;*if_icmple {reexecute=1 rethrow=0 return_oop=0}
                      ; - (reexecute) jdk.internal.util.Preconditions::checkFromToIndex@11
                      ; - java.lang.String::checkBoundsBeginEnd@6
                      ; - java.lang.String::substring@8
                      ; - java.lang.ClassLoader::checkCerts@21
                      ; - java.lang.ClassLoader::preDefineClass@113
                      ; - java.lang.ClassLoader::defineClass@4
  0x00000157a68c3604: 780d a4ff 

  0x00000157a68c3608: ;   {other}
  0x00000157a68c3608: 0f1f 8400 | 7820 0032 | ba45 ffff | ff4c 8b54 | 2428 4c89 | 5424 204c | 8b94 2488 | 0000 004c 
  0x00000157a68c3628: 8954 2448 

  0x00000157a68c362c: ;   {runtime_call UncommonTrapBlob}
  0x00000157a68c362c: c5f8 77e8 

  0x00000157a68c3630: ; ImmutableOopMap {[32]=Oop [48]=Oop [64]=Oop [72]=Oop [136]=Oop }
                      ;*ifne {reexecute=1 rethrow=0 return_oop=0}
                      ; - (reexecute) java.lang.ClassLoader::compareCerts@7
                      ; - java.lang.ClassLoader::checkCerts@80
                      ; - java.lang.ClassLoader::preDefineClass@113
                      ; - java.lang.ClassLoader::defineClass@4
  0x00000157a68c3630: 4c0d a4ff 

  0x00000157a68c3634: ;   {other}
  0x00000157a68c3634: 0f1f 8400 | a420 0033 | baf6 ffff | ff66 6690 

  0x00000157a68c3644: ;   {runtime_call UncommonTrapBlob}
  0x00000157a68c3644: c5f8 77e8 

  0x00000157a68c3648: ; ImmutableOopMap {}
                      ;*invokevirtual isNamed {reexecute=0 rethrow=0 return_oop=0}
                      ; - java.lang.NamedPackage::<init>@12
                      ; - java.lang.ClassLoader::getNamedPackage@22
                      ; - java.lang.ClassLoader::postDefineClass@9
                      ; - java.lang.ClassLoader::defineClass@37
  0x00000157a68c3648: 340d a4ff 

  0x00000157a68c364c: ;   {other}
  0x00000157a68c364c: 0f1f 8400 | bc20 0034 | 4c89 5424 | 484c 896c | 2420 488b | eb44 8bee | 498b d7c5 | f877 49ba 
  0x00000157a68c366c: 20a4 3fa9 | f97f 0000 

  0x00000157a68c3674: ;   {other}
  0x00000157a68c3674: 41ff d20f | 1f84 0000 | 0000 0041 | 8bf5 488b | dd4c 8b6c | 2420 4c8b | 5424 48e9 | bee7 ffff 
  0x00000157a68c3694: baf6 ffff | ff66 6690 

  0x00000157a68c369c: ;   {runtime_call UncommonTrapBlob}
  0x00000157a68c369c: c5f8 77e8 

  0x00000157a68c36a0: ; ImmutableOopMap {[56]=NarrowOop }
                      ;*invokevirtual append {reexecute=0 rethrow=0 return_oop=0}
                      ; - java.lang.NamedPackage::<init>@35
                      ; - java.lang.ClassLoader::getNamedPackage@22
                      ; - java.lang.ClassLoader::postDefineClass@9
                      ; - java.lang.ClassLoader::defineClass@37
  0x00000157a68c36a0: dc0c a4ff 

  0x00000157a68c36a4: ;   {other}
  0x00000157a68c36a4: 0f1f 8400 | 1421 0035 | baf6 ffff | ff66 6690 

  0x00000157a68c36b4: ;   {runtime_call UncommonTrapBlob}
  0x00000157a68c36b4: c5f8 77e8 

  0x00000157a68c36b8: ; ImmutableOopMap {}
                      ;*invokevirtual toString {reexecute=0 rethrow=0 return_oop=0}
                      ; - java.lang.NamedPackage::<init>@38
                      ; - java.lang.ClassLoader::getNamedPackage@22
                      ; - java.lang.ClassLoader::postDefineClass@9
                      ; - java.lang.ClassLoader::defineClass@37
  0x00000157a68c36b8: c40c a4ff 

  0x00000157a68c36bc: ;   {other}
  0x00000157a68c36bc: 0f1f 8400 | 2c21 0036 | 4d63 c8e9 | 7eeb ffff | 4983 c1fe | 498b c949 | 8bfb 4833 | c048 83f9 
  0x00000157a68c36dc: 087f 1048 | ffc9 784f | 4889 04cf | 48ff c97d | f7eb 44c5 | fdef c0e9 | 0d00 0000 | c5fe 7f07 
  0x00000157a68c36fc: c5fe 7f47 | 2048 83c7 | 4048 83e9 | 087d ed48 | 83c1 047c | 0cc5 fe7f | 0748 83c7 | 2048 83e9 
  0x00000157a68c371c: 0448 83c1 | 047e 1048 | ffc9 c5f9 | d607 4883 | c708 48ff | c97d f3e9 | d4eb ffff | bacc ffff 
  0x00000157a68c373c: ff41 8beb | 4489 4424 | 2448 895c | 2460 6690 

  0x00000157a68c374c: ;   {runtime_call UncommonTrapBlob}
  0x00000157a68c374c: c5f8 77e8 

  0x00000157a68c3750: ; ImmutableOopMap {rbp=NarrowOop [40]=Oop [48]=Oop [64]=Oop [96]=Oop }
                      ;*newarray {reexecute=1 rethrow=0 return_oop=0}
                      ; - (reexecute) java.util.Arrays::copyOfRangeByte@10
                      ; - java.util.Arrays::copyOfRange@13
                      ; - java.lang.StringLatin1::newString@16
                      ; - java.lang.String::substring@41
                      ; - java.lang.Class::getPackageName@62
                      ; - java.lang.ClassLoader::postDefineClass@2
                      ; - java.lang.ClassLoader::defineClass@37
  0x00000157a68c3750: 2c0c a4ff 

  0x00000157a68c3754: ;   {other}
  0x00000157a68c3754: 0f1f 8400 | c421 0037 | 458b c1e9 | cbe9 ffff | 4585 c944 | 8b44 2420 | 410f 94c0 | ba45 ffff 
  0x00000157a68c3774: ff48 8b6c | 2430 4c8b | 5c24 404c | 895c 2438 | 4889 4424 | 5044 8954 | 2458 4489 | 4424 5c90 
  0x00000157a68c3794: ;   {runtime_call UncommonTrapBlob}
  0x00000157a68c3794: c5f8 77e8 

  0x00000157a68c3798: ; ImmutableOopMap {rbp=Oop [40]=Oop [56]=Oop [80]=Oop }
                      ;*ifeq {reexecute=1 rethrow=0 return_oop=0}
                      ; - (reexecute) java.lang.String::lastIndexOf@4
                      ; - java.lang.String::lastIndexOf@8
                      ; - java.lang.Class::getPackageName@47
                      ; - java.lang.ClassLoader::postDefineClass@2
                      ; - java.lang.ClassLoader::defineClass@37
  0x00000157a68c3798: e40b a4ff 

  0x00000157a68c379c: ;   {other}
  0x00000157a68c379c: 0f1f 8400 | 0c22 0038 | 498b d7c5 | f877 49ba | 20a4 3fa9 | f97f 0000 

  0x00000157a68c37b4: ;   {other}
  0x00000157a68c37b4: 41ff d20f | 1f84 0000 | 0000 00e9 | b6eb ffff | ba45 ffff | ff44 8944 | 2420 4489 | 4424 2448 
  0x00000157a68c37d4: 8944 2458 | 894c 2464 

  0x00000157a68c37dc: ;   {runtime_call UncommonTrapBlob}
  0x00000157a68c37dc: c5f8 77e8 

  0x00000157a68c37e0: ; ImmutableOopMap {[40]=Oop [48]=Oop [64]=Oop [88]=Oop }
                      ;*if_icmpgt {reexecute=1 rethrow=0 return_oop=0}
                      ; - (reexecute) jdk.internal.util.Preconditions::checkFromToIndex@6
                      ; - java.lang.String::checkBoundsBeginEnd@6
                      ; - java.lang.String::substring@8
                      ; - java.lang.Class::getPackageName@62
                      ; - java.lang.ClassLoader::postDefineClass@2
                      ; - java.lang.ClassLoader::defineClass@37
  0x00000157a68c37e0: 9c0b a4ff 

  0x00000157a68c37e4: ;   {other}
  0x00000157a68c37e4: 0f1f 8400 | 5422 0039 | ba45 ffff | ff44 8944 | 2420 4489 | 4424 2448 | 8944 2458 | 894c 2464 
  0x00000157a68c3804: 894c 2468 

  0x00000157a68c3808: ;   {runtime_call UncommonTrapBlob}
  0x00000157a68c3808: c5f8 77e8 

  0x00000157a68c380c: ; ImmutableOopMap {[40]=Oop [48]=Oop [64]=Oop [88]=Oop }
                      ;*if_icmple {reexecute=1 rethrow=0 return_oop=0}
                      ; - (reexecute) jdk.internal.util.Preconditions::checkFromToIndex@11
                      ; - java.lang.String::checkBoundsBeginEnd@6
                      ; - java.lang.String::substring@8
                      ; - java.lang.Class::getPackageName@62
                      ; - java.lang.ClassLoader::postDefineClass@2
                      ; - java.lang.ClassLoader::defineClass@37
  0x00000157a68c380c: 700b a4ff 

  0x00000157a68c3810: ;   {other}
  0x00000157a68c3810: 0f1f 8400 | 8022 003a | 498b d7c5 | f877 49ba | 20a4 3fa9 | f97f 0000 

  0x00000157a68c3828: ;   {other}
  0x00000157a68c3828: 41ff d20f | 1f84 0000 | 0000 00e9 | dfea ffff | ba45 ffff | ff44 895c | 2438 6690 

  0x00000157a68c3844: ;   {runtime_call UncommonTrapBlob}
  0x00000157a68c3844: c5f8 77e8 

  0x00000157a68c3848: ; ImmutableOopMap {rbp=NarrowOop [40]=Oop [48]=Oop [56]=NarrowOop }
                      ;*ifnull {reexecute=1 rethrow=0 return_oop=0}
                      ; - (reexecute) java.security.CodeSource::getCertificates@4
                      ; - java.lang.ClassLoader::postDefineClass@24
                      ; - java.lang.ClassLoader::defineClass@37
  0x00000157a68c3848: 340b a4ff 

  0x00000157a68c384c: ;   {other}
  0x00000157a68c384c: 0f1f 8400 | bc22 003b | ba45 ffff | ff44 895c | 2438 6690 

  0x00000157a68c3860: ;   {runtime_call UncommonTrapBlob}
  0x00000157a68c3860: c5f8 77e8 

  0x00000157a68c3864: ; ImmutableOopMap {rbp=NarrowOop [40]=Oop [48]=Oop [56]=NarrowOop }
                      ;*ifnull {reexecute=1 rethrow=0 return_oop=0}
                      ; - (reexecute) java.security.CodeSource::getCertificates@22
                      ; - java.lang.ClassLoader::postDefineClass@24
                      ; - java.lang.ClassLoader::defineClass@37
  0x00000157a68c3864: 180b a4ff 

  0x00000157a68c3868: ;   {other}
  0x00000157a68c3868: 0f1f 8400 | d822 003c | bae4 ffff | ff44 8954 | 2420 4c8b | 9424 8800 | 0000 4c89 | 5424 4844 
  0x00000157a68c3888: 8b5c 2438 | 4489 5c24 | 2466 6690 

  0x00000157a68c3894: ;   {runtime_call UncommonTrapBlob}
  0x00000157a68c3894: c5f8 77e8 

  0x00000157a68c3898: ; ImmutableOopMap {[32]=NarrowOop [40]=Oop [48]=Oop [64]=Oop [72]=Oop }
                      ;*baload {reexecute=0 rethrow=0 return_oop=0}
                      ; - jdk.internal.util.ArraysSupport::mismatch@82
                      ; - java.lang.String::startsWith@70
                      ; - java.lang.String::startsWith@3
                      ; - java.lang.ClassLoader::preDefineClass@43
                      ; - java.lang.ClassLoader::defineClass@4
  0x00000157a68c3898: e40a a4ff 

  0x00000157a68c389c: ;   {other}
  0x00000157a68c389c: 0f1f 8400 | 0c23 003d | ba45 ffff | ff4c 8b54 | 2440 4c89 | 5424 3844 | 894c 2450 | 4c89 6c24 
  0x00000157a68c38bc: 5844 8944 | 2454 4489 | 5c24 6089 | 4c24 6490 

  0x00000157a68c38cc: ;   {runtime_call UncommonTrapBlob}
  0x00000157a68c38cc: c5f8 77e8 

  0x00000157a68c38d0: ; ImmutableOopMap {[40]=Oop [48]=Oop [56]=Oop [80]=NarrowOop [84]=NarrowOop [88]=Oop }
                      ;*if_icmpne {reexecute=1 rethrow=0 return_oop=0}
                      ; - (reexecute) java.lang.String::equals@33
                      ; - java.util.concurrent.ConcurrentHashMap::get@73
                      ; - java.lang.ClassLoader::getNamedPackage@5
                      ; - java.lang.ClassLoader::postDefineClass@9
                      ; - java.lang.ClassLoader::defineClass@37
  0x00000157a68c38d0: ac0a a4ff 

  0x00000157a68c38d4: ;   {other}
  0x00000157a68c38d4: 0f1f 8400 | 4423 003e | ba45 ffff | ff4c 8b54 | 2440 4c89 | 5424 3844 | 894c 2450 | 4c89 6c24 
  0x00000157a68c38f4: 5844 8944 | 2454 4489 | 5c24 6090 

  0x00000157a68c3900: ;   {runtime_call UncommonTrapBlob}
  0x00000157a68c3900: c5f8 77e8 

  0x00000157a68c3904: ; ImmutableOopMap {[40]=Oop [48]=Oop [56]=Oop [80]=NarrowOop [84]=NarrowOop [88]=Oop }
                      ;*ifge {reexecute=1 rethrow=0 return_oop=0}
                      ; - (reexecute) java.util.concurrent.ConcurrentHashMap::get@86
                      ; - java.lang.ClassLoader::getNamedPackage@5
                      ; - java.lang.ClassLoader::postDefineClass@9
                      ; - java.lang.ClassLoader::defineClass@37
  0x00000157a68c3904: 780a a4ff 

  0x00000157a68c3908: ;   {other}
  0x00000157a68c3908: 0f1f 8400 | 7823 003f | baf6 ffff | ff48 8b6c | 2420 6690 

  0x00000157a68c391c: ;   {runtime_call UncommonTrapBlob}
  0x00000157a68c391c: c5f8 77e8 

  0x00000157a68c3920: ; ImmutableOopMap {rbp=Oop [88]=Oop }
                      ;*invokevirtual putIfAbsent {reexecute=0 rethrow=0 return_oop=0}
                      ; - java.lang.ClassLoader::getNamedPackage@32
                      ; - java.lang.ClassLoader::postDefineClass@9
                      ; - java.lang.ClassLoader::defineClass@37
  0x00000157a68c3920: 5c0a a4ff 

  0x00000157a68c3924: ;   {other}
  0x00000157a68c3924: 0f1f 8400 | 9423 0040 | bade ffff | ff48 8be8 

  0x00000157a68c3934: ;   {runtime_call UncommonTrapBlob}
  0x00000157a68c3934: c5f8 77e8 

  0x00000157a68c3938: ; ImmutableOopMap {rbp=Oop }
                      ;*checkcast {reexecute=0 rethrow=0 return_oop=0}
                      ; - java.lang.ClassLoader::getNamedPackage@35
                      ; - java.lang.ClassLoader::postDefineClass@9
                      ; - java.lang.ClassLoader::defineClass@37
  0x00000157a68c3938: 440a a4ff 

  0x00000157a68c393c: ;   {other}
  0x00000157a68c393c: 0f1f 8400 | ac23 0041 | ba45 ffff | ff4c 8b54 | 2440 4c89 | 5424 3844 | 894c 2450 | 4c89 6c24 
  0x00000157a68c395c: 5848 895c | 2460 4489 | 5c24 5490 

  0x00000157a68c3968: ;   {runtime_call UncommonTrapBlob}
  0x00000157a68c3968: c5f8 77e8 

  0x00000157a68c396c: ; ImmutableOopMap {rbp=NarrowOop [40]=Oop [48]=Oop [56]=Oop [80]=NarrowOop [88]=Oop [96]=Oop }
                      ;*ifnull {reexecute=1 rethrow=0 return_oop=0}
                      ; - (reexecute) java.util.concurrent.ConcurrentHashMap::get@143
                      ; - java.lang.ClassLoader::getNamedPackage@5
                      ; - java.lang.ClassLoader::postDefineClass@9
                      ; - java.lang.ClassLoader::defineClass@37
  0x00000157a68c396c: 100a a4ff 

  0x00000157a68c3970: ;   {other}
  0x00000157a68c3970: 0f1f 8400 | e023 0042 | ba45 ffff | ff48 8b6c | 2430 8944 | 2460 6690 

  0x00000157a68c3988: ;   {runtime_call UncommonTrapBlob}
  0x00000157a68c3988: c5f8 77e8 

  0x00000157a68c398c: ; ImmutableOopMap {rbp=Oop [32]=Oop [40]=Oop [56]=NarrowOop [64]=Oop [72]=Oop }
                      ;*ifeq {reexecute=1 rethrow=0 return_oop=0}
                      ; - (reexecute) java.util.concurrent.ConcurrentHashMap::get@152
                      ; - java.lang.ClassLoader::getNamedPackage@5
                      ; - java.lang.ClassLoader::postDefineClass@9
                      ; - java.lang.ClassLoader::defineClass@37
  0x00000157a68c398c: f009 a4ff 

  0x00000157a68c3990: ;   {other}
  0x00000157a68c3990: 0f1f 8400 | 0024 0043 | 498b d7c5 | f877 49ba | 20a4 3fa9 | f97f 0000 

  0x00000157a68c39a8: ;   {other}
  0x00000157a68c39a8: 41ff d20f | 1f84 0000 | 0000 00e9 | 90ef ffff | 498b d7c5 | f877 49ba | 20a4 3fa9 | f97f 0000 
  0x00000157a68c39c8: ;   {other}
  0x00000157a68c39c8: 41ff d20f | 1f84 0000 | 0000 00e9 | b8ef ffff | ba37 0100 | 0048 8beb | 4c8b 9424 | 8800 0000 
  0x00000157a68c39e8: 4c89 5424 | 204c 8b54 | 2430 4c89 | 5424 2844 | 8b54 2438 | 4489 5424 | 3089 7424 | 3466 6690 
  0x00000157a68c3a08: ;   {runtime_call UncommonTrapBlob}
  0x00000157a68c3a08: c5f8 77e8 

  0x00000157a68c3a0c: ; ImmutableOopMap {rbp=Oop [32]=Oop [40]=Oop }
                      ;*new {reexecute=0 rethrow=0 return_oop=0}
                      ; - java.lang.ClassLoader::preDefineClass@56
                      ; - java.lang.ClassLoader::defineClass@4
  0x00000157a68c3a0c: 7009 a4ff 

  0x00000157a68c3a10: ;   {other}
  0x00000157a68c3a10: 0f1f 8400 | 8024 0044 | bade ffff | ff48 8b6c | 2428 4c8b | 9424 8800 | 0000 4c89 | 5424 204c 
  0x00000157a68c3a30: 8b54 2430 | 4c89 5424 | 2844 8b54 | 2438 4489 | 5424 3044 | 8b5c 243c | 4489 5c24 | 344c 8b54 
  0x00000157a68c3a50: 2440 4c89 | 5424 384c | 8b54 2448 | 4c89 5424 | 4048 8944 | 2450 6690 

  0x00000157a68c3a68: ;   {runtime_call UncommonTrapBlob}
  0x00000157a68c3a68: c5f8 77e8 

  0x00000157a68c3a6c: ; ImmutableOopMap {rbp=Oop [32]=Oop [40]=Oop [56]=Oop [64]=Oop [80]=Oop }
                      ;*checkcast {reexecute=0 rethrow=0 return_oop=0}
                      ; - java.lang.ClassLoader::checkCerts@65
                      ; - java.lang.ClassLoader::preDefineClass@113
                      ; - java.lang.ClassLoader::defineClass@4
  0x00000157a68c3a6c: 1009 a4ff 

  0x00000157a68c3a70: ;   {other}
  0x00000157a68c3a70: 0f1f 8400 | e024 0045 | baf6 ffff | ff66 6690 

  0x00000157a68c3a80: ;   {runtime_call UncommonTrapBlob}
  0x00000157a68c3a80: c5f8 77e8 

  0x00000157a68c3a84: ; ImmutableOopMap {}
                      ;*arraylength {reexecute=0 rethrow=0 return_oop=0}
                      ; - java.lang.String::isEmpty@4
                      ; - java.lang.ClassLoader::checkName@5
                      ; - java.lang.ClassLoader::preDefineClass@1
                      ; - java.lang.ClassLoader::defineClass@4
  0x00000157a68c3a84: f808 a4ff 

  0x00000157a68c3a88: ;   {other}
  0x00000157a68c3a88: 0f1f 8400 | f824 0046 | baf6 ffff | ff66 6690 

  0x00000157a68c3a98: ;   {runtime_call UncommonTrapBlob}
  0x00000157a68c3a98: c5f8 77e8 

  0x00000157a68c3a9c: ; ImmutableOopMap {}
                      ;*invokevirtual getPackageName {reexecute=0 rethrow=0 return_oop=0}
                      ; - java.lang.ClassLoader::postDefineClass@2
                      ; - java.lang.ClassLoader::defineClass@37
  0x00000157a68c3a9c: e008 a4ff 

  0x00000157a68c3aa0: ;   {other}
  0x00000157a68c3aa0: 0f1f 8400 | 1025 0047 | baf6 ffff | ff66 6690 

  0x00000157a68c3ab0: ;   {runtime_call UncommonTrapBlob}
  0x00000157a68c3ab0: c5f8 77e8 

  0x00000157a68c3ab4: ; ImmutableOopMap {}
                      ;*invokevirtual hashCode {reexecute=0 rethrow=0 return_oop=0}
                      ; - java.util.concurrent.ConcurrentHashMap::get@1
                      ; - java.lang.ClassLoader::getNamedPackage@5
                      ; - java.lang.ClassLoader::postDefineClass@9
                      ; - java.lang.ClassLoader::defineClass@37
  0x00000157a68c3ab4: c808 a4ff 

  0x00000157a68c3ab8: ;   {other}
  0x00000157a68c3ab8: 0f1f 8400 | 2825 0048 | 4d85 d244 | 8b5c 2420 | 410f 94c3 | ba45 ffff | ff4c 8b54 | 2440 4c89 
  0x00000157a68c3ad8: 5424 3848 | 8944 2440 | 4489 5c24 | 4866 6690 

  0x00000157a68c3ae8: ;   {runtime_call UncommonTrapBlob}
  0x00000157a68c3ae8: c5f8 77e8 

  0x00000157a68c3aec: ; ImmutableOopMap {[40]=Oop [48]=Oop [56]=Oop [64]=Oop }
                      ;*ifeq {reexecute=1 rethrow=0 return_oop=0}
                      ; - (reexecute) java.lang.Class::getPackageName@29
                      ; - java.lang.ClassLoader::postDefineClass@2
                      ; - java.lang.ClassLoader::defineClass@37
  0x00000157a68c3aec: 9008 a4ff 

  0x00000157a68c3af0: ;   {other}
  0x00000157a68c3af0: 0f1f 8400 | 6025 0049 | baf6 ffff | ff66 6690 

  0x00000157a68c3b00: ;   {runtime_call UncommonTrapBlob}
  0x00000157a68c3b00: c5f8 77e8 

  0x00000157a68c3b04: ; ImmutableOopMap {}
                      ;*arraylength {reexecute=0 rethrow=0 return_oop=0}
                      ; - java.lang.String::length@4
                      ; - java.lang.String::lastIndexOf@3
                      ; - java.lang.Class::getPackageName@47
                      ; - java.lang.ClassLoader::postDefineClass@2
                      ; - java.lang.ClassLoader::defineClass@37
  0x00000157a68c3b04: 7808 a4ff 

  0x00000157a68c3b08: ;   {other}
  0x00000157a68c3b08: 0f1f 8400 | 7825 004a | ba45 ffff | ff48 8b6c | 2428 4c89 | 4424 484c | 8944 2450 

  0x00000157a68c3b24: ;   {runtime_call UncommonTrapBlob}
  0x00000157a68c3b24: c5f8 77e8 

  0x00000157a68c3b28: ; ImmutableOopMap {rbp=Oop [48]=Oop [64]=Oop [72]=Oop [80]=Oop }
                      ;*ifnull {reexecute=1 rethrow=0 return_oop=0}
                      ; - (reexecute) java.lang.ClassLoader::checkName@1
                      ; - java.lang.ClassLoader::preDefineClass@1
                      ; - java.lang.ClassLoader::defineClass@4
  0x00000157a68c3b28: 5408 a4ff 

  0x00000157a68c3b2c: ;   {other}
  0x00000157a68c3b2c: 0f1f 8400 | 9c25 004b | ba45 ffff | ff48 8b6c | 2428 4c8b | 9424 8800 | 0000 4c89 | 5424 204c 
  0x00000157a68c3b4c: 8b54 2430 | 4c89 5424 | 2844 8b54 | 2438 4489 | 5424 3089 | 7424 3448 | 895c 2438 

  0x00000157a68c3b68: ;   {runtime_call UncommonTrapBlob}
  0x00000157a68c3b68: c5f8 77e8 

  0x00000157a68c3b6c: ; ImmutableOopMap {rbp=Oop [32]=Oop [40]=Oop [56]=Oop [64]=Oop }
                      ;*ifnonnull {reexecute=1 rethrow=0 return_oop=0}
                      ; - (reexecute) java.lang.ClassLoader::preDefineClass@95
                      ; - java.lang.ClassLoader::defineClass@4
  0x00000157a68c3b6c: 1008 a4ff 

  0x00000157a68c3b70: ;   {other}
  0x00000157a68c3b70: 0f1f 8400 | e025 004c | ba45 ffff | ff48 8b6c | 2428 4c8b | 9424 8800 | 0000 4c89 | 5424 204c 
  0x00000157a68c3b90: 8b54 2430 | 4c89 5424 | 2844 8b54 | 2438 4489 | 5424 3044 | 8b54 243c | 4489 5424 | 344c 8b54 
  0x00000157a68c3bb0: 2440 4c89 | 5424 3848 | 895c 2440 | 4c89 6c24 | 5844 8974 | 2454 6690 

  0x00000157a68c3bc8: ;   {runtime_call UncommonTrapBlob}
  0x00000157a68c3bc8: c5f8 77e8 

  0x00000157a68c3bcc: ; ImmutableOopMap {rbp=Oop [32]=Oop [40]=Oop [56]=Oop [64]=Oop [84]=NarrowOop [88]=Oop }
                      ;*ifnull {reexecute=1 rethrow=0 return_oop=0}
                      ; - (reexecute) java.lang.ClassLoader::checkCerts@30
                      ; - java.lang.ClassLoader::preDefineClass@113
                      ; - java.lang.ClassLoader::defineClass@4
  0x00000157a68c3bcc: b007 a4ff 

  0x00000157a68c3bd0: ;   {other}
  0x00000157a68c3bd0: 0f1f 8400 | 4026 004d | ba45 ffff | ff48 8b6c | 2428 4c8b | 4424 304c | 8944 2428 | 448b 4424 
  0x00000157a68c3bf0: 3844 8944 | 2430 448b | 4c24 3c44 | 894c 2434 | 4c89 5424 | 3844 895c | 2444 6690 

  0x00000157a68c3c0c: ;   {runtime_call UncommonTrapBlob}
  0x00000157a68c3c0c: c5f8 77e8 

  0x00000157a68c3c10: ; ImmutableOopMap {rbp=Oop [40]=Oop [56]=Oop [68]=NarrowOop [136]=Oop }
                      ;*ifnull {reexecute=1 rethrow=0 return_oop=0}
                      ; - (reexecute) java.lang.ClassLoader::defineClassSourceLocation@8
                      ; - java.lang.ClassLoader::defineClass@12
  0x00000157a68c3c10: 6c07 a4ff 

  0x00000157a68c3c14: ;   {other}
  0x00000157a68c3c14: 0f1f 8400 | 8426 004e | ba45 ffff | ff4c 8b5c | 2428 4c89 | 5c24 2090 

  0x00000157a68c3c2c: ;   {runtime_call UncommonTrapBlob}
  0x00000157a68c3c2c: c5f8 77e8 

  0x00000157a68c3c30: ; ImmutableOopMap {rbp=NarrowOop [32]=Oop [48]=Oop [64]=Oop [136]=Oop }
                      ;*ifnull {reexecute=1 rethrow=0 return_oop=0}
                      ; - (reexecute) java.lang.ClassLoader::defineClassSourceLocation@15
                      ; - java.lang.ClassLoader::defineClass@12
  0x00000157a68c3c30: 4c07 a4ff 

  0x00000157a68c3c34: ;   {other}
  0x00000157a68c3c34: 0f1f 8400 | a426 004f | ba45 ffff | ff48 8b6c | 2430 4489 | 5c24 2090 

  0x00000157a68c3c4c: ;   {runtime_call UncommonTrapBlob}
  0x00000157a68c3c4c: c5f8 77e8 

  0x00000157a68c3c50: ; ImmutableOopMap {rbp=Oop [32]=NarrowOop }
                      ;*ifnull {reexecute=1 rethrow=0 return_oop=0}
                      ; - (reexecute) java.lang.ClassLoader::postDefineClass@17
                      ; - java.lang.ClassLoader::defineClass@37
  0x00000157a68c3c50: 2c07 a4ff 

  0x00000157a68c3c54: ;   {other}
  0x00000157a68c3c54: 0f1f 8400 | c426 0050 | ba45 ffff | ff4c 8b54 | 2440 4c89 | 5424 3844 | 894c 2450 | 4c89 6c24 
  0x00000157a68c3c74: 5844 8944 | 2454 4489 | 5c24 6090 

  0x00000157a68c3c80: ;   {runtime_call UncommonTrapBlob}
  0x00000157a68c3c80: c5f8 77e8 

  0x00000157a68c3c84: ; ImmutableOopMap {rbp=NarrowOop [40]=Oop [48]=Oop [56]=Oop [80]=NarrowOop [84]=NarrowOop [88]=Oop }
                      ;*ifnull {reexecute=1 rethrow=0 return_oop=0}
                      ; - (reexecute) java.util.concurrent.ConcurrentHashMap::get@67
                      ; - java.lang.ClassLoader::getNamedPackage@5
                      ; - java.lang.ClassLoader::postDefineClass@9
                      ; - java.lang.ClassLoader::defineClass@37
  0x00000157a68c3c84: f806 a4ff 

  0x00000157a68c3c88: ;   {other}
  0x00000157a68c3c88: 0f1f 8400 | f826 0051 | eb2c eb2a | eb28 eb26 | eb24 eb22 | eb20 eb1e | eb1c eb1a | eb18 eb16 
  0x00000157a68c3ca8: eb14 eb12 | eb10 eb0e | eb0c eb0a | eb08 eb06 | eb04 eb02 | eb00 488b | d0e9 c3eb | ffff ba97 
  0x00000157a68c3cc8: ffff ff4c | 8b54 2478 | 4c89 5424 | 4844 8b5c | 2438 4489 | 5c24 204c | 8b54 2458 | 4c89 5424 
  0x00000157a68c3ce8: 5066 6690 

  0x00000157a68c3cec: ;   {runtime_call UncommonTrapBlob}
  0x00000157a68c3cec: c5f8 77e8 

  0x00000157a68c3cf0: ; ImmutableOopMap {rbp=NarrowOop [36]=NarrowOop [40]=Oop [48]=Oop [64]=Oop [72]=Oop [80]=Oop [96]=Oop }
                      ;*invokevirtual clone {reexecute=1 rethrow=0 return_oop=0}
                      ; - (reexecute) java.util.Arrays::copyOfRange@18
                      ; - java.lang.StringLatin1::newString@16
                      ; - java.lang.String::substring@41
                      ; - java.lang.ClassLoader::checkCerts@21
                      ; - java.lang.ClassLoader::preDefineClass@113
                      ; - java.lang.ClassLoader::defineClass@4
  0x00000157a68c3cf0: 8c06 a4ff 

  0x00000157a68c3cf4: ;   {other}
  0x00000157a68c3cf4: 0f1f 8400 | 6427 0052 | ba97 ffff | ff8b 6c24 | 3866 6690 

  0x00000157a68c3d08: ;   {runtime_call UncommonTrapBlob}
  0x00000157a68c3d08: c5f8 77e8 

  0x00000157a68c3d0c: ; ImmutableOopMap {rbp=NarrowOop [32]=Oop [40]=Oop [64]=Oop [72]=Oop }
                      ;*invokevirtual clone {reexecute=1 rethrow=0 return_oop=0}
                      ; - (reexecute) java.util.Arrays::copyOfRange@18
                      ; - java.lang.StringLatin1::newString@16
                      ; - java.lang.String::substring@41
                      ; - java.lang.Class::getPackageName@62
                      ; - java.lang.ClassLoader::postDefineClass@2
                      ; - java.lang.ClassLoader::defineClass@37
  0x00000157a68c3d0c: 7006 a4ff 

  0x00000157a68c3d10: ;   {other}
  0x00000157a68c3d10: 0f1f 8400 | 8027 0053 

  0x00000157a68c3d18: ;   {internal_word}
  0x00000157a68c3d18: 49ba 7d25 | 8ca6 5701 | 0000 4d89 | 9768 0400 

  0x00000157a68c3d28: ;   {runtime_call SafepointBlob}
  0x00000157a68c3d28: 00e9 5217 

  0x00000157a68c3d2c: ;   {runtime_call StubRoutines (final stubs)}
  0x00000157a68c3d2c: a4ff e86d | 27a2 ffe9 | 86dc ffff 
[Stub Code]
  0x00000157a68c3d38: ;   {no_reloc}
  0x00000157a68c3d38: 48bb 0000 | 0000 0000 

  0x00000157a68c3d40: ;   {runtime_call nmethod}
  0x00000157a68c3d40: 0000 e9fb 

  0x00000157a68c3d44: ;   {static_stub}
  0x00000157a68c3d44: ffff ff48 | bb00 0000 | 0000 0000 

  0x00000157a68c3d50: ;   {runtime_call nmethod}
  0x00000157a68c3d50: 00e9 fbff 

  0x00000157a68c3d54: ;   {static_stub}
  0x00000157a68c3d54: ffff 48bb | 0000 0000 | 0000 0000 

  0x00000157a68c3d60: ;   {runtime_call nmethod}
  0x00000157a68c3d60: e9fb ffff 

  0x00000157a68c3d64: ;   {static_stub}
  0x00000157a68c3d64: ff48 bb00 | 0000 0000 

  0x00000157a68c3d6c: ;   {runtime_call nmethod}
  0x00000157a68c3d6c: 0000 00e9 | fbff ffff 

  0x00000157a68c3d74: ;   {static_stub}
  0x00000157a68c3d74: 48bb 0000 | 0000 0000 

  0x00000157a68c3d7c: ;   {runtime_call nmethod}
  0x00000157a68c3d7c: 0000 e9fb 

  0x00000157a68c3d80: ;   {static_stub}
  0x00000157a68c3d80: ffff ff48 | bb00 0000 | 0000 0000 

  0x00000157a68c3d8c: ;   {runtime_call nmethod}
  0x00000157a68c3d8c: 00e9 fbff 

  0x00000157a68c3d90: ;   {static_stub}
  0x00000157a68c3d90: ffff 48bb | 0000 0000 | 0000 0000 

  0x00000157a68c3d9c: ;   {runtime_call nmethod}
  0x00000157a68c3d9c: e9fb ffff 

  0x00000157a68c3da0: ;   {static_stub}
  0x00000157a68c3da0: ff48 bb00 | 0000 0000 

  0x00000157a68c3da8: ;   {runtime_call nmethod}
  0x00000157a68c3da8: 0000 00e9 | fbff ffff 

  0x00000157a68c3db0: ;   {static_stub}
  0x00000157a68c3db0: 48bb 0000 | 0000 0000 

  0x00000157a68c3db8: ;   {runtime_call nmethod}
  0x00000157a68c3db8: 0000 e9fb 

  0x00000157a68c3dbc: ;   {static_stub}
  0x00000157a68c3dbc: ffff ff48 | bb00 0000 | 0000 0000 

  0x00000157a68c3dc8: ;   {runtime_call nmethod}
  0x00000157a68c3dc8: 00e9 fbff 

  0x00000157a68c3dcc: ;   {static_stub}
  0x00000157a68c3dcc: ffff 48bb | 0000 0000 | 0000 0000 

  0x00000157a68c3dd8: ;   {runtime_call nmethod}
  0x00000157a68c3dd8: e9fb ffff 

  0x00000157a68c3ddc: ;   {static_stub}
  0x00000157a68c3ddc: ff48 bb00 | 0000 0000 

  0x00000157a68c3de4: ;   {runtime_call nmethod}
  0x00000157a68c3de4: 0000 00e9 | fbff ffff 

  0x00000157a68c3dec: ;   {static_stub}
  0x00000157a68c3dec: 48bb 0000 | 0000 0000 

  0x00000157a68c3df4: ;   {runtime_call nmethod}
  0x00000157a68c3df4: 0000 e9fb 

  0x00000157a68c3df8: ;   {static_stub}
  0x00000157a68c3df8: ffff ff48 | bb00 0000 | 0000 0000 

  0x00000157a68c3e04: ;   {runtime_call nmethod}
  0x00000157a68c3e04: 00e9 fbff 

  0x00000157a68c3e08: ;   {static_stub}
  0x00000157a68c3e08: ffff 48bb | 0000 0000 | 0000 0000 

  0x00000157a68c3e14: ;   {runtime_call nmethod}
  0x00000157a68c3e14: e9fb ffff 

  0x00000157a68c3e18: ;   {static_stub}
  0x00000157a68c3e18: ff48 bb00 | 0000 0000 

  0x00000157a68c3e20: ;   {runtime_call nmethod}
  0x00000157a68c3e20: 0000 00e9 | fbff ffff 
[Exception Handler]
  0x00000157a68c3e28: ;   {runtime_call ExceptionBlob}
  0x00000157a68c3e28: e953 e2a7 | ffe8 0000 | 0000 4883 

  0x00000157a68c3e34: ;   {runtime_call DeoptimizationBlob}
  0x00000157a68c3e34: 2c24 05e9 | e408 a4ff | f4f4 f4f4 
[/MachCode]


Compiled method (c2) 273543 4958       4       java.security.SecureClassLoader::defineClass (16 bytes)
 total in heap  [0x00000157a6875590,0x00000157a6875c68] = 1752
 relocation     [0x00000157a68756f0,0x00000157a6875750] = 96
 main code      [0x00000157a6875760,0x00000157a68759f8] = 664
 stub code      [0x00000157a68759f8,0x00000157a6875a30] = 56
 metadata       [0x00000157a6875a30,0x00000157a6875a60] = 48
 scopes data    [0x00000157a6875a60,0x00000157a6875b38] = 216
 scopes pcs     [0x00000157a6875b38,0x00000157a6875be8] = 176
 dependencies   [0x00000157a6875be8,0x00000157a6875bf0] = 8
 handler table  [0x00000157a6875bf0,0x00000157a6875c50] = 96
 nul chk table  [0x00000157a6875c50,0x00000157a6875c68] = 24

[Constant Pool (empty)]

[MachCode]
[Entry Point]
  # {method} {0x00000157b304e0e8} 'defineClass' '(Ljava/lang/String;[BIILjava/security/CodeSource;)Ljava/lang/Class;' in 'java/security/SecureClassLoader'
  # this:     rdx:rdx   = 'java/security/SecureClassLoader'
  # parm0:    r8:r8     = 'java/lang/String'
  # parm1:    r9:r9     = '[B'
  # parm2:    rdi       = int
  # parm3:    rsi       = int
  # parm4:    rcx:rcx   = 'java/security/CodeSource'
  #           [sp+0x60]  (sp of caller)
  0x00000157a6875760: 448b 5208 | 49bb 0000 | 00b3 5701 | 0000 4d03 | d349 3bc2 

  0x00000157a6875774: ;   {runtime_call ic_miss_stub}
  0x00000157a6875774: 0f85 0690 | a8ff 6690 | 0f1f 4000 
[Verified Entry Point]
  0x00000157a6875780: 8984 2400 | 80ff ff55 | 4883 ec50 | 4181 7f20 | 0500 0000 | 0f85 4e02 | 0000 8974 | 241c 897c 
  0x00000157a68757a0: 2418 4c89 | 4c24 104c | 8944 2408 | 4889 1424 | 488b e948 | 85c9 0f84 | 6001 0000 | 4d8b 87b8 
  0x00000157a68757c0: 0100 004d | 8bd0 4983 | c210 4d3b | 97c8 0100 | 000f 830a | 0100 004d | 8997 b801 | 0000 410f 
  0x00000157a68757e0: 1882 0001 | 0000 49c7 | 0001 0000 

  0x00000157a68757ec: ;   {metadata('java/security/SecureClassLoader$CodeSourceKey')}
  0x00000157a68757ec: 0041 c740 | 08b8 b411 | 004c 8bdd | 4589 580c | 4d8b 8fb8 | 0100 004c | 8b14 2441 | 8b6a 504d 
  0x00000157a687580c: 8bd1 4983 | c210 4d3b | 97c8 0100 | 000f 8398 | 0000 004d | 8997 b801 | 0000 410f | 1882 0001 
  0x00000157a687582c: 0000 49c7 | 0101 0000 

  0x00000157a6875834: ;   {metadata('java/security/SecureClassLoader$1')}
  0x00000157a6875834: 0041 c741 | 0850 ba11 | 004c 8b14 | 244d 8bda | 4589 590c 

  0x00000157a6875848: ; implicit exception: dispatches to 0x00000157a6875974
  0x00000157a6875848: 448b 5d08 

  0x00000157a687584c: ;   {metadata('java/util/concurrent/ConcurrentHashMap')}
  0x00000157a687584c: 4181 fb80 | 2706 000f | 85a7 0000 | 0048 8bd5 

  0x00000157a687585c: ;   {optimized virtual_call}
  0x00000157a687585c: 6666 90e8 

  0x00000157a6875860: ; ImmutableOopMap {[0]=Oop [8]=Oop [16]=Oop }
                      ;*invokeinterface computeIfAbsent {reexecute=0 rethrow=0 return_oop=1}
                      ; - java.security.SecureClassLoader::getProtectionDomain@28
                      ; - java.security.SecureClassLoader::defineClass@9
  0x00000157a6875860: 1c52 2900 

  0x00000157a6875864: ;   {other}
  0x00000157a6875864: 0f1f 8400 | d402 0000 

  0x00000157a687586c: ; implicit exception: dispatches to 0x00000157a6875990
  0x00000157a687586c: 448b 5008 

  0x00000157a6875870: ;   {metadata('java/security/ProtectionDomain')}
  0x00000157a6875870: 4181 fae8 | 5800 000f | 85b3 0000 | 0048 8bc8 | 488b 1424 | 4c8b 4424 | 084c 8b4c | 2410 8b7c 
  0x00000157a6875890: 2418 8b74 

  0x00000157a6875894: ;   {optimized virtual_call}
  0x00000157a6875894: 241c 90e8 

  0x00000157a6875898: ; ImmutableOopMap {}
                      ;*invokevirtual defineClass {reexecute=0 rethrow=0 return_oop=1}
                      ; - java.security.SecureClassLoader::defineClass@12
  0x00000157a6875898: 04c1 0400 

  0x00000157a687589c: ;   {other}
  0x00000157a687589c: 0f1f 8400 | 0c03 0001 | 4883 c450 

  0x00000157a68758a8: ;   {poll_return}
  0x00000157a68758a8: 5d49 3ba7 | 5004 0000 | 0f87 1c01 

  0x00000157a68758b4: ;   {metadata('java/security/SecureClassLoader$1')}
  0x00000157a68758b4: 0000 c348 | ba50 ba11 | b357 0100 | 004c 8944 

  0x00000157a68758c4: ;   {runtime_call _new_instance_Java}
  0x00000157a68758c4: 2430 90e8 

  0x00000157a68758c8: ; ImmutableOopMap {rbp=NarrowOop [0]=Oop [8]=Oop [16]=Oop [48]=Oop }
                      ;*new {reexecute=0 rethrow=0 return_oop=1}
                      ; - java.security.SecureClassLoader::getProtectionDomain@20
                      ; - java.security.SecureClassLoader::defineClass@9
  0x00000157a68758c8: b4c4 acff 

  0x00000157a68758cc: ;   {other}
  0x00000157a68758cc: 0f1f 8400 | 3c03 0002 | 4c8b c84c | 8b44 2430 | e95c ffff 

  0x00000157a68758e0: ;   {metadata('java/security/SecureClassLoader$CodeSourceKey')}
  0x00000157a68758e0: ff48 bab8 | b411 b357 

  0x00000157a68758e8: ;   {runtime_call _new_instance_Java}
  0x00000157a68758e8: 0100 00e8 

  0x00000157a68758ec: ; ImmutableOopMap {rbp=Oop [0]=Oop [8]=Oop [16]=Oop }
                      ;*new {reexecute=0 rethrow=0 return_oop=1}
                      ; - java.security.SecureClassLoader::getProtectionDomain@6
                      ; - java.security.SecureClassLoader::defineClass@9
  0x00000157a68758ec: 90c4 acff 

  0x00000157a68758f0: ;   {other}
  0x00000157a68758f0: 0f1f 8400 | 6003 0003 | 4c8b c0e9 | f5fe ffff | bade ffff | ff4c 8944 | 2420 4c89 

  0x00000157a687590c: ;   {runtime_call UncommonTrapBlob}
  0x00000157a687590c: 4c24 28e8 

  0x00000157a6875910: ; ImmutableOopMap {rbp=NarrowOop [0]=Oop [8]=Oop [16]=Oop [32]=Oop [40]=Oop }
                      ;*invokeinterface computeIfAbsent {reexecute=0 rethrow=0 return_oop=0}
                      ; - java.security.SecureClassLoader::getProtectionDomain@28
                      ; - java.security.SecureClassLoader::defineClass@9
  0x00000157a6875910: 6cea a8ff 

  0x00000157a6875914: ;   {other}
  0x00000157a6875914: 0f1f 8400 | 8403 0004 | ba45 ffff 

  0x00000157a6875920: ;   {runtime_call UncommonTrapBlob}
  0x00000157a6875920: ff66 90e8 

  0x00000157a6875924: ; ImmutableOopMap {rbp=Oop [0]=Oop [8]=Oop [16]=Oop }
                      ;*ifnonnull {reexecute=1 rethrow=0 return_oop=0}
                      ; - (reexecute) java.security.SecureClassLoader::getProtectionDomain@1
                      ; - java.security.SecureClassLoader::defineClass@9
  0x00000157a6875924: 58ea a8ff 

  0x00000157a6875928: ;   {other}
  0x00000157a6875928: 0f1f 8400 | 9803 0005 | bade ffff | ff48 8b2c | 244c 8b54 | 2408 4c89 | 1424 4c8b | 5424 104c 
  0x00000157a6875948: 8954 2408 | 448b 5424 | 1844 8954 | 2410 448b | 5c24 1c44 | 895c 2414 | 4889 4424 

  0x00000157a6875964: ;   {runtime_call UncommonTrapBlob}
  0x00000157a6875964: 1866 90e8 

  0x00000157a6875968: ; ImmutableOopMap {rbp=Oop [0]=Oop [8]=Oop [24]=Oop }
                      ;*checkcast {reexecute=0 rethrow=0 return_oop=0}
                      ; - java.security.SecureClassLoader::getProtectionDomain@33
                      ; - java.security.SecureClassLoader::defineClass@9
  0x00000157a6875968: 14ea a8ff 

  0x00000157a687596c: ;   {other}
  0x00000157a687596c: 0f1f 8400 | dc03 0006 | baf6 ffff | ff49 8be8 | 4c89 0c24 

  0x00000157a6875980: ;   {runtime_call UncommonTrapBlob}
  0x00000157a6875980: 6666 90e8 

  0x00000157a6875984: ; ImmutableOopMap {rbp=Oop [0]=Oop }
                      ;*invokeinterface computeIfAbsent {reexecute=0 rethrow=0 return_oop=0}
                      ; - java.security.SecureClassLoader::getProtectionDomain@28
                      ; - java.security.SecureClassLoader::defineClass@9
  0x00000157a6875984: f8e9 a8ff 

  0x00000157a6875988: ;   {other}
  0x00000157a6875988: 0f1f 8400 | f803 0007 | baf4 ffff | ff48 8b2c | 244c 8b54 | 2408 4c89 | 1424 4c8b | 5424 104c 
  0x00000157a68759a8: 8954 2408 

  0x00000157a68759ac: ;   {runtime_call UncommonTrapBlob}
  0x00000157a68759ac: 6666 90e8 

  0x00000157a68759b0: ; ImmutableOopMap {rbp=Oop [0]=Oop [8]=Oop }
                      ;*checkcast {reexecute=0 rethrow=0 return_oop=0}
                      ; - java.security.SecureClassLoader::getProtectionDomain@33
                      ; - java.security.SecureClassLoader::defineClass@9
  0x00000157a68759b0: cce9 a8ff 

  0x00000157a68759b4: ;   {other}
  0x00000157a68759b4: 0f1f 8400 | 2404 0008 | eb02 eb00 | 488b d0eb | 0348 8bd0 | 4883 c450 

  0x00000157a68759cc: ;   {runtime_call _rethrow_Java}
  0x00000157a68759cc: 5de9 ae23 

  0x00000157a68759d0: ;   {internal_word}
  0x00000157a68759d0: adff 49ba | a958 87a6 | 5701 0000 | 4d89 9768 

  0x00000157a68759e0: ;   {runtime_call SafepointBlob}
  0x00000157a68759e0: 0400 00e9 | 98fa a8ff 

  0x00000157a68759e8: ;   {runtime_call StubRoutines (final stubs)}
  0x00000157a68759e8: e8b3 0aa7 | ffe9 a8fd | ffff f4f4 | f4f4 f4f4 
[Stub Code]
  0x00000157a68759f8: ;   {no_reloc}
  0x00000157a68759f8: 48bb 0000 | 0000 0000 

  0x00000157a6875a00: ;   {runtime_call nmethod}
  0x00000157a6875a00: 0000 e9fb 

  0x00000157a6875a04: ;   {static_stub}
  0x00000157a6875a04: ffff ff48 | bb00 0000 | 0000 0000 

  0x00000157a6875a10: ;   {runtime_call nmethod}
  0x00000157a6875a10: 00e9 fbff 

  0x00000157a6875a14: ;   {runtime_call ExceptionBlob}
  0x00000157a6875a14: ffff e965 | c6ac ffe8 | 0000 0000 | 4883 2c24 

  0x00000157a6875a24: ;   {runtime_call DeoptimizationBlob}
  0x00000157a6875a24: 05e9 f6ec | a8ff f4f4 | f4f4 f4f4 
[/MachCode]


---------------  P R O C E S S  ---------------

Threads class SMR info:
_java_thread_list=0x00000157fc46cf00, length=39, elements={
0x000001579bb808f0, 0x00000157f40258d0, 0x00000157f4026ea0, 0x00000157f4027900,
0x00000157f402a370, 0x00000157f402add0, 0x00000157f402c3a0, 0x00000157f402dca0,
0x00000157f402f2b0, 0x00000157f4258a60, 0x00000157f42a5240, 0x00000157f4499580,
0x00000157f43fc670, 0x00000157f44178e0, 0x00000157f923a200, 0x00000157f9850f10,
0x00000157f43e8a90, 0x00000157f43e7d70, 0x00000157f43e9e40, 0x00000157f43eab60,
0x00000157f43e97b0, 0x00000157f43e76e0, 0x00000157f43e9120, 0x00000157f43e8400,
0x00000157f9690b30, 0x00000157f968d6b0, 0x00000157f968ea60, 0x00000157f96911c0,
0x00000157f968dd40, 0x00000157f968fe10, 0x00000157f968e3d0, 0x00000157f9691ee0,
0x00000157f9692570, 0x00000157f96904a0, 0x00000157f968f0f0, 0x00000157f9693fb0,
0x00000157f9692c00, 0x00000157f9693290, 0x00000157f9693920
}

Java Threads: ( => current thread )
  0x000001579bb808f0 JavaThread "main"                              [_thread_blocked, id=11252, stack(0x0000000956800000,0x0000000956900000) (1024K)]
  0x00000157f40258d0 JavaThread "Reference Handler"          daemon [_thread_blocked, id=33932, stack(0x0000000957000000,0x0000000957100000) (1024K)]
  0x00000157f4026ea0 JavaThread "Finalizer"                  daemon [_thread_blocked, id=7732, stack(0x0000000957100000,0x0000000957200000) (1024K)]
  0x00000157f4027900 JavaThread "Signal Dispatcher"          daemon [_thread_blocked, id=24552, stack(0x0000000957200000,0x0000000957300000) (1024K)]
  0x00000157f402a370 JavaThread "Attach Listener"            daemon [_thread_blocked, id=40084, stack(0x0000000957300000,0x0000000957400000) (1024K)]
  0x00000157f402add0 JavaThread "Service Thread"             daemon [_thread_blocked, id=26924, stack(0x0000000957400000,0x0000000957500000) (1024K)]
  0x00000157f402c3a0 JavaThread "Monitor Deflation Thread"   daemon [_thread_blocked, id=41336, stack(0x0000000957500000,0x0000000957600000) (1024K)]
  0x00000157f402dca0 JavaThread "C2 CompilerThread0"         daemon [_thread_blocked, id=40832, stack(0x0000000957600000,0x0000000957700000) (1024K)]
  0x00000157f402f2b0 JavaThread "C1 CompilerThread0"         daemon [_thread_blocked, id=33424, stack(0x0000000957700000,0x0000000957800000) (1024K)]
  0x00000157f4258a60 JavaThread "Common-Cleaner"             daemon [_thread_blocked, id=34604, stack(0x0000000957800000,0x0000000957900000) (1024K)]
  0x00000157f42a5240 JavaThread "Notification Thread"        daemon [_thread_blocked, id=36736, stack(0x0000000957900000,0x0000000957a00000) (1024K)]
  0x00000157f4499580 JavaThread "Daemon health stats"               [_thread_blocked, id=37552, stack(0x0000000957a00000,0x0000000957b00000) (1024K)]
  0x00000157f43fc670 JavaThread "Incoming local TCP Connector on port 59746"        [_thread_in_native, id=39020, stack(0x0000000957f00000,0x0000000958000000) (1024K)]
  0x00000157f44178e0 JavaThread "Daemon periodic checks"            [_thread_blocked, id=14776, stack(0x0000000958000000,0x0000000958100000) (1024K)]
  0x00000157f923a200 JavaThread "Daemon"                            [_thread_blocked, id=35404, stack(0x0000000958100000,0x0000000958200000) (1024K)]
  0x00000157f9850f10 JavaThread "Handler for socket connection from /127.0.0.1:59746 to /127.0.0.1:59748"        [_thread_in_native, id=14804, stack(0x0000000958200000,0x0000000958300000) (1024K)]
  0x00000157f43e8a90 JavaThread "Cancel handler"                    [_thread_blocked, id=3008, stack(0x0000000958300000,0x0000000958400000) (1024K)]
=>0x00000157f43e7d70 JavaThread "Daemon worker"                     [_thread_in_vm, id=40360, stack(0x0000000958400000,0x0000000958500000) (1024K)]
  0x00000157f43e9e40 JavaThread "Asynchronous log dispatcher for DefaultDaemonConnection: socket connection from /127.0.0.1:59746 to /127.0.0.1:59748"        [_thread_blocked, id=35712, stack(0x0000000958500000,0x0000000958600000) (1024K)]
  0x00000157f43eab60 JavaThread "Stdin handler"                     [_thread_blocked, id=34296, stack(0x0000000958600000,0x0000000958700000) (1024K)]
  0x00000157f43e97b0 JavaThread "Daemon client event forwarder"        [_thread_blocked, id=40476, stack(0x0000000958700000,0x0000000958800000) (1024K)]
  0x00000157f43e76e0 JavaThread "Cache worker for journal cache (C:\Users\Lucas Hernandez\.gradle\caches\journal-1)"        [_thread_blocked, id=32148, stack(0x0000000958800000,0x0000000958900000) (1024K)]
  0x00000157f43e9120 JavaThread "File lock request listener"        [_thread_in_native, id=31068, stack(0x0000000958900000,0x0000000958a00000) (1024K)]
  0x00000157f43e8400 JavaThread "Cache worker for file hash cache (C:\Users\Lucas Hernandez\.gradle\caches\8.14.3\fileHashes)"        [_thread_blocked, id=40216, stack(0x0000000958c00000,0x0000000958d00000) (1024K)]
  0x00000157f9690b30 JavaThread "Cache worker for file hash cache (C:\Users\Lucas Hernandez\OneDrive - UDIT\Documents\DI\dam2-productos-archivos\android\.gradle\8.14.3\fileHashes)"        [_thread_blocked, id=25492, stack(0x0000000959300000,0x0000000959400000) (1024K)]
  0x00000157f968d6b0 JavaThread "Cache worker for Build Output Cleanup Cache (C:\Users\Lucas Hernandez\OneDrive - UDIT\Documents\DI\dam2-productos-archivos\android\.gradle\buildOutputCleanup)"        [_thread_blocked, id=20024, stack(0x0000000959400000,0x0000000959500000) (1024K)]
  0x00000157f968ea60 JavaThread "File watcher server"        daemon [_thread_in_native, id=30856, stack(0x0000000959500000,0x0000000959600000) (1024K)]
  0x00000157f96911c0 JavaThread "File watcher consumer"      daemon [_thread_blocked, id=21208, stack(0x0000000959600000,0x0000000959700000) (1024K)]
  0x00000157f968dd40 JavaThread "jar transforms"                    [_thread_blocked, id=18944, stack(0x0000000956600000,0x0000000956700000) (1024K)]
  0x00000157f968fe10 JavaThread "jar transforms Thread 2"           [_thread_blocked, id=38836, stack(0x0000000956700000,0x0000000956800000) (1024K)]
  0x00000157f968e3d0 JavaThread "Cache worker for checksums cache (C:\Users\Lucas Hernandez\OneDrive - UDIT\Documents\DI\dam2-productos-archivos\android\.gradle\8.14.3\checksums)"        [_thread_blocked, id=37088, stack(0x0000000959700000,0x0000000959800000) (1024K)]
  0x00000157f9691ee0 JavaThread "Cache worker for file content cache (C:\Users\Lucas Hernandez\.gradle\caches\8.14.3\fileContent)"        [_thread_blocked, id=38668, stack(0x0000000959800000,0x0000000959900000) (1024K)]
  0x00000157f9692570 JavaThread "jar transforms Thread 3"           [_thread_blocked, id=26408, stack(0x0000000959900000,0x0000000959a00000) (1024K)]
  0x00000157f96904a0 JavaThread "File lock release action executor Thread 2"        [_thread_blocked, id=46244, stack(0x0000000958a00000,0x0000000958b00000) (1024K)]
  0x00000157f968f0f0 JavaThread "jar transforms Thread 4"           [_thread_blocked, id=46884, stack(0x0000000959a00000,0x0000000959b00000) (1024K)]
  0x00000157f9693fb0 JavaThread "jar transforms Thread 5"           [_thread_blocked, id=6744, stack(0x0000000959b00000,0x0000000959c00000) (1024K)]
  0x00000157f9692c00 JavaThread "jar transforms Thread 6"           [_thread_blocked, id=39464, stack(0x0000000959c00000,0x0000000959d00000) (1024K)]
  0x00000157f9693290 JavaThread "Cache worker for cache directory md-supplier (C:\Users\Lucas Hernandez\.gradle\caches\8.14.3\md-supplier)"        [_thread_blocked, id=32100, stack(0x0000000959d00000,0x0000000959e00000) (1024K)]
  0x00000157f9693920 JavaThread "Cache worker for cache directory md-rule (C:\Users\Lucas Hernandez\.gradle\caches\8.14.3\md-rule)"        [_thread_blocked, id=3076, stack(0x0000000959e00000,0x0000000959f00000) (1024K)]
Total: 39

Other Threads:
  0x00000157f400a290 VMThread "VM Thread"                           [id=42000, stack(0x0000000956f00000,0x0000000957000000) (1024K)] _threads_hazard_ptr=0x00000157fc46cf00
  0x00000157b2d73300 WatcherThread "VM Periodic Task Thread"        [id=26364, stack(0x0000000956e00000,0x0000000956f00000) (1024K)]
  0x000001579bbcc730 WorkerThread "GC Thread#0"                     [id=12372, stack(0x0000000956900000,0x0000000956a00000) (1024K)]
  0x00000157f4331b10 WorkerThread "GC Thread#1"                     [id=15592, stack(0x0000000957b00000,0x0000000957c00000) (1024K)]
  0x00000157f435a440 WorkerThread "GC Thread#2"                     [id=41720, stack(0x0000000957c00000,0x0000000957d00000) (1024K)]
  0x00000157f4374830 WorkerThread "GC Thread#3"                     [id=18368, stack(0x0000000957d00000,0x0000000957e00000) (1024K)]
  0x00000157f4374be0 WorkerThread "GC Thread#4"                     [id=38324, stack(0x0000000957e00000,0x0000000957f00000) (1024K)]
  0x00000157fc29f1a0 WorkerThread "GC Thread#5"                     [id=15768, stack(0x0000000958d00000,0x0000000958e00000) (1024K)]
  0x00000157fc29edf0 WorkerThread "GC Thread#6"                     [id=41312, stack(0x0000000958e00000,0x0000000958f00000) (1024K)]
  0x00000157fc29fcb0 WorkerThread "GC Thread#7"                     [id=41968, stack(0x0000000958f00000,0x0000000959000000) (1024K)]
  0x00000157fc2a0410 WorkerThread "GC Thread#8"                     [id=16272, stack(0x0000000959000000,0x0000000959100000) (1024K)]
  0x00000157fc2a1a30 WorkerThread "GC Thread#9"                     [id=32216, stack(0x0000000959100000,0x0000000959200000) (1024K)]
  0x000001579bbd9530 ConcurrentGCThread "G1 Main Marker"            [id=7852, stack(0x0000000956a00000,0x0000000956b00000) (1024K)]
  0x000001579bbd9e50 WorkerThread "G1 Conc#0"                       [id=24688, stack(0x0000000956b00000,0x0000000956c00000) (1024K)]
  0x00000157fc2a0060 WorkerThread "G1 Conc#1"                       [id=25748, stack(0x0000000958b00000,0x0000000958c00000) (1024K)]
  0x00000157fc2a28f0 WorkerThread "G1 Conc#2"                       [id=43160, stack(0x0000000959200000,0x0000000959300000) (1024K)]
  0x000001579bc3e7f0 ConcurrentGCThread "G1 Refine#0"               [id=40376, stack(0x0000000956c00000,0x0000000956d00000) (1024K)]
  0x00000157b2c456a0 ConcurrentGCThread "G1 Service"                [id=28068, stack(0x0000000956d00000,0x0000000956e00000) (1024K)]
Total: 18

Threads with active compile tasks:
Total: 0

VM state: synchronizing (normal execution)

VM Mutex/Monitor currently owned by a thread:  ([mutex/lock_event])
[0x00007ff9a9d8d530] Metaspace_lock - owner thread: 0x00000157f43e7d70
[0x00007ff9a9d8f5b0] Threads_lock - owner thread: 0x00000157f400a290

Heap address: 0x00000000a0000000, size: 1536 MB, Compressed Oops mode: 32-bit

CDS archive(s) mapped at: [0x00000157b3000000-0x00000157b3ba0000-0x00000157b3ba0000), size 12189696, SharedBaseAddress: 0x00000157b3000000, ArchiveRelocationMode: 1.
Compressed class space mapped at: 0x00000157b4000000-0x00000157f4000000, reserved size: 1073741824
Narrow klass base: 0x00000157b3000000, Narrow klass shift: 0, Narrow klass range: 0x100000000

GC Precious Log:
 CardTable entry size: 512
 Card Set container configuration: InlinePtr #cards 5 size 8 Array Of Cards #cards 12 size 40 Howl #buckets 4 coarsen threshold 1843 Howl Bitmap #cards 512 size 80 coarsen threshold 460 Card regions per heap region 1 cards per card region 2048
 CPUs: 12 total, 12 available
 Memory: 15754M
 Large Page Support: Disabled
 NUMA Support: Disabled
 Compressed Oops: Enabled (32-bit)
 Heap Region Size: 1M
 Heap Min Capacity: 8M
 Heap Initial Capacity: 248M
 Heap Max Capacity: 1536M
 Pre-touch: Disabled
 Parallel Workers: 10
 Concurrent Workers: 3
 Concurrent Refinement Workers: 10
 Periodic GC: Disabled

Heap:
 garbage-first heap   total 86016K, used 54622K [0x00000000a0000000, 0x0000000100000000)
  region size 1024K, 25 young (25600K), 5 survivors (5120K)
 Metaspace       used 39423K, committed 40768K, reserved 1114112K
  class space    used 5654K, committed 6336K, reserved 1048576K

Heap Regions: E=young(eden), S=young(survivor), O=old, HS=humongous(starts), HC=humongous(continues), CS=collection set, F=free, TAMS=top-at-mark-start, PB=parsable bottom
|   0|0x00000000a0000000, 0x00000000a0100000, 0x00000000a0100000|100%|HS|  |TAMS 0x00000000a0000000| PB 0x00000000a0000000| Complete 
|   1|0x00000000a0100000, 0x00000000a0200000, 0x00000000a0200000|100%|HC|  |TAMS 0x00000000a0100000| PB 0x00000000a0100000| Complete 
|   2|0x00000000a0200000, 0x00000000a0300000, 0x00000000a0300000|100%|HC|  |TAMS 0x00000000a0200000| PB 0x00000000a0200000| Complete 
|   3|0x00000000a0300000, 0x00000000a0400000, 0x00000000a0400000|100%| O|  |TAMS 0x00000000a0300000| PB 0x00000000a0300000| Untracked 
|   4|0x00000000a0400000, 0x00000000a0500000, 0x00000000a0500000|100%| O|  |TAMS 0x00000000a0400000| PB 0x00000000a0400000| Untracked 
|   5|0x00000000a0500000, 0x00000000a0600000, 0x00000000a0600000|100%| O|  |TAMS 0x00000000a0500000| PB 0x00000000a0500000| Untracked 
|   6|0x00000000a0600000, 0x00000000a0700000, 0x00000000a0700000|100%|HS|  |TAMS 0x00000000a0600000| PB 0x00000000a0600000| Complete 
|   7|0x00000000a0700000, 0x00000000a0800000, 0x00000000a0800000|100%| O|  |TAMS 0x00000000a0700000| PB 0x00000000a0700000| Untracked 
|   8|0x00000000a0800000, 0x00000000a0900000, 0x00000000a0900000|100%| O|  |TAMS 0x00000000a0800000| PB 0x00000000a0800000| Untracked 
|   9|0x00000000a0900000, 0x00000000a0a00000, 0x00000000a0a00000|100%| O|  |TAMS 0x00000000a0900000| PB 0x00000000a0900000| Untracked 
|  10|0x00000000a0a00000, 0x00000000a0b00000, 0x00000000a0b00000|100%| O|  |TAMS 0x00000000a0a00000| PB 0x00000000a0a00000| Untracked 
|  11|0x00000000a0b00000, 0x00000000a0c00000, 0x00000000a0c00000|100%| O|  |TAMS 0x00000000a0b00000| PB 0x00000000a0b00000| Untracked 
|  12|0x00000000a0c00000, 0x00000000a0d00000, 0x00000000a0d00000|100%| O|  |TAMS 0x00000000a0c00000| PB 0x00000000a0c00000| Untracked 
|  13|0x00000000a0d00000, 0x00000000a0e00000, 0x00000000a0e00000|100%| O|  |TAMS 0x00000000a0d00000| PB 0x00000000a0d00000| Untracked 
|  14|0x00000000a0e00000, 0x00000000a0f00000, 0x00000000a0f00000|100%| O|  |TAMS 0x00000000a0e00000| PB 0x00000000a0e00000| Untracked 
|  15|0x00000000a0f00000, 0x00000000a1000000, 0x00000000a1000000|100%| O|  |TAMS 0x00000000a0f00000| PB 0x00000000a0f00000| Untracked 
|  16|0x00000000a1000000, 0x00000000a1100000, 0x00000000a1100000|100%| O|  |TAMS 0x00000000a1000000| PB 0x00000000a1000000| Untracked 
|  17|0x00000000a1100000, 0x00000000a1200000, 0x00000000a1200000|100%| O|  |TAMS 0x00000000a1100000| PB 0x00000000a1100000| Untracked 
|  18|0x00000000a1200000, 0x00000000a1300000, 0x00000000a1300000|100%| O|  |TAMS 0x00000000a1200000| PB 0x00000000a1200000| Untracked 
|  19|0x00000000a1300000, 0x00000000a1400000, 0x00000000a1400000|100%| O|  |TAMS 0x00000000a1300000| PB 0x00000000a1300000| Untracked 
|  20|0x00000000a1400000, 0x00000000a1500000, 0x00000000a1500000|100%| O|  |TAMS 0x00000000a1400000| PB 0x00000000a1400000| Untracked 
|  21|0x00000000a1500000, 0x00000000a1600000, 0x00000000a1600000|100%| O|  |TAMS 0x00000000a1500000| PB 0x00000000a1500000| Untracked 
|  22|0x00000000a1600000, 0x00000000a1600000, 0x00000000a1700000|  0%| F|  |TAMS 0x00000000a1600000| PB 0x00000000a1600000| Untracked 
|  23|0x00000000a1700000, 0x00000000a1800000, 0x00000000a1800000|100%| O|Cm|TAMS 0x00000000a1700000| PB 0x00000000a1700000| Complete 
|  24|0x00000000a1800000, 0x00000000a1900000, 0x00000000a1900000|100%| O|  |TAMS 0x00000000a1800000| PB 0x00000000a1800000| Untracked 
|  25|0x00000000a1900000, 0x00000000a1900000, 0x00000000a1a00000|  0%| F|  |TAMS 0x00000000a1900000| PB 0x00000000a1900000| Untracked 
|  26|0x00000000a1a00000, 0x00000000a1a00000, 0x00000000a1b00000|  0%| F|  |TAMS 0x00000000a1a00000| PB 0x00000000a1a00000| Untracked 
|  27|0x00000000a1b00000, 0x00000000a1b00000, 0x00000000a1c00000|  0%| F|  |TAMS 0x00000000a1b00000| PB 0x00000000a1b00000| Untracked 
|  28|0x00000000a1c00000, 0x00000000a1c00000, 0x00000000a1d00000|  0%| F|  |TAMS 0x00000000a1c00000| PB 0x00000000a1c00000| Untracked 
|  29|0x00000000a1d00000, 0x00000000a1e00000, 0x00000000a1e00000|100%| O|  |TAMS 0x00000000a1d00000| PB 0x00000000a1d00000| Untracked 
|  30|0x00000000a1e00000, 0x00000000a1f00000, 0x00000000a1f00000|100%| O|  |TAMS 0x00000000a1e00000| PB 0x00000000a1e00000| Untracked 
|  31|0x00000000a1f00000, 0x00000000a2000000, 0x00000000a2000000|100%| O|  |TAMS 0x00000000a1f00000| PB 0x00000000a1f00000| Untracked 
|  32|0x00000000a2000000, 0x00000000a2100000, 0x00000000a2100000|100%| O|  |TAMS 0x00000000a2000000| PB 0x00000000a2000000| Untracked 
|  33|0x00000000a2100000, 0x00000000a2200000, 0x00000000a2200000|100%| O|  |TAMS 0x00000000a2100000| PB 0x00000000a2100000| Untracked 
|  34|0x00000000a2200000, 0x00000000a2200000, 0x00000000a2300000|  0%| F|  |TAMS 0x00000000a2200000| PB 0x00000000a2200000| Untracked 
|  35|0x00000000a2300000, 0x00000000a2300000, 0x00000000a2400000|  0%| F|  |TAMS 0x00000000a2300000| PB 0x00000000a2300000| Untracked 
|  36|0x00000000a2400000, 0x00000000a2400000, 0x00000000a2500000|  0%| F|  |TAMS 0x00000000a2400000| PB 0x00000000a2400000| Untracked 
|  37|0x00000000a2500000, 0x00000000a259d8f0, 0x00000000a2600000| 61%| S|CS|TAMS 0x00000000a2500000| PB 0x00000000a2500000| Complete 
|  38|0x00000000a2600000, 0x00000000a2700000, 0x00000000a2700000|100%| S|CS|TAMS 0x00000000a2600000| PB 0x00000000a2600000| Complete 
|  39|0x00000000a2700000, 0x00000000a2800000, 0x00000000a2800000|100%| S|CS|TAMS 0x00000000a2700000| PB 0x00000000a2700000| Complete 
|  40|0x00000000a2800000, 0x00000000a28ba2b8, 0x00000000a2900000| 72%| O|  |TAMS 0x00000000a2800000| PB 0x00000000a2800000| Untracked 
|  41|0x00000000a2900000, 0x00000000a2a00000, 0x00000000a2a00000|100%| S|CS|TAMS 0x00000000a2900000| PB 0x00000000a2900000| Complete 
|  42|0x00000000a2a00000, 0x00000000a2b00000, 0x00000000a2b00000|100%| S|CS|TAMS 0x00000000a2a00000| PB 0x00000000a2a00000| Complete 
|  43|0x00000000a2b00000, 0x00000000a2b00000, 0x00000000a2c00000|  0%| F|  |TAMS 0x00000000a2b00000| PB 0x00000000a2b00000| Untracked 
|  44|0x00000000a2c00000, 0x00000000a2c00000, 0x00000000a2d00000|  0%| F|  |TAMS 0x00000000a2c00000| PB 0x00000000a2c00000| Untracked 
|  45|0x00000000a2d00000, 0x00000000a2d00000, 0x00000000a2e00000|  0%| F|  |TAMS 0x00000000a2d00000| PB 0x00000000a2d00000| Untracked 
|  46|0x00000000a2e00000, 0x00000000a2e00000, 0x00000000a2f00000|  0%| F|  |TAMS 0x00000000a2e00000| PB 0x00000000a2e00000| Untracked 
|  47|0x00000000a2f00000, 0x00000000a2f00000, 0x00000000a3000000|  0%| F|  |TAMS 0x00000000a2f00000| PB 0x00000000a2f00000| Untracked 
|  48|0x00000000a3000000, 0x00000000a3000000, 0x00000000a3100000|  0%| F|  |TAMS 0x00000000a3000000| PB 0x00000000a3000000| Untracked 
|  49|0x00000000a3100000, 0x00000000a3100000, 0x00000000a3200000|  0%| F|  |TAMS 0x00000000a3100000| PB 0x00000000a3100000| Untracked 
|  50|0x00000000a3200000, 0x00000000a3200000, 0x00000000a3300000|  0%| F|  |TAMS 0x00000000a3200000| PB 0x00000000a3200000| Untracked 
|  51|0x00000000a3300000, 0x00000000a3300000, 0x00000000a3400000|  0%| F|  |TAMS 0x00000000a3300000| PB 0x00000000a3300000| Untracked 
|  52|0x00000000a3400000, 0x00000000a3400000, 0x00000000a3500000|  0%| F|  |TAMS 0x00000000a3400000| PB 0x00000000a3400000| Untracked 
|  53|0x00000000a3500000, 0x00000000a3500000, 0x00000000a3600000|  0%| F|  |TAMS 0x00000000a3500000| PB 0x00000000a3500000| Untracked 
|  54|0x00000000a3600000, 0x00000000a3600000, 0x00000000a3700000|  0%| F|  |TAMS 0x00000000a3600000| PB 0x00000000a3600000| Untracked 
|  55|0x00000000a3700000, 0x00000000a3700000, 0x00000000a3800000|  0%| F|  |TAMS 0x00000000a3700000| PB 0x00000000a3700000| Untracked 
|  56|0x00000000a3800000, 0x00000000a3800000, 0x00000000a3900000|  0%| F|  |TAMS 0x00000000a3800000| PB 0x00000000a3800000| Untracked 
|  57|0x00000000a3900000, 0x00000000a3900000, 0x00000000a3a00000|  0%| F|  |TAMS 0x00000000a3900000| PB 0x00000000a3900000| Untracked 
|  58|0x00000000a3a00000, 0x00000000a3a00000, 0x00000000a3b00000|  0%| F|  |TAMS 0x00000000a3a00000| PB 0x00000000a3a00000| Untracked 
|  59|0x00000000a3b00000, 0x00000000a3b00000, 0x00000000a3c00000|  0%| F|  |TAMS 0x00000000a3b00000| PB 0x00000000a3b00000| Untracked 
|  60|0x00000000a3c00000, 0x00000000a3c00000, 0x00000000a3d00000|  0%| F|  |TAMS 0x00000000a3c00000| PB 0x00000000a3c00000| Untracked 
|  61|0x00000000a3d00000, 0x00000000a3d00000, 0x00000000a3e00000|  0%| F|  |TAMS 0x00000000a3d00000| PB 0x00000000a3d00000| Untracked 
|  62|0x00000000a3e00000, 0x00000000a3e00000, 0x00000000a3f00000|  0%| F|  |TAMS 0x00000000a3e00000| PB 0x00000000a3e00000| Untracked 
|  63|0x00000000a3f00000, 0x00000000a3f00000, 0x00000000a4000000|  0%| F|  |TAMS 0x00000000a3f00000| PB 0x00000000a3f00000| Untracked 
|  64|0x00000000a4000000, 0x00000000a4080000, 0x00000000a4100000| 50%| E|  |TAMS 0x00000000a4000000| PB 0x00000000a4000000| Complete 
|  65|0x00000000a4100000, 0x00000000a4200000, 0x00000000a4200000|100%| E|CS|TAMS 0x00000000a4100000| PB 0x00000000a4100000| Complete 
|  66|0x00000000a4200000, 0x00000000a4300000, 0x00000000a4300000|100%| E|CS|TAMS 0x00000000a4200000| PB 0x00000000a4200000| Complete 
|  67|0x00000000a4300000, 0x00000000a4400000, 0x00000000a4400000|100%| E|CS|TAMS 0x00000000a4300000| PB 0x00000000a4300000| Complete 
|  68|0x00000000a4400000, 0x00000000a4500000, 0x00000000a4500000|100%| E|CS|TAMS 0x00000000a4400000| PB 0x00000000a4400000| Complete 
|  69|0x00000000a4500000, 0x00000000a4600000, 0x00000000a4600000|100%| E|CS|TAMS 0x00000000a4500000| PB 0x00000000a4500000| Complete 
|  70|0x00000000a4600000, 0x00000000a4700000, 0x00000000a4700000|100%| E|CS|TAMS 0x00000000a4600000| PB 0x00000000a4600000| Complete 
|  71|0x00000000a4700000, 0x00000000a4800000, 0x00000000a4800000|100%| E|CS|TAMS 0x00000000a4700000| PB 0x00000000a4700000| Complete 
|  72|0x00000000a4800000, 0x00000000a4900000, 0x00000000a4900000|100%| E|CS|TAMS 0x00000000a4800000| PB 0x00000000a4800000| Complete 
|  73|0x00000000a4900000, 0x00000000a4a00000, 0x00000000a4a00000|100%| E|CS|TAMS 0x00000000a4900000| PB 0x00000000a4900000| Complete 
|  74|0x00000000a4a00000, 0x00000000a4b00000, 0x00000000a4b00000|100%| E|CS|TAMS 0x00000000a4a00000| PB 0x00000000a4a00000| Complete 
|  75|0x00000000a4b00000, 0x00000000a4c00000, 0x00000000a4c00000|100%| E|CS|TAMS 0x00000000a4b00000| PB 0x00000000a4b00000| Complete 
|  76|0x00000000a4c00000, 0x00000000a4d00000, 0x00000000a4d00000|100%| E|CS|TAMS 0x00000000a4c00000| PB 0x00000000a4c00000| Complete 
|  77|0x00000000a4d00000, 0x00000000a4e00000, 0x00000000a4e00000|100%| E|CS|TAMS 0x00000000a4d00000| PB 0x00000000a4d00000| Complete 
|  78|0x00000000a4e00000, 0x00000000a4f00000, 0x00000000a4f00000|100%| E|CS|TAMS 0x00000000a4e00000| PB 0x00000000a4e00000| Complete 
|  79|0x00000000a4f00000, 0x00000000a5000000, 0x00000000a5000000|100%| E|CS|TAMS 0x00000000a4f00000| PB 0x00000000a4f00000| Complete 
|  80|0x00000000a5000000, 0x00000000a5100000, 0x00000000a5100000|100%| E|CS|TAMS 0x00000000a5000000| PB 0x00000000a5000000| Complete 
| 237|0x00000000aed00000, 0x00000000aee00000, 0x00000000aee00000|100%| E|CS|TAMS 0x00000000aed00000| PB 0x00000000aed00000| Complete 
| 238|0x00000000aee00000, 0x00000000aef00000, 0x00000000aef00000|100%| E|CS|TAMS 0x00000000aee00000| PB 0x00000000aee00000| Complete 
| 247|0x00000000af700000, 0x00000000af800000, 0x00000000af800000|100%| E|CS|TAMS 0x00000000af700000| PB 0x00000000af700000| Complete 

Card table byte_map: [0x00000157ae5d0000,0x00000157ae8d0000] _byte_map_base: 0x00000157ae0d0000

Marking Bits: (CMBitMap*) 0x000001579bbccc50
 Bits: [0x00000157ae8d0000, 0x00000157b00d0000)

Polling page: 0x0000015799c10000

Metaspace:

Usage:
  Non-class:     32.98 MB used.
      Class:      5.52 MB used.
       Both:     38.50 MB used.

Virtual space:
  Non-class space:       64.00 MB reserved,      33.62 MB ( 53%) committed,  1 nodes.
      Class space:        1.00 GB reserved,       6.19 MB ( <1%) committed,  1 nodes.
             Both:        1.06 GB reserved,      39.81 MB (  4%) committed. 

Chunk freelists:
   Non-Class:  14.36 MB
       Class:  9.69 MB
        Both:  24.04 MB

MaxMetaspaceSize: unlimited
CompressedClassSpaceSize: 1.00 GB
Initial GC threshold: 21.00 MB
Current GC threshold: 58.69 MB
CDS: on
 - commit_granule_bytes: 65536.
 - commit_granule_words: 8192.
 - virtual_space_node_default_size: 8388608.
 - enlarge_chunks_in_place: 1.
 - use_allocation_guard: 0.


Internal statistics:

num_allocs_failed_limit: 6.
num_arena_births: 2402.
num_arena_deaths: 0.
num_vsnodes_births: 2.
num_vsnodes_deaths: 0.
num_space_committed: 637.
num_space_uncommitted: 0.
num_chunks_returned_to_freelist: 6.
num_chunks_taken_from_freelist: 4156.
num_chunk_merges: 6.
num_chunk_splits: 2716.
num_chunks_enlarged: 1690.
num_inconsistent_stats: 0.

CodeHeap 'non-profiled nmethods': size=120000Kb used=2837Kb max_used=2927Kb free=117163Kb
 bounds [0x00000157a6850000, 0x00000157a6b30000, 0x00000157add80000]
CodeHeap 'profiled nmethods': size=120000Kb used=9290Kb max_used=9515Kb free=110709Kb
 bounds [0x000001579ed80000, 0x000001579f6d0000, 0x00000157a62b0000]
CodeHeap 'non-nmethods': size=5760Kb used=2558Kb max_used=2583Kb free=3201Kb
 bounds [0x00000157a62b0000, 0x00000157a6540000, 0x00000157a6850000]
CodeCache: size=245760Kb, used=14685Kb, max_used=15025Kb, free=231073Kb
 total_blobs=5664, nmethods=4833, adapters=735, full_count=0
Compilation: enabled, stopped_count=0, restarted_count=0

Compilation events (20 events):
Event: 272.384 Thread 0x00000157f402dca0 5379       4       jdk.internal.org.objectweb.asm.FieldWriter::visitEnd (1 bytes)
Event: 272.384 Thread 0x00000157f402dca0 nmethod 5379 0x00000157a6919010 code [0x00000157a69191a0, 0x00000157a6919228]
Event: 272.407 Thread 0x00000157f402f2b0 5381       3       java.lang.invoke.DirectMethodHandle::ftypeKind (38 bytes)
Event: 272.407 Thread 0x00000157f402f2b0 nmethod 5381 0x000001579eeccb90 code [0x000001579eeccd80, 0x000001579eecd058]
Event: 272.541 Thread 0x00000157f402f2b0 5387       3       jdk.internal.org.objectweb.asm.MethodWriter::visitIntInsn (113 bytes)
Event: 272.542 Thread 0x00000157f402f2b0 nmethod 5387 0x000001579eecc490 code [0x000001579eecc680, 0x000001579eecca58]
Event: 272.553 Thread 0x00000157f402f2b0 5388       3       java.lang.reflect.AccessibleObject::checkAccess (40 bytes)
Event: 272.554 Thread 0x00000157f402f2b0 nmethod 5388 0x000001579eecbe10 code [0x000001579eecc000, 0x000001579eecc350]
Event: 272.590 Thread 0x00000157f402f2b0 5389       3       org.gradle.internal.instantiation.generator.AbstractClassGenerator$ClassGenerationHandler::<init> (5 bytes)
Event: 272.590 Thread 0x00000157f402f2b0 nmethod 5389 0x000001579eecb990 code [0x000001579eecbb40, 0x000001579eecbd08]
Event: 272.590 Thread 0x00000157f402f2b0 5390       3       org.gradle.internal.instantiation.generator.AbstractClassGenerator$ClassGenerationHandler::<init> (5 bytes)
Event: 272.590 Thread 0x00000157f402f2b0 nmethod 5390 0x000001579eecb590 code [0x000001579eecb740, 0x000001579eecb8a8]
Event: 272.594 Thread 0x00000157f402dca0 5391       4       java.lang.Math::clamp (49 bytes)
Event: 272.595 Thread 0x00000157f402dca0 nmethod 5391 0x00000157a6917b10 code [0x00000157a6917ca0, 0x00000157a6917d48]
Event: 272.611 Thread 0x00000157f402f2b0 5393   !   3       java.util.regex.Matcher::appendExpandedReplacement (508 bytes)
Event: 272.623 Thread 0x00000157f402f2b0 nmethod 5393 0x000001579edcf710 code [0x000001579edcff80, 0x000001579edd4d90]
Event: 272.623 Thread 0x00000157f402f2b0 5394       3       org.gradle.model.internal.asm.MethodVisitorScope::_PUTFIELD (11 bytes)
Event: 272.624 Thread 0x00000157f402f2b0 nmethod 5394 0x000001579ed8ba90 code [0x000001579ed8bc80, 0x000001579ed8c060]
Event: 272.624 Thread 0x00000157f402f2b0 5392   !   3       java.util.regex.Matcher::appendReplacement (65 bytes)
Event: 272.624 Thread 0x00000157f402f2b0 nmethod 5392 0x000001579ed8b010 code [0x000001579ed8b220, 0x000001579ed8b7e8]

GC Heap History (16 events):
Event: 4.433 GC heap before
{Heap before GC invocations=0 (full 0):
 garbage-first heap   total 253952K, used 23552K [0x00000000a0000000, 0x0000000100000000)
  region size 1024K, 23 young (23552K), 0 survivors (0K)
 Metaspace       used 894K, committed 1024K, reserved 1114112K
  class space    used 72K, committed 128K, reserved 1048576K
}
Event: 4.970 GC heap after
{Heap after GC invocations=1 (full 0):
 garbage-first heap   total 253952K, used 1536K [0x00000000a0000000, 0x0000000100000000)
  region size 1024K, 2 young (2048K), 2 survivors (2048K)
 Metaspace       used 894K, committed 1024K, reserved 1114112K
  class space    used 72K, committed 128K, reserved 1048576K
}
Event: 7.294 GC heap before
{Heap before GC invocations=1 (full 0):
 garbage-first heap   total 253952K, used 39424K [0x00000000a0000000, 0x0000000100000000)
  region size 1024K, 37 young (37888K), 2 survivors (2048K)
 Metaspace       used 4407K, committed 4608K, reserved 1114112K
  class space    used 557K, committed 640K, reserved 1048576K
}
Event: 7.302 GC heap after
{Heap after GC invocations=2 (full 0):
 garbage-first heap   total 253952K, used 10757K [0x00000000a0000000, 0x0000000100000000)
  region size 1024K, 5 young (5120K), 5 survivors (5120K)
 Metaspace       used 4407K, committed 4608K, reserved 1114112K
  class space    used 557K, committed 640K, reserved 1048576K
}
Event: 41.422 GC heap before
{Heap before GC invocations=2 (full 0):
 garbage-first heap   total 253952K, used 153093K [0x00000000a0000000, 0x0000000100000000)
  region size 1024K, 142 young (145408K), 5 survivors (5120K)
 Metaspace       used 19802K, committed 20416K, reserved 1114112K
  class space    used 2900K, committed 3200K, reserved 1048576K
}
Event: 41.439 GC heap after
{Heap after GC invocations=3 (full 0):
 garbage-first heap   total 253952K, used 23565K [0x00000000a0000000, 0x0000000100000000)
  region size 1024K, 17 young (17408K), 17 survivors (17408K)
 Metaspace       used 19802K, committed 20416K, reserved 1114112K
  class space    used 2900K, committed 3200K, reserved 1048576K
}
Event: 42.246 GC heap before
{Heap before GC invocations=3 (full 0):
 garbage-first heap   total 253952K, used 31757K [0x00000000a0000000, 0x0000000100000000)
  region size 1024K, 26 young (26624K), 17 survivors (17408K)
 Metaspace       used 20839K, committed 21504K, reserved 1114112K
  class space    used 3070K, committed 3392K, reserved 1048576K
}
Event: 42.260 GC heap after
{Heap after GC invocations=4 (full 0):
 garbage-first heap   total 253952K, used 25006K [0x00000000a0000000, 0x0000000100000000)
  region size 1024K, 2 young (2048K), 2 survivors (2048K)
 Metaspace       used 20839K, committed 21504K, reserved 1114112K
  class space    used 3070K, committed 3392K, reserved 1048576K
}
Event: 77.445 GC heap before
{Heap before GC invocations=5 (full 0):
 garbage-first heap   total 86016K, used 73134K [0x00000000a0000000, 0x0000000100000000)
  region size 1024K, 50 young (51200K), 2 survivors (2048K)
 Metaspace       used 26813K, committed 27776K, reserved 1114112K
  class space    used 4050K, committed 4544K, reserved 1048576K
}
Event: 77.452 GC heap after
{Heap after GC invocations=6 (full 0):
 garbage-first heap   total 86016K, used 26211K [0x00000000a0000000, 0x0000000100000000)
  region size 1024K, 4 young (4096K), 4 survivors (4096K)
 Metaspace       used 26813K, committed 27776K, reserved 1114112K
  class space    used 4050K, committed 4544K, reserved 1048576K
}
Event: 127.742 GC heap before
{Heap before GC invocations=6 (full 0):
 garbage-first heap   total 86016K, used 70243K [0x00000000a0000000, 0x0000000100000000)
  region size 1024K, 48 young (49152K), 4 survivors (4096K)
 Metaspace       used 32962K, committed 33984K, reserved 1114112K
  class space    used 4739K, committed 5248K, reserved 1048576K
}
Event: 127.750 GC heap after
{Heap after GC invocations=7 (full 0):
 garbage-first heap   total 86016K, used 30168K [0x00000000a0000000, 0x0000000100000000)
  region size 1024K, 6 young (6144K), 6 survivors (6144K)
 Metaspace       used 32962K, committed 33984K, reserved 1114112K
  class space    used 4739K, committed 5248K, reserved 1048576K
}
Event: 130.741 GC heap before
{Heap before GC invocations=7 (full 0):
 garbage-first heap   total 86016K, used 57816K [0x00000000a0000000, 0x0000000100000000)
  region size 1024K, 29 young (29696K), 6 survivors (6144K)
 Metaspace       used 34967K, committed 35968K, reserved 1114112K
  class space    used 4951K, committed 5440K, reserved 1048576K
}
Event: 130.752 GC heap after
{Heap after GC invocations=8 (full 0):
 garbage-first heap   total 86016K, used 33617K [0x00000000a0000000, 0x0000000100000000)
  region size 1024K, 4 young (4096K), 4 survivors (4096K)
 Metaspace       used 34967K, committed 35968K, reserved 1114112K
  class space    used 4951K, committed 5440K, reserved 1048576K
}
Event: 268.194 GC heap before
{Heap before GC invocations=9 (full 0):
 garbage-first heap   total 86016K, used 71505K [0x00000000a0000000, 0x0000000100000000)
  region size 1024K, 41 young (41984K), 4 survivors (4096K)
 Metaspace       used 37407K, committed 38592K, reserved 1114112K
  class space    used 5324K, committed 5888K, reserved 1048576K
}
Event: 268.249 GC heap after
{Heap after GC invocations=10 (full 0):
 garbage-first heap   total 86016K, used 35166K [0x00000000a0000000, 0x0000000100000000)
  region size 1024K, 5 young (5120K), 5 survivors (5120K)
 Metaspace       used 37407K, committed 38592K, reserved 1114112K
  class space    used 5324K, committed 5888K, reserved 1048576K
}

Dll operation events (20 events):
Event: 2.210 Attempting to load shared library C:\Users\Lucas Hernandez\.vscode\extensions\redhat.java-1.56.0-win32-x64\jre\21.0.12.1-win32-x86_64\bin\nio.dll
Event: 2.211 Loaded shared library C:\Users\Lucas Hernandez\.vscode\extensions\redhat.java-1.56.0-win32-x64\jre\21.0.12.1-win32-x86_64\bin\nio.dll
Event: 2.219 Attempting to load shared library C:\Users\Lucas Hernandez\.vscode\extensions\redhat.java-1.56.0-win32-x64\jre\21.0.12.1-win32-x86_64\bin\zip.dll
Event: 2.219 Loaded shared library C:\Users\Lucas Hernandez\.vscode\extensions\redhat.java-1.56.0-win32-x64\jre\21.0.12.1-win32-x86_64\bin\zip.dll
Event: 5.018 Attempting to load shared library C:\Users\Lucas Hernandez\.vscode\extensions\redhat.java-1.56.0-win32-x64\jre\21.0.12.1-win32-x86_64\bin\jimage.dll
Event: 5.018 Loaded shared library C:\Users\Lucas Hernandez\.vscode\extensions\redhat.java-1.56.0-win32-x64\jre\21.0.12.1-win32-x86_64\bin\jimage.dll
Event: 5.482 Attempting to load shared library C:\Users\Lucas Hernandez\.vscode\extensions\redhat.java-1.56.0-win32-x64\jre\21.0.12.1-win32-x86_64\bin\verify.dll
Event: 5.484 Loaded shared library C:\Users\Lucas Hernandez\.vscode\extensions\redhat.java-1.56.0-win32-x64\jre\21.0.12.1-win32-x86_64\bin\verify.dll
Event: 5.791 Attempting to load shared library C:\Users\Lucas Hernandez\.gradle\native\1def1411415f61bf3af743bc5b6707747c0891f09f0c88961ee8f79bc544acac\windows-amd64\native-platform.dll
Event: 5.793 Loaded shared library C:\Users\Lucas Hernandez\.gradle\native\1def1411415f61bf3af743bc5b6707747c0891f09f0c88961ee8f79bc544acac\windows-amd64\native-platform.dll
Event: 5.819 Attempting to load shared library C:\Users\Lucas Hernandez\.gradle\native\0.2.7\x86_64-windows-gnu\gradle-fileevents.dll
Event: 5.820 Loaded shared library C:\Users\Lucas Hernandez\.gradle\native\0.2.7\x86_64-windows-gnu\gradle-fileevents.dll
Event: 14.675 Attempting to load shared library C:\Users\Lucas Hernandez\.vscode\extensions\redhat.java-1.56.0-win32-x64\jre\21.0.12.1-win32-x86_64\bin\management.dll
Event: 14.675 Loaded shared library C:\Users\Lucas Hernandez\.vscode\extensions\redhat.java-1.56.0-win32-x64\jre\21.0.12.1-win32-x86_64\bin\management.dll
Event: 14.679 Attempting to load shared library C:\Users\Lucas Hernandez\.vscode\extensions\redhat.java-1.56.0-win32-x64\jre\21.0.12.1-win32-x86_64\bin\management_ext.dll
Event: 14.793 Loaded shared library C:\Users\Lucas Hernandez\.vscode\extensions\redhat.java-1.56.0-win32-x64\jre\21.0.12.1-win32-x86_64\bin\management_ext.dll
Event: 18.150 Attempting to load shared library C:\Users\Lucas Hernandez\.vscode\extensions\redhat.java-1.56.0-win32-x64\jre\21.0.12.1-win32-x86_64\bin\extnet.dll
Event: 18.152 Loaded shared library C:\Users\Lucas Hernandez\.vscode\extensions\redhat.java-1.56.0-win32-x64\jre\21.0.12.1-win32-x86_64\bin\extnet.dll
Event: 21.213 Attempting to load shared library C:\Users\Lucas Hernandez\.vscode\extensions\redhat.java-1.56.0-win32-x64\jre\21.0.12.1-win32-x86_64\bin\sunmscapi.dll
Event: 21.222 Loaded shared library C:\Users\Lucas Hernandez\.vscode\extensions\redhat.java-1.56.0-win32-x64\jre\21.0.12.1-win32-x86_64\bin\sunmscapi.dll

Deoptimization events (20 events):
Event: 232.682 Thread 0x00000157f43e7d70 DEOPT PACKING pc=0x00000157a6a57aac sp=0x00000009584f92a0
Event: 232.682 Thread 0x00000157f43e7d70 DEOPT UNPACKING pc=0x00000157a6304422 sp=0x00000009584f91f8 mode 2
Event: 232.682 Thread 0x00000157f43e7d70 Uncommon trap: trap_request=0xffffff45 fr.pc=0x00000157a6a56050 relative=0x00000000000001b0
Event: 232.682 Thread 0x00000157f43e7d70 Uncommon trap: reason=unstable_if action=reinterpret pc=0x00000157a6a56050 method=java.lang.invoke.InvokerBytecodeGenerator.isStaticallyInvocable(Ljava/lang/invoke/MemberName;)Z @ 142 c2
Event: 232.682 Thread 0x00000157f43e7d70 DEOPT PACKING pc=0x00000157a6a56050 sp=0x00000009584f9300
Event: 232.682 Thread 0x00000157f43e7d70 DEOPT UNPACKING pc=0x00000157a6304422 sp=0x00000009584f92a0 mode 2
Event: 232.685 Thread 0x00000157f43e7d70 Uncommon trap: trap_request=0xffffff45 fr.pc=0x00000157a6a59920 relative=0x0000000000000080
Event: 232.685 Thread 0x00000157f43e7d70 Uncommon trap: reason=unstable_if action=reinterpret pc=0x00000157a6a59920 method=java.lang.invoke.InvokerBytecodeGenerator.refKindOpcode(B)I @ 1 c2
Event: 232.685 Thread 0x00000157f43e7d70 DEOPT PACKING pc=0x00000157a6a59920 sp=0x00000009584f9250
Event: 232.685 Thread 0x00000157f43e7d70 DEOPT UNPACKING pc=0x00000157a6304422 sp=0x00000009584f91f0 mode 2
Event: 232.727 Thread 0x00000157f43e7d70 Uncommon trap: trap_request=0xffffffde fr.pc=0x00000157a688c120 relative=0x0000000000000260
Event: 232.728 Thread 0x00000157f43e7d70 Uncommon trap: reason=class_check action=maybe_recompile pc=0x00000157a688c120 method=java.util.HashSet.contains(Ljava/lang/Object;)Z @ 5 c2
Event: 232.728 Thread 0x00000157f43e7d70 DEOPT PACKING pc=0x00000157a688c120 sp=0x00000009584f9b20
Event: 232.728 Thread 0x00000157f43e7d70 DEOPT UNPACKING pc=0x00000157a6304422 sp=0x00000009584f9ac8 mode 2
Event: 232.728 Thread 0x00000157f43e7d70 Uncommon trap: trap_request=0xffffffde fr.pc=0x00000157a688c120 relative=0x0000000000000260
Event: 232.728 Thread 0x00000157f43e7d70 Uncommon trap: reason=class_check action=maybe_recompile pc=0x00000157a688c120 method=java.util.HashSet.contains(Ljava/lang/Object;)Z @ 5 c2
Event: 232.728 Thread 0x00000157f43e7d70 DEOPT PACKING pc=0x00000157a688c120 sp=0x00000009584f9b20
Event: 232.728 Thread 0x00000157f43e7d70 DEOPT UNPACKING pc=0x00000157a6304422 sp=0x00000009584f9ac8 mode 2
Event: 272.218 Thread 0x00000157f43e7d70 DEOPT PACKING pc=0x000001579f39c546 sp=0x00000009584f9590
Event: 272.219 Thread 0x00000157f43e7d70 DEOPT UNPACKING pc=0x00000157a6304bc2 sp=0x00000009584f8a00 mode 0

Classes loaded (20 events):
Event: 232.862 Loading class java/security/cert/CertificateParsingException
Event: 232.862 Loading class java/security/cert/CertificateException
Event: 232.862 Loading class java/security/cert/CertificateException done
Event: 232.862 Loading class java/security/cert/CertificateParsingException done
Event: 272.209 Loading class java/lang/invoke/BoundMethodHandle$Species_LLLLLLLLLLLLLLLLLLLLLLLLL
Event: 272.209 Loading class java/lang/invoke/BoundMethodHandle$Species_LLLLLLLLLLLLLLLLLLLLLLLLL done
Event: 272.227 Loading class java/lang/invoke/BoundMethodHandle$Species_LLLLLLLLLLLLLLLLLLLLLLLLLL
Event: 272.227 Loading class java/lang/invoke/BoundMethodHandle$Species_LLLLLLLLLLLLLLLLLLLLLLLLLL done
Event: 272.234 Loading class java/lang/invoke/BoundMethodHandle$Species_LLLLLLLLLLLLLLLLLLLLLLLLLLL
Event: 272.234 Loading class java/lang/invoke/BoundMethodHandle$Species_LLLLLLLLLLLLLLLLLLLLLLLLLLL done
Event: 272.332 Loading class java/lang/invoke/BoundMethodHandle$Species_LLLLLLLLLLLLLLLLLLLLLLLLLLLL
Event: 272.332 Loading class java/lang/invoke/BoundMethodHandle$Species_LLLLLLLLLLLLLLLLLLLLLLLLLLLL done
Event: 272.351 Loading class java/lang/invoke/BoundMethodHandle$Species_LLLLLLLLLLLLLLLLLLLLLLLLLLLLL
Event: 272.351 Loading class java/lang/invoke/BoundMethodHandle$Species_LLLLLLLLLLLLLLLLLLLLLLLLLLLLL done
Event: 272.374 Loading class java/lang/invoke/BoundMethodHandle$Species_LLLLLLLLLLLLLLLLLLLLLLLLLLLLLL
Event: 272.374 Loading class java/lang/invoke/BoundMethodHandle$Species_LLLLLLLLLLLLLLLLLLLLLLLLLLLLLL done
Event: 272.419 Loading class java/lang/invoke/BoundMethodHandle$Species_LLLLLLLLLLLLLLLLLLLLLLLLLLLLLLL
Event: 272.419 Loading class java/lang/invoke/BoundMethodHandle$Species_LLLLLLLLLLLLLLLLLLLLLLLLLLLLLLL done
Event: 272.457 Loading class java/lang/invoke/BoundMethodHandle$Species_LLLLLLLLLLLLLLLLLLLLLLLLLLLLLLLL
Event: 272.457 Loading class java/lang/invoke/BoundMethodHandle$Species_LLLLLLLLLLLLLLLLLLLLLLLLLLLLLLLL done

Classes unloaded (0 events):
No events

Classes redefined (0 events):
No events

Internal exceptions (20 events):
Event: 266.312 Thread 0x00000157f43e7d70 Exception <a 'java/lang/ClassNotFoundException'{0x00000000a2f841f0}: capacitor_settings_1v3207n7lt97gpb0uhrrdb35jBeanInfo> (0x00000000a2f841f0) 
thrown [s\src\hotspot\share\classfile\systemDictionary.cpp, line 313]
Event: 266.317 Thread 0x00000157f43e7d70 Exception <a 'java/lang/ClassNotFoundException'{0x00000000a2f8a808}: capacitor_settings_1v3207n7lt97gpb0uhrrdb35jCustomizer> (0x00000000a2f8a808) 
thrown [s\src\hotspot\share\classfile\systemDictionary.cpp, line 313]
Event: 268.908 Thread 0x00000157f43e7d70 Exception <a 'java/lang/NoSuchMethodError'{0x00000000a4d6f6c0}: 'java.lang.Object java.lang.invoke.DirectMethodHandle$Holder.newInvokeSpecial(java.lang.Object, java.lang.Object, java.lang.Object, java.lang.Object, java.lang.Object, java.lang.Object, java.lang.Object, java.lang.Object, java.lang.Object, java.lang.Object, java.lang.Object)'> (0x00000000a4d6f6c0) 
thrown [s\src\hotspot\share\interpreter\linkResolver.cpp, line 773]
Event: 269.362 Thread 0x00000157f43e7d70 Exception <a 'java/lang/NoSuchMethodError'{0x00000000a4bd4690}: 'java.lang.Object java.lang.invoke.DirectMethodHandle$Holder.newInvokeSpecial(java.lang.Object, java.lang.Object, java.lang.Object, java.lang.Object, java.lang.Object, java.lang.Object, java.lang.Object, java.lang.Object, java.lang.Object, java.lang.Object, java.lang.Object, java.lang.Object)'> (0x00000000a4bd4690) 
thrown [s\src\hotspot\share\interpreter\linkResolver.cpp, line 773]
Event: 269.363 Thread 0x00000157f43e7d70 Exception <a 'java/lang/NoSuchMethodError'{0x00000000a4bd9aa8}: 'java.lang.Object java.lang.invoke.Invokers$Holder.linkToTargetMethod(java.lang.Object, java.lang.Object, java.lang.Object, java.lang.Object, java.lang.Object, java.lang.Object, java.lang.Object, java.lang.Object, java.lang.Object, java.lang.Object, java.lang.Object, java.lang.Object)'> (0x00000000a4bd9aa8) 
thrown [s\src\hotspot\share\interpreter\linkResolver.cpp, line 773]
Event: 269.708 Thread 0x00000157f43e7d70 Exception <a 'java/lang/NoSuchMethodError'{0x00000000a4a78f48}: 'java.lang.Object java.lang.invoke.DirectMethodHandle$Holder.newInvokeSpecial(java.lang.Object, java.lang.Object, java.lang.Object, java.lang.Object, java.lang.Object, java.lang.Object, java.lang.Object, java.lang.Object, java.lang.Object, java.lang.Object, java.lang.Object, java.lang.Object, java.lang.Object, java.lang.Object, java.lang.Object)'> (0x00000000a4a78f48) 
thrown [s\src\hotspot\share\interpreter\linkResolver.cpp, line 773]
Event: 269.715 Thread 0x00000157f43e7d70 Exception <a 'java/lang/NoSuchMethodError'{0x00000000a4a7f2e0}: 'java.lang.Object java.lang.invoke.DirectMethodHandle$Holder.invokeSpecial(java.lang.Object, java.lang.Object, java.lang.Object, java.lang.Object, java.lang.Object, java.lang.Object, java.lang.Object, java.lang.Object, java.lang.Object, java.lang.Object, java.lang.Object, java.lang.Object, java.lang.Object, java.lang.Object, java.lang.Object, java.lang.Object)'> (0x00000000a4a7f2e0) 
thrown [s\src\hotspot\share\interpreter\linkResolver.cpp, li
Event: 269.717 Thread 0x00000157f43e7d70 Exception <a 'java/lang/NoSuchMethodError'{0x00000000a4a99bb0}: 'java.lang.Object java.lang.invoke.DelegatingMethodHandle$Holder.reinvoke_L(java.lang.Object, java.lang.Object, java.lang.Object, java.lang.Object, java.lang.Object, java.lang.Object, java.lang.Object, java.lang.Object, java.lang.Object, java.lang.Object, java.lang.Object, java.lang.Object, java.lang.Object, java.lang.Object, java.lang.Object)'> (0x00000000a4a99bb0) 
thrown [s\src\hotspot\share\interpreter\linkResolver.cpp, line 773]
Event: 272.187 Thread 0x00000157f43e7d70 Exception <a 'java/lang/NoSuchMethodError'{0x00000000a45b5d48}: 'java.lang.Object java.lang.invoke.DelegatingMethodHandle$Holder.reinvoke_L(java.lang.Object, java.lang.Object, java.lang.Object, java.lang.Object, java.lang.Object, java.lang.Object, java.lang.Object, java.lang.Object, java.lang.Object, java.lang.Object, java.lang.Object, java.lang.Object, java.lang.Object, java.lang.Object, java.lang.Object, java.lang.Object, java.lang.Object, java.lang.Object, java.lang.Object, java.lang.Object, java.lang.O
Event: 272.213 Thread 0x00000157f43e7d70 Exception <a 'java/lang/NoSuchMethodError'{0x00000000a449f850}: 'java.lang.Object java.lang.invoke.DirectMethodHandle$Holder.invokeStatic(java.lang.Object, java.lang.Object, java.lang.Object, java.lang.Object, java.lang.Object, java.lang.Object, java.lang.Object, java.lang.Object, java.lang.Object, java.lang.Object, java.lang.Object, java.lang.Object, java.lang.Object, java.lang.Object, java.lang.Object, java.lang.Object, java.lang.Object, java.lang.Object, java.lang.Object, java.lang.Object, java.lang.Obj
Event: 272.231 Thread 0x00000157f43e7d70 Exception <a 'java/lang/NoSuchMethodError'{0x00000000a44d5c90}: 'java.lang.Object java.lang.invoke.DirectMethodHandle$Holder.invokeStatic(java.lang.Object, java.lang.Object, java.lang.Object, java.lang.Object, java.lang.Object, java.lang.Object, java.lang.Object, java.lang.Object, java.lang.Object, java.lang.Object, java.lang.Object, java.lang.Object, java.lang.Object, java.lang.Object, java.lang.Object, java.lang.Object, java.lang.Object, java.lang.Object, java.lang.Object, java.lang.Object, java.lang.Obj
Event: 272.292 Thread 0x00000157f43e7d70 Exception <a 'java/lang/NoSuchMethodError'{0x00000000a430dd10}: 'java.lang.Object java.lang.invoke.DirectMethodHandle$Holder.invokeStatic(java.lang.Object, java.lang.Object, java.lang.Object, java.lang.Object, java.lang.Object, java.lang.Object, java.lang.Object, java.lang.Object, java.lang.Object, java.lang.Object, java.lang.Object, java.lang.Object, java.lang.Object, java.lang.Object, java.lang.Object, java.lang.Object, java.lang.Object, java.lang.Object, java.lang.Object, java.lang.Object, java.lang.Obj
Event: 272.338 Thread 0x00000157f43e7d70 Exception <a 'java/lang/NoSuchMethodError'{0x00000000a4346a18}: 'java.lang.Object java.lang.invoke.DirectMethodHandle$Holder.invokeStatic(java.lang.Object, java.lang.Object, java.lang.Object, java.lang.Object, java.lang.Object, java.lang.Object, java.lang.Object, java.lang.Object, java.lang.Object, java.lang.Object, java.lang.Object, java.lang.Object, java.lang.Object, java.lang.Object, java.lang.Object, java.lang.Object, java.lang.Object, java.lang.Object, java.lang.Object, java.lang.Object, java.lang.Obj
Event: 272.369 Thread 0x00000157f43e7d70 Exception <a 'java/lang/NoSuchMethodError'{0x00000000a4388f20}: 'java.lang.Object java.lang.invoke.DirectMethodHandle$Holder.invokeStatic(java.lang.Object, java.lang.Object, java.lang.Object, java.lang.Object, java.lang.Object, java.lang.Object, java.lang.Object, java.lang.Object, java.lang.Object, java.lang.Object, java.lang.Object, java.lang.Object, java.lang.Object, java.lang.Object, java.lang.Object, java.lang.Object, java.lang.Object, java.lang.Object, java.lang.Object, java.lang.Object, java.lang.Obj
Event: 272.405 Thread 0x00000157f43e7d70 Exception <a 'java/lang/NoSuchMethodError'{0x00000000a43c5860}: 'java.lang.Object java.lang.invoke.DirectMethodHandle$Holder.invokeStatic(java.lang.Object, java.lang.Object, java.lang.Object, java.lang.Object, java.lang.Object, java.lang.Object, java.lang.Object, java.lang.Object, java.lang.Object, java.lang.Object, java.lang.Object, java.lang.Object, java.lang.Object, java.lang.Object, java.lang.Object, java.lang.Object, java.lang.Object, java.lang.Object, java.lang.Object, java.lang.Object, java.lang.Obj
Event: 272.439 Thread 0x00000157f43e7d70 Exception <a 'java/lang/NoSuchMethodError'{0x00000000a43ff0f8}: 'java.lang.Object java.lang.invoke.DirectMethodHandle$Holder.invokeStatic(java.lang.Object, java.lang.Object, java.lang.Object, java.lang.Object, java.lang.Object, java.lang.Object, java.lang.Object, java.lang.Object, java.lang.Object, java.lang.Object, java.lang.Object, java.lang.Object, java.lang.Object, java.lang.Object, java.lang.Object, java.lang.Object, java.lang.Object, java.lang.Object, java.lang.Object, java.lang.Object, java.lang.Obj
Event: 272.512 Thread 0x00000157f43e7d70 Exception <a 'java/lang/NoSuchMethodError'{0x00000000a42432d0}: 'java.lang.Object java.lang.invoke.DirectMethodHandle$Holder.invokeStatic(java.lang.Object, java.lang.Object, java.lang.Object, java.lang.Object, java.lang.Object, java.lang.Object, java.lang.Object, java.lang.Object, java.lang.Object, java.lang.Object, java.lang.Object, java.lang.Object, java.lang.Object, java.lang.Object, java.lang.Object, java.lang.Object, java.lang.Object, java.lang.Object, java.lang.Object, java.lang.Object, java.lang.Obj
Event: 272.650 Thread 0x00000157f43e7d70 Exception <a 'java/lang/NoSuchMethodError'{0x00000000a4124848}: 'java.lang.Object java.lang.invoke.DirectMethodHandle$Holder.newInvokeSpecial(java.lang.Object, java.lang.Object, java.lang.Object, java.lang.Object, java.lang.Object, java.lang.Object, java.lang.Object, java.lang.Object, java.lang.Object, java.lang.Object, java.lang.Object, java.lang.Object, java.lang.Object, java.lang.Object, java.lang.Object, java.lang.Object, java.lang.Object, java.lang.Object, java.lang.Object)'> (0x00000000a4124848) 
thr
Event: 272.651 Thread 0x00000157f43e7d70 Exception <a 'java/lang/NoSuchMethodError'{0x00000000a412b1d0}: 'java.lang.Object java.lang.invoke.DirectMethodHandle$Holder.invokeSpecial(java.lang.Object, java.lang.Object, java.lang.Object, java.lang.Object, java.lang.Object, java.lang.Object, java.lang.Object, java.lang.Object, java.lang.Object, java.lang.Object, java.lang.Object, java.lang.Object, java.lang.Object, java.lang.Object, java.lang.Object, java.lang.Object, java.lang.Object, java.lang.Object, java.lang.Object, java.lang.Object)'> (0x0000000
Event: 272.651 Thread 0x00000157f43e7d70 Exception <a 'java/lang/NoSuchMethodError'{0x00000000a4130770}: 'java.lang.Object java.lang.invoke.DelegatingMethodHandle$Holder.reinvoke_L(java.lang.Object, java.lang.Object, java.lang.Object, java.lang.Object, java.lang.Object, java.lang.Object, java.lang.Object, java.lang.Object, java.lang.Object, java.lang.Object, java.lang.Object, java.lang.Object, java.lang.Object, java.lang.Object, java.lang.Object, java.lang.Object, java.lang.Object, java.lang.Object, java.lang.Object)'> (0x00000000a4130770) 
throw

ZGC Phase Switch (0 events):
No events

VM Operations (20 events):
Event: 251.261 Executing safepoint VM operation: Cleanup
Event: 251.261 Executing safepoint VM operation: Cleanup done
Event: 260.364 Executing safepoint VM operation: Cleanup
Event: 260.364 Executing safepoint VM operation: Cleanup done
Event: 261.365 Executing safepoint VM operation: Cleanup
Event: 261.365 Executing safepoint VM operation: Cleanup done
Event: 264.383 Executing safepoint VM operation: Cleanup
Event: 264.383 Executing safepoint VM operation: Cleanup done
Event: 266.405 Executing safepoint VM operation: Cleanup
Event: 266.421 Executing safepoint VM operation: Cleanup done
Event: 267.423 Executing safepoint VM operation: Cleanup
Event: 267.424 Executing safepoint VM operation: Cleanup done
Event: 268.194 Executing safepoint VM operation: G1CollectForAllocation (G1 Evacuation Pause)
Event: 268.249 Executing safepoint VM operation: G1CollectForAllocation (G1 Evacuation Pause) done
Event: 269.252 Executing safepoint VM operation: Cleanup
Event: 269.252 Executing safepoint VM operation: Cleanup done
Event: 271.284 Executing safepoint VM operation: Cleanup
Event: 271.299 Executing safepoint VM operation: Cleanup done
Event: 272.314 Executing safepoint VM operation: Cleanup
Event: 272.330 Executing safepoint VM operation: Cleanup done

Memory protections (0 events):
No events

Nmethod flushes (20 events):
Event: 130.796 Thread 0x00000157f400a290 flushing  nmethod 0x000001579eedc490
Event: 130.796 Thread 0x00000157f400a290 flushing  nmethod 0x000001579eee0e90
Event: 130.796 Thread 0x00000157f400a290 flushing  nmethod 0x000001579eee1510
Event: 130.796 Thread 0x00000157f400a290 flushing  nmethod 0x000001579eee2e10
Event: 130.796 Thread 0x00000157f400a290 flushing  nmethod 0x000001579eee3490
Event: 130.796 Thread 0x00000157f400a290 flushing  nmethod 0x000001579ef31410
Event: 130.796 Thread 0x00000157f400a290 flushing  nmethod 0x000001579ef33710
Event: 130.796 Thread 0x00000157f400a290 flushing  nmethod 0x000001579ef34310
Event: 130.796 Thread 0x00000157f400a290 flushing  nmethod 0x000001579ef37890
Event: 130.796 Thread 0x00000157f400a290 flushing  nmethod 0x000001579ef38590
Event: 130.796 Thread 0x00000157f400a290 flushing  nmethod 0x000001579ef80d10
Event: 130.796 Thread 0x00000157f400a290 flushing  nmethod 0x000001579f008590
Event: 130.796 Thread 0x00000157f400a290 flushing  nmethod 0x000001579f00ac90
Event: 130.796 Thread 0x00000157f400a290 flushing  nmethod 0x000001579f101e10
Event: 130.796 Thread 0x00000157f400a290 flushing  nmethod 0x000001579f166290
Event: 130.796 Thread 0x00000157f400a290 flushing  nmethod 0x000001579f242410
Event: 130.796 Thread 0x00000157f400a290 flushing  nmethod 0x000001579f247610
Event: 130.796 Thread 0x00000157f400a290 flushing  nmethod 0x000001579f288b10
Event: 130.796 Thread 0x00000157f400a290 flushing  nmethod 0x000001579f28a110
Event: 130.796 Thread 0x00000157f400a290 flushing  nmethod 0x000001579f28e710

Events (20 events):
Event: 42.524 Thread 0x00000157f402f2b0 Thread added: 0x00000157fc287c80
Event: 42.757 Thread 0x00000157fc287c80 Thread exited: 0x00000157fc287c80
Event: 43.064 Thread 0x00000157f43e7d70 Thread added: 0x00000157f9690b30
Event: 43.146 Thread 0x00000157f43e7d70 Thread added: 0x00000157f968d6b0
Event: 44.147 Thread 0x00000157f43e7d70 Thread added: 0x00000157f968ea60
Event: 44.173 Thread 0x00000157f43e7d70 Thread added: 0x00000157f96911c0
Event: 73.814 Thread 0x00000157f43e7d70 Thread added: 0x00000157f968dd40
Event: 109.371 Thread 0x00000157f43e7d70 Thread added: 0x00000157f968fe10
Event: 117.339 Thread 0x00000157f402f2b0 Thread added: 0x00000157fb841650
Event: 117.738 Thread 0x00000157fb841650 Thread exited: 0x00000157fb841650
Event: 129.131 Thread 0x00000157f43e7d70 Thread added: 0x00000157f968e3d0
Event: 129.336 Thread 0x00000157f43e7d70 Thread added: 0x00000157f9691ee0
Event: 139.694 Thread 0x00000157f43e7d70 Thread added: 0x00000157f9692570
Event: 203.984 Thread 0x00000157f43ea4d0 Thread exited: 0x00000157f43ea4d0
Event: 227.944 Thread 0x00000157f43e9120 Thread added: 0x00000157f96904a0
Event: 228.085 Thread 0x00000157f43e7d70 Thread added: 0x00000157f968f0f0
Event: 240.305 Thread 0x00000157f43e7d70 Thread added: 0x00000157f9693fb0
Event: 264.116 Thread 0x00000157f43e7d70 Thread added: 0x00000157f9692c00
Event: 269.483 Thread 0x00000157f43e7d70 Thread added: 0x00000157f9693290
Event: 271.636 Thread 0x00000157f43e7d70 Thread added: 0x00000157f9693920


Dynamic libraries:
0x00007ff61a400000 - 0x00007ff61a40e000 	C:\Users\Lucas Hernandez\.vscode\extensions\redhat.java-1.56.0-win32-x64\jre\21.0.12.1-win32-x86_64\bin\java.exe
0x00007ffa77d80000 - 0x00007ffa77fe7000 	C:\WINDOWS\SYSTEM32\ntdll.dll
0x00007ffa765c0000 - 0x00007ffa7668b000 	C:\WINDOWS\System32\KERNEL32.DLL
0x00007ffa74f80000 - 0x00007ffa75382000 	C:\WINDOWS\System32\KERNELBASE.dll
0x00007ffa75940000 - 0x00007ffa75a8c000 	C:\WINDOWS\System32\ucrtbase.dll
0x00007ffa54440000 - 0x00007ffa54458000 	C:\Users\Lucas Hernandez\.vscode\extensions\redhat.java-1.56.0-win32-x64\jre\21.0.12.1-win32-x86_64\bin\jli.dll
0x00007ffa76d80000 - 0x00007ffa76f4f000 	C:\WINDOWS\System32\USER32.dll
0x00007ffa75630000 - 0x00007ffa75657000 	C:\WINDOWS\System32\win32u.dll
0x00007ffa76590000 - 0x00007ffa765bb000 	C:\WINDOWS\System32\GDI32.dll
0x00007ffa75390000 - 0x00007ffa754b9000 	C:\WINDOWS\System32\gdi32full.dll
0x00007ffa75580000 - 0x00007ffa75623000 	C:\WINDOWS\System32\msvcp_win.dll
0x00007ffa55230000 - 0x00007ffa5524e000 	C:\Users\Lucas Hernandez\.vscode\extensions\redhat.java-1.56.0-win32-x64\jre\21.0.12.1-win32-x86_64\bin\VCRUNTIME140.dll
0x00007ffa626a0000 - 0x00007ffa62930000 	C:\WINDOWS\WinSxS\amd64_microsoft.windows.common-controls_6595b64144ccf1df_6.0.26100.9278_none_3e0d1ba8e3303201\COMCTL32.dll
0x00007ffa77060000 - 0x00007ffa77109000 	C:\WINDOWS\System32\msvcrt.dll
0x00007ffa75db0000 - 0x00007ffa75de1000 	C:\WINDOWS\System32\IMM32.DLL
0x00007ffa60070000 - 0x00007ffa6007c000 	C:\Users\Lucas Hernandez\.vscode\extensions\redhat.java-1.56.0-win32-x64\jre\21.0.12.1-win32-x86_64\bin\vcruntime140_1.dll
0x00007ffa258a0000 - 0x00007ffa2592d000 	C:\Users\Lucas Hernandez\.vscode\extensions\redhat.java-1.56.0-win32-x64\jre\21.0.12.1-win32-x86_64\bin\msvcp140.dll
0x00007ff9a90d0000 - 0x00007ff9a9e72000 	C:\Users\Lucas Hernandez\.vscode\extensions\redhat.java-1.56.0-win32-x64\jre\21.0.12.1-win32-x86_64\bin\server\jvm.dll
0x00007ffa76b60000 - 0x00007ffa76c1c000 	C:\WINDOWS\System32\ADVAPI32.dll
0x00007ffa771a0000 - 0x00007ffa77249000 	C:\WINDOWS\System32\sechost.dll
0x00007ffa76a40000 - 0x00007ffa76b58000 	C:\WINDOWS\System32\RPCRT4.dll
0x00007ffa75c10000 - 0x00007ffa75c90000 	C:\WINDOWS\System32\WS2_32.dll
0x00007ffa74e00000 - 0x00007ffa74e5e000 	C:\WINDOWS\SYSTEM32\POWRPROF.dll
0x00007ffa6c150000 - 0x00007ffa6c186000 	C:\WINDOWS\SYSTEM32\WINMM.dll
0x00007ffa6cd30000 - 0x00007ffa6cd3b000 	C:\WINDOWS\SYSTEM32\VERSION.dll
0x00007ffa74de0000 - 0x00007ffa74df5000 	C:\WINDOWS\SYSTEM32\UMPDC.dll
0x00007ffa73c30000 - 0x00007ffa73c4b000 	C:\WINDOWS\SYSTEM32\kernel.appcore.dll
0x00007ffa5ff20000 - 0x00007ffa5ff2a000 	C:\Users\Lucas Hernandez\.vscode\extensions\redhat.java-1.56.0-win32-x64\jre\21.0.12.1-win32-x86_64\bin\jimage.dll
0x00007ffa68aa0000 - 0x00007ffa68cec000 	C:\WINDOWS\SYSTEM32\DBGHELP.DLL
0x00007ffa766b0000 - 0x00007ffa76a35000 	C:\WINDOWS\System32\combase.dll
0x00007ffa776e0000 - 0x00007ffa777b9000 	C:\WINDOWS\System32\OLEAUT32.dll
0x00007ffa5e7b0000 - 0x00007ffa5e7eb000 	C:\WINDOWS\SYSTEM32\dbgcore.DLL
0x00007ffa75880000 - 0x00007ffa7592c000 	C:\WINDOWS\System32\bcryptPrimitives.dll
0x00007ffa58db0000 - 0x00007ffa58dbf000 	C:\Users\Lucas Hernandez\.vscode\extensions\redhat.java-1.56.0-win32-x64\jre\21.0.12.1-win32-x86_64\bin\instrument.dll
0x00007ffa54380000 - 0x00007ffa543a0000 	C:\Users\Lucas Hernandez\.vscode\extensions\redhat.java-1.56.0-win32-x64\jre\21.0.12.1-win32-x86_64\bin\java.dll
0x00007ffa75df0000 - 0x00007ffa76588000 	C:\WINDOWS\System32\SHELL32.dll
0x00007ffa729c0000 - 0x00007ffa7326e000 	C:\WINDOWS\SYSTEM32\windows.storage.dll
0x00007ffa76f60000 - 0x00007ffa7705b000 	C:\WINDOWS\System32\SHCORE.dll
0x00007ffa77b40000 - 0x00007ffa77ba6000 	C:\WINDOWS\System32\shlwapi.dll
0x00007ffa74ea0000 - 0x00007ffa74ec9000 	C:\WINDOWS\SYSTEM32\profapi.dll
0x00007ffa54120000 - 0x00007ffa54138000 	C:\Users\Lucas Hernandez\.vscode\extensions\redhat.java-1.56.0-win32-x64\jre\21.0.12.1-win32-x86_64\bin\zip.dll
0x00007ffa5f810000 - 0x00007ffa5f820000 	C:\Users\Lucas Hernandez\.vscode\extensions\redhat.java-1.56.0-win32-x64\jre\21.0.12.1-win32-x86_64\bin\net.dll
0x00007ffa6ca10000 - 0x00007ffa6cb3a000 	C:\WINDOWS\SYSTEM32\WINHTTP.dll
0x00007ffa74210000 - 0x00007ffa7427c000 	C:\WINDOWS\system32\mswsock.dll
0x00007ffa53680000 - 0x00007ffa53696000 	C:\Users\Lucas Hernandez\.vscode\extensions\redhat.java-1.56.0-win32-x64\jre\21.0.12.1-win32-x86_64\bin\nio.dll
0x00007ffa57e70000 - 0x00007ffa57e80000 	C:\Users\Lucas Hernandez\.vscode\extensions\redhat.java-1.56.0-win32-x64\jre\21.0.12.1-win32-x86_64\bin\verify.dll
0x00007ffa47ff0000 - 0x00007ffa48017000 	C:\Users\Lucas Hernandez\.gradle\native\1def1411415f61bf3af743bc5b6707747c0891f09f0c88961ee8f79bc544acac\windows-amd64\native-platform.dll
0x00007ffa25c60000 - 0x00007ffa25cd8000 	C:\Users\Lucas Hernandez\.gradle\native\0.2.7\x86_64-windows-gnu\gradle-fileevents.dll
0x00007ffa6fe70000 - 0x00007ffa6fe7a000 	C:\Users\Lucas Hernandez\.vscode\extensions\redhat.java-1.56.0-win32-x64\jre\21.0.12.1-win32-x86_64\bin\management.dll
0x00007ffa6fe60000 - 0x00007ffa6fe6c000 	C:\Users\Lucas Hernandez\.vscode\extensions\redhat.java-1.56.0-win32-x64\jre\21.0.12.1-win32-x86_64\bin\management_ext.dll
0x00007ffa77c00000 - 0x00007ffa77c08000 	C:\WINDOWS\System32\PSAPI.DLL
0x00007ffa735d0000 - 0x00007ffa73603000 	C:\WINDOWS\SYSTEM32\IPHLPAPI.DLL
0x00007ffa77c10000 - 0x00007ffa77c1a000 	C:\WINDOWS\System32\NSI.dll
0x00007ffa60960000 - 0x00007ffa60969000 	C:\Users\Lucas Hernandez\.vscode\extensions\redhat.java-1.56.0-win32-x64\jre\21.0.12.1-win32-x86_64\bin\extnet.dll
0x00007ffa74520000 - 0x00007ffa7453b000 	C:\WINDOWS\SYSTEM32\CRYPTSP.dll
0x00007ffa73b90000 - 0x00007ffa73bc9000 	C:\WINDOWS\system32\rsaenh.dll
0x00007ffa742c0000 - 0x00007ffa742f4000 	C:\WINDOWS\SYSTEM32\USERENV.dll
0x00007ffa74e70000 - 0x00007ffa74e9a000 	C:\WINDOWS\SYSTEM32\bcrypt.dll
0x00007ffa74500000 - 0x00007ffa7450c000 	C:\WINDOWS\SYSTEM32\CRYPTBASE.dll
0x00007ffa60950000 - 0x00007ffa6095e000 	C:\Users\Lucas Hernandez\.vscode\extensions\redhat.java-1.56.0-win32-x64\jre\21.0.12.1-win32-x86_64\bin\sunmscapi.dll
0x00007ffa756f0000 - 0x00007ffa7586e000 	C:\WINDOWS\System32\CRYPT32.dll
0x00007ffa74740000 - 0x00007ffa74770000 	C:\WINDOWS\SYSTEM32\ncrypt.dll
0x00007ffa746f0000 - 0x00007ffa7472f000 	C:\WINDOWS\SYSTEM32\NTASN1.dll
0x00007ffa3a230000 - 0x00007ffa3a238000 	C:\WINDOWS\system32\wshunix.dll

JVMTI agents:
C:\Users\Lucas Hernandez\.gradle\wrapper\dists\gradle-8.14.3-all\10utluxaxniiv4wxiphsi49nj\gradle-8.14.3\lib\agents\gradle-instrumentation-agent-8.14.3.jar path:C:\Users\Lucas Hernandez\.vscode\extensions\redhat.java-1.56.0-win32-x64\jre\21.0.12.1-win32-x86_64\bin\instrument.dll, loaded, initialized, instrumentlib options:none

dbghelp: loaded successfully - version: 4.0.5 - missing functions: none
symbol engine: initialized successfully - sym options: 0x614 - pdb path: .;C:\Users\Lucas Hernandez\.vscode\extensions\redhat.java-1.56.0-win32-x64\jre\21.0.12.1-win32-x86_64\bin;C:\WINDOWS\SYSTEM32;C:\WINDOWS\WinSxS\amd64_microsoft.windows.common-controls_6595b64144ccf1df_6.0.26100.9278_none_3e0d1ba8e3303201;C:\Users\Lucas Hernandez\.vscode\extensions\redhat.java-1.56.0-win32-x64\jre\21.0.12.1-win32-x86_64\bin\server;C:\Users\Lucas Hernandez\.gradle\native\1def1411415f61bf3af743bc5b6707747c0891f09f0c88961ee8f79bc544acac\windows-amd64;C:\Users\Lucas Hernandez\.gradle\native\0.2.7\x86_64-windows-gnu

VM Arguments:
jvm_args: --add-opens=java.base/java.lang=ALL-UNNAMED --add-opens=java.base/java.lang.invoke=ALL-UNNAMED --add-opens=java.base/java.util=ALL-UNNAMED --add-opens=java.prefs/java.util.prefs=ALL-UNNAMED --add-exports=jdk.compiler/com.sun.tools.javac.api=ALL-UNNAMED --add-exports=jdk.compiler/com.sun.tools.javac.util=ALL-UNNAMED --add-opens=java.base/java.util=ALL-UNNAMED --add-opens=java.prefs/java.util.prefs=ALL-UNNAMED --add-opens=java.base/java.nio.charset=ALL-UNNAMED --add-opens=java.base/java.net=ALL-UNNAMED --add-opens=java.base/java.util.concurrent.atomic=ALL-UNNAMED --add-opens=java.xml/javax.xml.namespace=ALL-UNNAMED -Xmx1536m -Dfile.encoding=UTF-8 -Duser.country=ES -Duser.language=es -Duser.variant -javaagent:C:\Users\Lucas Hernandez\.gradle\wrapper\dists\gradle-8.14.3-all\10utluxaxniiv4wxiphsi49nj\gradle-8.14.3\lib\agents\gradle-instrumentation-agent-8.14.3.jar 
java_command: org.gradle.launcher.daemon.bootstrap.GradleDaemon 8.14.3
java_class_path (initial): C:\Users\Lucas Hernandez\.gradle\wrapper\dists\gradle-8.14.3-all\10utluxaxniiv4wxiphsi49nj\gradle-8.14.3\lib\gradle-daemon-main-8.14.3.jar
Launcher Type: SUN_STANDARD

[Global flags]
     intx CICompilerCount                          = 4                                         {product} {ergonomic}
     uint ConcGCThreads                            = 3                                         {product} {ergonomic}
     uint G1ConcRefinementThreads                  = 10                                        {product} {ergonomic}
   size_t G1HeapRegionSize                         = 1048576                                   {product} {ergonomic}
    uintx GCDrainStackTargetSize                   = 64                                        {product} {ergonomic}
   size_t InitialHeapSize                          = 260046848                                 {product} {ergonomic}
   size_t MarkStackSize                            = 4194304                                   {product} {ergonomic}
   size_t MaxHeapSize                              = 1610612736                                {product} {command line}
   size_t MaxNewSize                               = 965738496                                 {product} {ergonomic}
   size_t MinHeapDeltaBytes                        = 1048576                                   {product} {ergonomic}
   size_t MinHeapSize                              = 8388608                                   {product} {ergonomic}
    uintx NonNMethodCodeHeapSize                   = 5839372                                {pd product} {ergonomic}
    uintx NonProfiledCodeHeapSize                  = 122909434                              {pd product} {ergonomic}
    uintx ProfiledCodeHeapSize                     = 122909434                              {pd product} {ergonomic}
    uintx ReservedCodeCacheSize                    = 251658240                              {pd product} {ergonomic}
     bool SegmentedCodeCache                       = true                                      {product} {ergonomic}
   size_t SoftMaxHeapSize                          = 1610612736                             {manageable} {ergonomic}
     bool UseCompressedOops                        = true                           {product lp64_product} {ergonomic}
     bool UseG1GC                                  = true                                      {product} {ergonomic}
     bool UseLargePagesIndividualAllocation        = false                                  {pd product} {ergonomic}

Logging:
Log output configuration:
 #0: stdout all=warning uptime,level,tags foldmultilines=false
 #1: stderr all=off uptime,level,tags foldmultilines=false

Release file:
JAVA_VERSION="21.0.12.1" 
MODULES="java.base java.compiler java.datatransfer java.xml java.prefs java.desktop java.instrument java.logging java.management java.security.sasl java.naming java.rmi java.management.rmi java.net.http java.scripting java.security.jgss java.transaction.xa java.sql java.sql.rowset java.xml.crypto java.se java.smartcardio jdk.accessibility jdk.internal.jvmstat jdk.attach jdk.charsets jdk.internal.opt jdk.zipfs jdk.compiler jdk.crypto.ec jdk.crypto.cryptoki jdk.crypto.mscapi jdk.dynalink jdk.internal.ed jdk.editpad jdk.hotspot.agent jdk.httpserver jdk.internal.le jdk.internal.vm.ci jdk.internal.vm.compiler jdk.internal.vm.compiler.management jdk.jartool jdk.javadoc jdk.jcmd jdk.management jdk.management.agent jdk.jconsole jdk.jdeps jdk.jdwp.agent jdk.jdi jdk.jfr jdk.jshell jdk.jsobject jdk.jstatd jdk.localedata jdk.management.jfr jdk.naming.dns jdk.naming.rmi jdk.net jdk.nio.mapmode jdk.random jdk.sctp jdk.security.auth jdk.security.jgss jdk.unsupported jdk.unsupported.desktop jdk.xml.dom" 

Environment Variables:
JAVA_HOME=C:\Program Files\Eclipse Adoptium\jdk-17.0.20.101-hotspot\
PATH=C:\Program Files\Eclipse Adoptium\jdk-17.0.20.101-hotspot\bin;C:\Users\Lucas Hernandez\AppData\Local\Programs\Python\Python314\Scripts\;C:\Users\Lucas Hernandez\AppData\Local\Programs\Python\Python314\;C:\app\dbhomeXE\bin;C:\WINDOWS\system32;C:\WINDOWS;C:\WINDOWS\System32\Wbem;C:\WINDOWS\System32\WindowsPowerShell\v1.0\;C:\WINDOWS\System32\OpenSSH\;C:\Program Files\Docker\Docker\resources\bin;C:\Program Files\nodejs\;C:\ProgramData\chocolatey\bin;C:\Program Files\dotnet\;C:\Program Files\Git\cmd;C:\Program Files\MySQL\MySQL Shell 8.0\bin\;C:\Users\Lucas Hernandez\AppData\Local\Microsoft\WindowsApps;C:\Program Files\JetBrains\IntelliJ IDEA 2025.2.2\bin;C:\Users\Lucas Hernandez\AppData\Local\GitHubDesktop\bin;C:\Users\Lucas Hernandez\AppData\Local\Programs\Microsoft VS Code\bin;C:\Users\Lucas Hernandez\AppData\Local\Python\bin;C:\Users\Lucas Hernandez\AppData\Local\Programs\cursor\resources\app\bin;C:\Users\Lucas Hernandez\AppData\Roaming\npm;C:\src\flutter\bin;;C:\Android\sdk\platform-tools;C:\Android\sdk\cmdline-tools\latest\bin;C:\Android\sdk\emulator
USERNAME=Lucas Hernandez
OS=Windows_NT
PROCESSOR_IDENTIFIER=AMD64 Family 23 Model 104 Stepping 1, AuthenticAMD
TMP=C:\Users\LUCASH~1\AppData\Local\Temp
TEMP=C:\Users\LUCASH~1\AppData\Local\Temp




Periodic native trim disabled

---------------  S Y S T E M  ---------------

OS:
 Windows 11 , 64 bit Build 26100 (10.0.26100.9444)
OS uptime: 11 days 19:09 hours
Hyper-V role detected

CPU: total 12 (initial active 12) (12 cores per cpu, 2 threads per core) family 23 model 104 stepping 1 microcode 0x8608103, cx8, cmov, fxsr, ht, mmx, 3dnowpref, sse, sse2, sse3, ssse3, sse4a, sse4.1, sse4.2, popcnt, lzcnt, tsc, tscinvbit, avx, avx2, aes, clmul, bmi1, bmi2, adx, sha, fma, vzeroupper, clflush, clflushopt, hv, rdtscp, rdpid, f16c
Processor Information for the first 12 processors :
  Max Mhz: 2100, Current Mhz: 2100, Mhz Limit: 2100

Memory: 4k page, system-wide physical 15754M (538M free)
TotalPageFile size 64906M (AvailPageFile size 1030M)
current process WorkingSet (physical memory assigned to process): 139M, peak: 298M
current process commit charge ("private bytes"): 261M, peak: 424M

vm_info: OpenJDK 64-Bit Server VM (21.0.12.1+1-LTS) for windows-amd64 JRE (21.0.12.1+1-LTS), built on 2026-08-18T00:00:00Z by "admin" with MS VC++ 17.12 (VS2022)

END.
