#
# There is insufficient memory for the Java Runtime Environment to continue.
# Native memory allocation (mmap) failed to map 65536 bytes. Error detail: Failed to commit metaspace.
# Possible reasons:
#   The system is out of physical RAM or swap space
#   This process is running with CompressedOops enabled, and the Java Heap may be blocking the growth of the native heap
# Possible solutions:
#   Reduce memory load on the system
#   Increase physical memory or swap space
#   Check if swap backing store is full
#   Decrease Java heap size (-Xmx/-Xms)
#   Decrease number of Java threads
#   Decrease Java thread stack sizes (-Xss)
#   Set larger code cache with -XX:ReservedCodeCacheSize=
#   JVM is running with Unscaled Compressed Oops mode in which the Java heap is
#     placed in the first 4GB address space. The Java Heap base address is the
#     maximum limit for the native heap growth. Please use -XX:HeapBaseMinAddress
#     to set the Java Heap base and to place the Java Heap above 4GB virtual address.
# This output file may be truncated or incomplete.
#
#  Out of Memory Error (virtualSpaceNode.cpp:113), pid=5932, tid=12840
#
# JRE version: OpenJDK Runtime Environment Temurin-21.0.12.1+1 (21.0.12.1+1) (build 21.0.12.1+1-LTS)
# Java VM: OpenJDK 64-Bit Server VM Temurin-21.0.12.1+1 (21.0.12.1+1-LTS, mixed mode, sharing, tiered, compressed oops, compressed class ptrs, g1 gc, windows-amd64)
# No core dump will be written. Minidumps are not enabled by default on client versions of Windows
#

---------------  S U M M A R Y ------------

Command Line: --add-opens=java.base/java.util=ALL-UNNAMED --add-opens=java.base/java.lang=ALL-UNNAMED --add-opens=java.base/java.lang.invoke=ALL-UNNAMED --add-opens=java.prefs/java.util.prefs=ALL-UNNAMED --add-exports=jdk.compiler/com.sun.tools.javac.api=ALL-UNNAMED --add-exports=jdk.compiler/com.sun.tools.javac.util=ALL-UNNAMED --add-opens=java.base/java.nio.charset=ALL-UNNAMED --add-opens=java.base/java.net=ALL-UNNAMED --add-opens=java.base/java.util.concurrent.atomic=ALL-UNNAMED -XX:MaxMetaspaceSize=384m -XX:+HeapDumpOnOutOfMemoryError -Xms256m -Xmx512m -Dfile.encoding=utf8 -Duser.country=ES -Duser.language=es -Duser.variant -javaagent:C:\Users\Lucas Hernandez\.gradle\wrapper\dists\gradle-8.9-bin\90cnw93cvbtalezasaz0blq0a\gradle-8.9\lib\agents\gradle-instrumentation-agent-8.9.jar org.gradle.launcher.daemon.bootstrap.GradleDaemon 8.9

Host: AMD Ryzen 5 7430U with Radeon Graphics, 12 cores, 15G,  Windows 11 , 64 bit Build 26100 (10.0.26100.9444)
Time: Wed Oct  7 16:08:36 2026 Hora de verano romance elapsed time: 51.526294 seconds (0d 0h 0m 51s)

---------------  T H R E A D  ---------------

Current thread (0x000001a0f9e82240):  JavaThread "Daemon worker"        [_thread_in_vm, id=12840, stack(0x0000005ad5a00000,0x0000005ad5b00000) (1024K)]

Stack: [0x0000005ad5a00000,0x0000005ad5b00000]
Native frames: (J=compiled Java code, j=interpreted, Vv=VM code, C=native code)
V  [jvm.dll+0x6d83e9]
V  [jvm.dll+0x8b5736]
V  [jvm.dll+0x8b7cee]
V  [jvm.dll+0x8b83d3]
V  [jvm.dll+0x284596]
V  [jvm.dll+0x8b147e]
V  [jvm.dll+0x679ad4]
V  [jvm.dll+0x1e849b]
V  [jvm.dll+0x1e825e]
V  [jvm.dll+0x67c3d2]
V  [jvm.dll+0x67c202]
V  [jvm.dll+0x67a4ae]
V  [jvm.dll+0x26e440]
V  [jvm.dll+0x684715]
V  [jvm.dll+0x21973e]
V  [jvm.dll+0x219be5]
V  [jvm.dll+0x21a5d8]
V  [jvm.dll+0x20f80e]
V  [jvm.dll+0x5b6a7f]
V  [jvm.dll+0x82f606]
V  [jvm.dll+0x4792f8]
V  [jvm.dll+0x47f128]
C  [java.dll+0x17ec]

Java frames: (J=compiled Java code, j=interpreted, Vv=VM code)
J 829  java.lang.ClassLoader.defineClass1(Ljava/lang/ClassLoader;Ljava/lang/String;[BIILjava/security/ProtectionDomain;Ljava/lang/String;)Ljava/lang/Class; java.base@21.0.12.1 (0 bytes) @ 0x000001a0ee26c391 [0x000001a0ee26c2c0+0x00000000000000d1]
J 1062 c1 java.lang.ClassLoader.defineClass(Ljava/lang/String;[BIILjava/security/ProtectionDomain;)Ljava/lang/Class; java.base@21.0.12.1 (43 bytes) @ 0x000001a0e690f7f4 [0x000001a0e690f4a0+0x0000000000000354]
J 1154 c1 java.security.SecureClassLoader.defineClass(Ljava/lang/String;[BIILjava/security/CodeSource;)Ljava/lang/Class; java.base@21.0.12.1 (16 bytes) @ 0x000001a0e692bb1c [0x000001a0e692ba40+0x00000000000000dc]
J 1547 c1 java.net.URLClassLoader.defineClass(Ljava/lang/String;Ljdk/internal/loader/Resource;)Ljava/lang/Class; java.base@21.0.12.1 (224 bytes) @ 0x000001a0e6a41a44 [0x000001a0e6a40300+0x0000000000001744]
J 956 c1 java.net.URLClassLoader$1.run()Ljava/lang/Class; java.base@21.0.12.1 (81 bytes) @ 0x000001a0e68dc3ec [0x000001a0e68db7c0+0x0000000000000c2c]
J 888 c1 java.net.URLClassLoader$1.run()Ljava/lang/Object; java.base@21.0.12.1 (5 bytes) @ 0x000001a0e68bbdd4 [0x000001a0e68bbd40+0x0000000000000094]
J 744 c1 java.security.AccessController.doPrivileged(Ljava/security/PrivilegedExceptionAction;Ljava/security/AccessControlContext;)Ljava/lang/Object; java.base@21.0.12.1 (26 bytes) @ 0x000001a0e686710c [0x000001a0e6866f20+0x00000000000001ec]
J 886 c1 java.net.URLClassLoader.findClass(Ljava/lang/String;)Ljava/lang/Class; java.base@21.0.12.1 (47 bytes) @ 0x000001a0e68bb044 [0x000001a0e68baea0+0x00000000000001a4]
J 2740 c2 java.lang.ClassLoader.loadClass(Ljava/lang/String;Z)Ljava/lang/Class; java.base@21.0.12.1 (121 bytes) @ 0x000001a0ee3666b4 [0x000001a0ee3630c0+0x00000000000035f4]
J 847 c1 java.lang.ClassLoader.loadClass(Ljava/lang/String;)Ljava/lang/Class; java.base@21.0.12.1 (7 bytes) @ 0x000001a0e68a6e54 [0x000001a0e68a6d40+0x0000000000000114]
v  ~StubRoutines::call_stub 0x000001a0edc7100d
J 829  java.lang.ClassLoader.defineClass1(Ljava/lang/ClassLoader;Ljava/lang/String;[BIILjava/security/ProtectionDomain;Ljava/lang/String;)Ljava/lang/Class; java.base@21.0.12.1 (0 bytes) @ 0x000001a0ee26c391 [0x000001a0ee26c2c0+0x00000000000000d1]
J 1062 c1 java.lang.ClassLoader.defineClass(Ljava/lang/String;[BIILjava/security/ProtectionDomain;)Ljava/lang/Class; java.base@21.0.12.1 (43 bytes) @ 0x000001a0e690f7f4 [0x000001a0e690f4a0+0x0000000000000354]
J 1154 c1 java.security.SecureClassLoader.defineClass(Ljava/lang/String;[BIILjava/security/CodeSource;)Ljava/lang/Class; java.base@21.0.12.1 (16 bytes) @ 0x000001a0e692bb1c [0x000001a0e692ba40+0x00000000000000dc]
J 2740 c2 java.lang.ClassLoader.loadClass(Ljava/lang/String;Z)Ljava/lang/Class; java.base@21.0.12.1 (121 bytes) @ 0x000001a0ee365a20 [0x000001a0ee3630c0+0x0000000000002960]
J 847 c1 java.lang.ClassLoader.loadClass(Ljava/lang/String;)Ljava/lang/Class; java.base@21.0.12.1 (7 bytes) @ 0x000001a0e68a6e54 [0x000001a0e68a6d40+0x0000000000000114]
v  ~StubRoutines::call_stub 0x000001a0edc7100d
J 2430  java.lang.Class.getDeclaredConstructors0(Z)[Ljava/lang/reflect/Constructor; java.base@21.0.12.1 (0 bytes) @ 0x000001a0ee337013 [0x000001a0ee336fc0+0x0000000000000053]
j  java.lang.Class.privateGetDeclaredConstructors(Z)[Ljava/lang/reflect/Constructor;+52 java.base@21.0.12.1
j  java.lang.Class.getDeclaredConstructors()[Ljava/lang/reflect/Constructor;+20 java.base@21.0.12.1
j  org.gradle.internal.service.InjectUtil.selectConstructor(Ljava/lang/Class;)Ljava/lang/reflect/Constructor;+32
j  org.gradle.internal.service.DefaultServiceRegistry$ConstructorService.<init>(Lorg/gradle/internal/service/DefaultServiceRegistry;Ljava/lang/Class;Ljava/lang/Class;)V+63
j  org.gradle.internal.service.DefaultServiceRegistry$ConstructorService.<init>(Lorg/gradle/internal/service/DefaultServiceRegistry;Ljava/lang/Class;)V+4
j  org.gradle.internal.service.DefaultServiceRegistry$ConstructorService.<init>(Lorg/gradle/internal/service/DefaultServiceRegistry;Ljava/lang/Class;Lorg/gradle/internal/service/DefaultServiceRegistry$1;)V+3
j  org.gradle.internal.service.DefaultServiceRegistry$1.add(Ljava/lang/Class;)V+17
j  org.gradle.api.internal.artifacts.DependencyManagementBuildTreeScopeServices.configure(Lorg/gradle/internal/service/ServiceRegistration;)V+67
j  java.lang.invoke.DirectMethodHandle$Holder.invokeVirtual(Ljava/lang/Object;Ljava/lang/Object;Ljava/lang/Object;)V+11 java.base@21.0.12.1
j  java.lang.invoke.LambdaForm$MH+0x000001a08101cc00.invoke(Ljava/lang/Object;Ljava/lang/Object;Ljava/lang/Object;)Ljava/lang/Object;+52 java.base@21.0.12.1
J 2204 c1 jdk.internal.reflect.DirectMethodHandleAccessor.invoke(Ljava/lang/Object;[Ljava/lang/Object;)Ljava/lang/Object; java.base@21.0.12.1 (92 bytes) @ 0x000001a0e6b8eebc [0x000001a0e6b8d2c0+0x0000000000001bfc]
J 2203 c1 java.lang.reflect.Method.invoke(Ljava/lang/Object;[Ljava/lang/Object;)Ljava/lang/Object; java.base@21.0.12.1 (108 bytes) @ 0x000001a0e6b8ca54 [0x000001a0e6b8c540+0x0000000000000514]
j  org.gradle.internal.reflect.JavaMethod.invoke(Ljava/lang/Object;[Ljava/lang/Object;)Ljava/lang/Object;+6
j  org.gradle.internal.service.ReflectionBasedServiceMethod.invoke(Ljava/lang/Object;[Ljava/lang/Object;)Ljava/lang/Object;+6
j  org.gradle.internal.service.DefaultServiceRegistry.applyConfigureMethod(Lorg/gradle/internal/service/ServiceMethod;Ljava/lang/Object;)V+140
j  org.gradle.internal.service.DefaultServiceRegistry.findProviderMethods(Lorg/gradle/internal/service/ServiceRegistrationProvider;)V+196
j  org.gradle.internal.service.DefaultServiceRegistry.addProvider(Lorg/gradle/internal/service/ServiceRegistrationProvider;)Lorg/gradle/internal/service/DefaultServiceRegistry;+6
j  org.gradle.internal.service.DefaultServiceRegistry$1.addProvider(Lorg/gradle/internal/service/ServiceRegistrationProvider;)V+5
j  org.gradle.api.internal.artifacts.DependencyServices.registerBuildTreeServices(Lorg/gradle/internal/service/ServiceRegistration;)V+8
j  org.gradle.internal.buildtree.BuildTreeScopeServices.configure(Lorg/gradle/internal/service/ServiceRegistration;Ljava/util/List;)V+30
j  java.lang.invoke.LambdaForm$DMH+0x000001a0810a8400.invokeVirtual(Ljava/lang/Object;Ljava/lang/Object;Ljava/lang/Object;Ljava/lang/Object;)V+14 java.base@21.0.12.1
j  java.lang.invoke.LambdaForm$MH+0x000001a08118cc00.invoke(Ljava/lang/Object;Ljava/lang/Object;Ljava/lang/Object;Ljava/lang/Object;)Ljava/lang/Object;+73 java.base@21.0.12.1
J 2204 c1 jdk.internal.reflect.DirectMethodHandleAccessor.invoke(Ljava/lang/Object;[Ljava/lang/Object;)Ljava/lang/Object; java.base@21.0.12.1 (92 bytes) @ 0x000001a0e6b8e864 [0x000001a0e6b8d2c0+0x00000000000015a4]
J 2203 c1 java.lang.reflect.Method.invoke(Ljava/lang/Object;[Ljava/lang/Object;)Ljava/lang/Object; java.base@21.0.12.1 (108 bytes) @ 0x000001a0e6b8ca54 [0x000001a0e6b8c540+0x0000000000000514]
j  org.gradle.internal.reflect.JavaMethod.invoke(Ljava/lang/Object;[Ljava/lang/Object;)Ljava/lang/Object;+6
j  org.gradle.internal.service.ReflectionBasedServiceMethod.invoke(Ljava/lang/Object;[Ljava/lang/Object;)Ljava/lang/Object;+6
j  org.gradle.internal.service.DefaultServiceRegistry.applyConfigureMethod(Lorg/gradle/internal/service/ServiceMethod;Ljava/lang/Object;)V+140
j  org.gradle.internal.service.DefaultServiceRegistry.findProviderMethods(Lorg/gradle/internal/service/ServiceRegistrationProvider;)V+196
j  org.gradle.internal.service.DefaultServiceRegistry.addProvider(Lorg/gradle/internal/service/ServiceRegistrationProvider;)Lorg/gradle/internal/service/DefaultServiceRegistry;+6
j  org.gradle.internal.service.ServiceRegistryBuilder.build()Lorg/gradle/internal/service/ServiceRegistry;+93
j  org.gradle.internal.buildtree.BuildTreeState.<init>(Lorg/gradle/internal/scopeids/id/BuildInvocationScopeId;Lorg/gradle/internal/service/ServiceRegistry;Lorg/gradle/internal/buildtree/BuildTreeModelControllerServices$Supplier;)V+35
j  org.gradle.launcher.exec.BuildTreeLifecycleBuildActionExecutor.execute(Lorg/gradle/internal/invocation/BuildAction;Lorg/gradle/internal/session/BuildSessionContext;)Lorg/gradle/internal/buildtree/BuildActionRunner$Result;+61
j  org.gradle.launcher.exec.RunAsBuildOperationBuildActionExecutor$3.call(Lorg/gradle/internal/operations/BuildOperationContext;)Lorg/gradle/internal/buildtree/BuildActionRunner$Result;+25
j  org.gradle.launcher.exec.RunAsBuildOperationBuildActionExecutor$3.call(Lorg/gradle/internal/operations/BuildOperationContext;)Ljava/lang/Object;+2
j  org.gradle.internal.operations.DefaultBuildOperationRunner$CallableBuildOperationWorker.execute(Lorg/gradle/internal/operations/CallableBuildOperation;Lorg/gradle/internal/operations/BuildOperationContext;)V+3
j  org.gradle.internal.operations.DefaultBuildOperationRunner$CallableBuildOperationWorker.execute(Lorg/gradle/internal/operations/BuildOperation;Lorg/gradle/internal/operations/BuildOperationContext;)V+6
j  org.gradle.internal.operations.DefaultBuildOperationRunner$2.execute(Lorg/gradle/internal/operations/BuildOperationDescriptor;Lorg/gradle/internal/operations/BuildOperationState;Lorg/gradle/internal/operations/BuildOperationState;Lorg/gradle/internal/operations/DefaultBuildOperationRunner$ReadableBuildOperationContext;Lorg/gradle/internal/operations/DefaultBuildOperationRunner$BuildOperationExecutionListener;)Lorg/gradle/internal/operations/BuildOperation;+22
j  org.gradle.internal.operations.DefaultBuildOperationRunner$2.execute(Lorg/gradle/internal/operations/BuildOperationDescriptor;Lorg/gradle/internal/operations/BuildOperationState;Lorg/gradle/internal/operations/BuildOperationState;Lorg/gradle/internal/operations/DefaultBuildOperationRunner$ReadableBuildOperationContext;Lorg/gradle/internal/operations/DefaultBuildOperationRunner$BuildOperationExecutionListener;)Ljava/lang/Object;+8
j  org.gradle.internal.operations.DefaultBuildOperationRunner.execute(Lorg/gradle/internal/operations/BuildOperationDescriptor$Builder;Lorg/gradle/internal/operations/BuildOperationState;Lorg/gradle/internal/operations/DefaultBuildOperationRunner$BuildOperationExecution;)Ljava/lang/Object;+141
j  org.gradle.internal.operations.DefaultBuildOperationRunner.execute(Lorg/gradle/internal/operations/BuildOperation;Lorg/gradle/internal/operations/BuildOperationWorker;Lorg/gradle/internal/operations/BuildOperationState;)V+18
j  org.gradle.internal.operations.DefaultBuildOperationRunner.call(Lorg/gradle/internal/operations/CallableBuildOperation;)Ljava/lang/Object;+16
j  org.gradle.launcher.exec.RunAsBuildOperationBuildActionExecutor.execute(Lorg/gradle/internal/invocation/BuildAction;Lorg/gradle/internal/session/BuildSessionContext;)Lorg/gradle/internal/buildtree/BuildActionRunner$Result;+23
j  org.gradle.launcher.exec.RunAsWorkerThreadBuildActionExecutor.lambda$execute$0(Lorg/gradle/internal/invocation/BuildAction;Lorg/gradle/internal/session/BuildSessionContext;)Lorg/gradle/internal/buildtree/BuildActionRunner$Result;+6
j  org.gradle.launcher.exec.RunAsWorkerThreadBuildActionExecutor$$Lambda+0x000001a0812789d0.create()Ljava/lang/Object;+12
j  org.gradle.internal.work.DefaultWorkerLeaseService.withLocks(Ljava/util/Collection;Lorg/gradle/internal/Factory;)Ljava/lang/Object;+28
j  org.gradle.internal.work.DefaultWorkerLeaseService.runAsWorkerThread(Lorg/gradle/internal/Factory;)Ljava/lang/Object;+33
j  org.gradle.launcher.exec.RunAsWorkerThreadBuildActionExecutor.execute(Lorg/gradle/internal/invocation/BuildAction;Lorg/gradle/internal/session/BuildSessionContext;)Lorg/gradle/internal/buildtree/BuildActionRunner$Result;+12
j  org.gradle.tooling.internal.provider.continuous.ContinuousBuildActionExecutor.execute(Lorg/gradle/internal/invocation/BuildAction;Lorg/gradle/internal/session/BuildSessionContext;)Lorg/gradle/internal/buildtree/BuildActionRunner$Result;+58
j  org.gradle.tooling.internal.provider.SubscribableBuildActionExecutor.execute(Lorg/gradle/internal/invocation/BuildAction;Lorg/gradle/internal/session/BuildSessionContext;)Lorg/gradle/internal/buildtree/BuildActionRunner$Result;+30
j  org.gradle.internal.session.DefaultBuildSessionContext.execute(Lorg/gradle/internal/invocation/BuildAction;)Lorg/gradle/internal/buildtree/BuildActionRunner$Result;+64
j  org.gradle.internal.buildprocess.execution.BuildSessionLifecycleBuildActionExecutor$ActionImpl.apply(Lorg/gradle/internal/session/BuildSessionContext;)Lorg/gradle/launcher/exec/BuildActionResult;+6
j  org.gradle.internal.buildprocess.execution.BuildSessionLifecycleBuildActionExecutor$ActionImpl.apply(Ljava/lang/Object;)Ljava/lang/Object;+5
j  org.gradle.internal.session.BuildSessionState.run(Ljava/util/function/Function;)Ljava/lang/Object;+5
j  org.gradle.internal.buildprocess.execution.BuildSessionLifecycleBuildActionExecutor.execute(Lorg/gradle/internal/invocation/BuildAction;Lorg/gradle/launcher/exec/BuildActionParameters;Lorg/gradle/initialization/BuildRequestContext;)Lorg/gradle/launcher/exec/BuildActionResult;+95
j  org.gradle.internal.buildprocess.execution.BuildSessionLifecycleBuildActionExecutor.execute(Lorg/gradle/internal/invocation/BuildAction;Ljava/lang/Object;Ljava/lang/Object;)Lorg/gradle/launcher/exec/BuildActionResult;+10
j  org.gradle.internal.buildprocess.execution.StartParamsValidatingActionExecutor.execute(Lorg/gradle/internal/invocation/BuildAction;Lorg/gradle/launcher/exec/BuildActionParameters;Lorg/gradle/initialization/BuildRequestContext;)Lorg/gradle/launcher/exec/BuildActionResult;+203
j  org.gradle.internal.buildprocess.execution.StartParamsValidatingActionExecutor.execute(Lorg/gradle/internal/invocation/BuildAction;Ljava/lang/Object;Ljava/lang/Object;)Lorg/gradle/launcher/exec/BuildActionResult;+10
j  org.gradle.internal.buildprocess.execution.SessionFailureReportingActionExecutor.execute(Lorg/gradle/internal/invocation/BuildAction;Lorg/gradle/launcher/exec/BuildActionParameters;Lorg/gradle/initialization/BuildRequestContext;)Lorg/gradle/launcher/exec/BuildActionResult;+7
j  org.gradle.internal.buildprocess.execution.SessionFailureReportingActionExecutor.execute(Lorg/gradle/internal/invocation/BuildAction;Ljava/lang/Object;Ljava/lang/Object;)Lorg/gradle/launcher/exec/BuildActionResult;+10
j  org.gradle.internal.buildprocess.execution.SetupLoggingActionExecutor.execute(Lorg/gradle/internal/invocation/BuildAction;Lorg/gradle/launcher/exec/BuildActionParameters;Lorg/gradle/initialization/BuildRequestContext;)Lorg/gradle/launcher/exec/BuildActionResult;+50
j  org.gradle.internal.buildprocess.execution.SetupLoggingActionExecutor.execute(Lorg/gradle/internal/invocation/BuildAction;Ljava/lang/Object;Ljava/lang/Object;)Lorg/gradle/launcher/exec/BuildActionResult;+10
j  org.gradle.launcher.daemon.server.exec.ExecuteBuild.doBuild(Lorg/gradle/launcher/daemon/server/api/DaemonCommandExecution;Lorg/gradle/launcher/daemon/protocol/Build;)V+147
j  org.gradle.launcher.daemon.server.exec.BuildCommandOnly.execute(Lorg/gradle/launcher/daemon/server/api/DaemonCommandExecution;)V+49
j  org.gradle.launcher.daemon.server.api.DaemonCommandExecution.proceed()Z+23
j  org.gradle.launcher.daemon.server.exec.WatchForDisconnection.execute(Lorg/gradle/launcher/daemon/server/api/DaemonCommandExecution;)V+19
j  org.gradle.launcher.daemon.server.api.DaemonCommandExecution.proceed()Z+23
j  org.gradle.launcher.daemon.server.exec.ResetDeprecationLogger.execute(Lorg/gradle/launcher/daemon/server/api/DaemonCommandExecution;)V+7
j  org.gradle.launcher.daemon.server.api.DaemonCommandExecution.proceed()Z+23
j  org.gradle.launcher.daemon.server.exec.RequestStopIfSingleUsedDaemon.execute(Lorg/gradle/launcher/daemon/server/api/DaemonCommandExecution;)V+33
j  org.gradle.launcher.daemon.server.api.DaemonCommandExecution.proceed()Z+23
j  org.gradle.launcher.daemon.server.exec.ForwardClientInput.lambda$execute$0(Lorg/gradle/launcher/daemon/server/api/DaemonCommandExecution;Lorg/gradle/internal/daemon/clientinput/StdinHandler;)Ljava/lang/Object;+11
j  org.gradle.launcher.daemon.server.exec.ForwardClientInput$$Lambda+0x000001a08118b098.apply(Ljava/lang/Object;)Ljava/lang/Object;+8
j  org.gradle.internal.daemon.clientinput.ClientInputForwarder.forwardInput(Ljava/util/function/Function;)Ljava/lang/Object;+46
j  org.gradle.launcher.daemon.server.exec.ForwardClientInput.execute(Lorg/gradle/launcher/daemon/server/api/DaemonCommandExecution;)V+10
j  org.gradle.launcher.daemon.server.api.DaemonCommandExecution.proceed()Z+23
j  org.gradle.launcher.daemon.server.exec.LogAndCheckHealth.execute(Lorg/gradle/launcher/daemon/server/api/DaemonCommandExecution;)V+51
j  org.gradle.launcher.daemon.server.api.DaemonCommandExecution.proceed()Z+23
j  org.gradle.launcher.daemon.server.exec.LogToClient.doBuild(Lorg/gradle/launcher/daemon/server/api/DaemonCommandExecution;Lorg/gradle/launcher/daemon/protocol/Build;)V+87
j  org.gradle.launcher.daemon.server.exec.BuildCommandOnly.execute(Lorg/gradle/launcher/daemon/server/api/DaemonCommandExecution;)V+49
j  org.gradle.launcher.daemon.server.api.DaemonCommandExecution.proceed()Z+23
j  org.gradle.launcher.daemon.server.exec.EstablishBuildEnvironment.doBuild(Lorg/gradle/launcher/daemon/server/api/DaemonCommandExecution;Lorg/gradle/launcher/daemon/protocol/Build;)V+356
j  org.gradle.launcher.daemon.server.exec.BuildCommandOnly.execute(Lorg/gradle/launcher/daemon/server/api/DaemonCommandExecution;)V+49
j  org.gradle.launcher.daemon.server.api.DaemonCommandExecution.proceed()Z+23
j  org.gradle.launcher.daemon.server.exec.StartBuildOrRespondWithBusy$1.run()V+44
j  org.gradle.launcher.daemon.server.DaemonStateCoordinator.lambda$runCommand$0(Ljava/lang/Runnable;)V+1
j  org.gradle.launcher.daemon.server.DaemonStateCoordinator$$Lambda+0x000001a081189a20.run()V+8
j  org.gradle.internal.concurrent.ExecutorPolicy$CatchAndRecordFailures.onExecute(Ljava/lang/Runnable;)V+1
j  org.gradle.internal.concurrent.AbstractManagedExecutor$1.run()V+25
j  java.util.concurrent.ThreadPoolExecutor.runWorker(Ljava/util/concurrent/ThreadPoolExecutor$Worker;)V+92 java.base@21.0.12.1
j  java.util.concurrent.ThreadPoolExecutor$Worker.run()V+5 java.base@21.0.12.1
j  java.lang.Thread.runWith(Ljava/lang/Object;Ljava/lang/Runnable;)V+5 java.base@21.0.12.1
j  java.lang.Thread.run()V+19 java.base@21.0.12.1
v  ~StubRoutines::call_stub 0x000001a0edc7100d

Compiled method (n/a) 51651  829     n 0       java.lang.ClassLoader::defineClass1 (native)
 total in heap  [0x000001a0ee26c110,0x000001a0ee26c6a8] = 1432
 relocation     [0x000001a0ee26c270,0x000001a0ee26c2a8] = 56
 main code      [0x000001a0ee26c2c0,0x000001a0ee26c6a1] = 993
 stub code      [0x000001a0ee26c6a1,0x000001a0ee26c6a8] = 7

[Constant Pool (empty)]

[MachCode]
[Entry Point]
  # {method} {0x000001a080434c38} 'defineClass1' '(Ljava/lang/ClassLoader;Ljava/lang/String;[BIILjava/security/ProtectionDomain;Ljava/lang/String;)Ljava/lang/Class;' in 'java/lang/ClassLoader'
  # parm0:    rdx:rdx   = 'java/lang/ClassLoader'
  # parm1:    r8:r8     = 'java/lang/String'
  # parm2:    r9:r9     = '[B'
  # parm3:    rdi       = int
  # parm4:    rsi       = int
  # parm5:    rcx:rcx   = 'java/security/ProtectionDomain'
  # parm6:    [sp+0xa0]   = 'java/lang/String'  (sp of caller)
  0x000001a0ee26c2c0: 448b 5208 | 49bb 0000 | 0080 a001 | 0000 4d03 | d349 3bc2 | 0f84 0600 

  0x000001a0ee26c2d8: ;   {runtime_call ic_miss_stub}
  0x000001a0ee26c2d8: 0000 e9a1 | 24a5 ff90 
[Verified Entry Point]
  0x000001a0ee26c2e0: 8984 2400 | 80ff ff55 | 488b ec48 | 81ec 9000 | 0000 6690 | 4181 7f20 | 0100 0000 

  0x000001a0ee26c2fc: ;   {runtime_call StubRoutines (final stubs)}
  0x000001a0ee26c2fc: 7405 e89d | a1a3 ff48 | 837d 1000 | 488d 4510 | 480f 4445 | 1048 8944 | 2440 4889 | 4c24 7048 
  0x000001a0ee26c31c: 83f9 0048 | 8d44 2470 | 480f 4444 | 2470 4889 | 4424 3848 | 8974 2430 | 4889 7c24 | 284c 894c 
  0x000001a0ee26c33c: 2458 4983 | f900 488d | 4424 5848 | 0f44 4424 | 5848 8944 | 2420 4c89 | 4424 5049 | 83f8 004c 
  0x000001a0ee26c35c: 8d4c 2450 | 4c0f 444c | 2450 4889 | 5424 4848 | 83fa 004c | 8d44 2448 | 4c0f 4444 

  0x000001a0ee26c378: ;   {oop(a 'java/lang/Class'{0x00000000e08702d8} = 'java/lang/ClassLoader')}
  0x000001a0ee26c378: 2448 49be | d802 87e0 | 0000 0000 | 4c89 7424 | 784c 8d74 | 2478 498b | d6c5 f877 

  0x000001a0ee26c394: ;   {internal_word}
  0x000001a0ee26c394: 49ba 91c3 | 26ee a001 | 0000 4d89 | 97a8 0300 | 0049 89a7 | a003 0000 

  0x000001a0ee26c3ac: ;   {external_word}
  0x000001a0ee26c3ac: 49ba 066d | d7a9 f97f | 0000 4180 | 3a00 0f84 | 4e00 0000 | 5241 5041 

  0x000001a0ee26c3c4: ;   {metadata({method} {0x000001a080434c38} 'defineClass1' '(Ljava/lang/ClassLoader;Ljava/lang/String;[BIILjava/security/ProtectionDomain;Ljava/lang/String;)Ljava/lang/Class;' in 'java/lang/ClassLoader')}
  0x000001a0ee26c3c4: 5148 ba30 | 4c43 80a0 | 0100 0049 | 8bcf 4883 | ec20 40f6 | c40f 0f84 | 1900 0000 | 4883 ec08 
  0x000001a0ee26c3e4: ;   {runtime_call}
  0x000001a0ee26c3e4: 48b8 e0ea | 80a9 f97f | 0000 ffd0 | 4883 c408 | e90c 0000 

  0x000001a0ee26c3f8: ;   {runtime_call}
  0x000001a0ee26c3f8: 0048 b8e0 | ea80 a9f9 | 7f00 00ff | d048 83c4 | 2041 5941 | 585a 498d | 8fc0 0300 | 0041 c787 
  0x000001a0ee26c418: 4c04 0000 | 0400 0000 

  0x000001a0ee26c420: ;   {runtime_call}
  0x000001a0ee26c420: 48b8 ac16 | 3854 fa7f | 0000 ffd0 | c5f8 7741 | c787 4c04 | 0000 0500 | 0000 f083 | 4424 c000 
  0x000001a0ee26c440: 493b af50 | 0400 000f | 870e 0000 | 0041 83bf | 4804 0000 | 000f 842b | 0000 00c5 | f877 4889 
  0x000001a0ee26c460: 45f8 498b | cf4c 8be4 | 4883 ec20 | 4883 e4f0 

  0x000001a0ee26c470: ;   {runtime_call}
  0x000001a0ee26c470: 48b8 0058 | 4ca9 f97f | 0000 ffd0 | 498b e44d | 33e4 488b | 45f8 41c7 | 874c 0400 | 0008 0000 
  0x000001a0ee26c490: 0041 83bf | c804 0000 | 020f 84d5 

  0x000001a0ee26c49c: ;   {external_word}
  0x000001a0ee26c49c: 0100 0049 | ba06 6dd7 | a9f9 7f00 | 0041 803a | 000f 844c | 0000 0048 

  0x000001a0ee26c4b4: ;   {metadata({method} {0x000001a080434c38} 'defineClass1' '(Ljava/lang/ClassLoader;Ljava/lang/String;[BIILjava/security/ProtectionDomain;Ljava/lang/String;)Ljava/lang/Class;' in 'java/lang/ClassLoader')}
  0x000001a0ee26c4b4: 8945 f848 | ba30 4c43 | 80a0 0100 | 0049 8bcf | 4883 ec20 | 40f6 c40f | 0f84 1900 | 0000 4883 
  0x000001a0ee26c4d4: ;   {runtime_call}
  0x000001a0ee26c4d4: ec08 48b8 | e0ea 80a9 | f97f 0000 | ffd0 4883 | c408 e90c 

  0x000001a0ee26c4e8: ;   {runtime_call}
  0x000001a0ee26c4e8: 0000 0048 | b8e0 ea80 | a9f9 7f00 | 00ff d048 | 83c4 2048 | 8b45 f849 | c787 a003 | 0000 0000 
  0x000001a0ee26c508: 0000 49c7 | 87a8 0300 | 0000 0000 | 00c5 f877 | 4885 c00f | 8430 0100 | 00a8 030f | 8508 0000 
  0x000001a0ee26c528: 0048 8b00 | e920 0100 | 00a8 010f | 8509 0000 | 0048 8b40 | fee9 0f01 | 0000 488b | 40ff 4180 
  0x000001a0ee26c548: 7f40 000f | 8400 0100 | 0048 83f8 | 000f 84f6 | 0000 0049 | 8b4f 2848 | 83f9 000f | 8414 0000 
  0x000001a0ee26c568: 0048 83e9 | 0849 894f | 2849 034f | 3848 8901 | e9d4 0000 | 0048 83ec | 7048 8904 | 2448 894c 
  0x000001a0ee26c588: 2408 4889 | 5424 104c | 8944 2418 | 4c89 4c24 | 204c 8954 | 2428 4c89 | 5c24 30c5 | fb11 4424 
  0x000001a0ee26c5a8: 40c5 fb11 | 4c24 48c5 | fb11 5424 | 50c5 fb11 | 5c24 58c5 | fb11 6424 | 60c5 fb11 | 6c24 6849 
  0x000001a0ee26c5c8: 8bd7 488b | c848 83ec | 2040 f6c4 | 0f0f 8419 | 0000 0048 

  0x000001a0ee26c5dc: ;   {runtime_call}
  0x000001a0ee26c5dc: 83ec 0848 | b820 a43f | a9f9 7f00 | 00ff d048 | 83c4 08e9 | 0c00 0000 

  0x000001a0ee26c5f4: ;   {runtime_call}
  0x000001a0ee26c5f4: 48b8 20a4 | 3fa9 f97f | 0000 ffd0 | 4883 c420 | c5fb 106c | 2468 c5fb | 1064 2460 | c5fb 105c 
  0x000001a0ee26c614: 2458 c5fb | 1054 2450 | c5fb 104c | 2448 c5fb | 1044 2440 | 4c8b 5c24 | 304c 8b54 | 2428 4c8b 
  0x000001a0ee26c634: 4c24 204c | 8b44 2418 | 488b 5424 | 1048 8b4c | 2408 488b | 0424 4883 | c470 c5f8 | 7749 8b8f 
  0x000001a0ee26c654: 3004 0000 | c781 0001 | 0000 0000 | 0000 c949 | 837f 0800 | 0f85 0100 

  0x000001a0ee26c66c: ;   {runtime_call StubRoutines (initial stubs)}
  0x000001a0ee26c66c: 0000 c3e9 | 8c48 a0ff | c5f8 7748 | 8945 f84c | 8be4 4883 | ec20 4883 

  0x000001a0ee26c684: ;   {runtime_call}
  0x000001a0ee26c684: e4f0 48b8 | 3022 81a9 | f97f 0000 | ffd0 498b | e44d 33e4 | 488b 45f8 | e9fe fdff | fff4 f4f4 
  0x000001a0ee26c6a4: f4f4 f4f4 
[/MachCode]


Compiled method (c1) 51682 1062       3       java.lang.ClassLoader::defineClass (43 bytes)
 total in heap  [0x000001a0e690f290,0x000001a0e690fbe0] = 2384
 relocation     [0x000001a0e690f3f0,0x000001a0e690f490] = 160
 main code      [0x000001a0e690f4a0,0x000001a0e690f938] = 1176
 stub code      [0x000001a0e690f938,0x000001a0e690f9b0] = 120
 metadata       [0x000001a0e690f9b0,0x000001a0e690f9e0] = 48
 scopes data    [0x000001a0e690f9e0,0x000001a0e690fad0] = 240
 scopes pcs     [0x000001a0e690fad0,0x000001a0e690fbb0] = 224
 dependencies   [0x000001a0e690fbb0,0x000001a0e690fbb8] = 8
 nul chk table  [0x000001a0e690fbb8,0x000001a0e690fbe0] = 40

[Constant Pool (empty)]

[MachCode]
[Entry Point]
  # {method} {0x000001a080434fb8} 'defineClass' '(Ljava/lang/String;[BIILjava/security/ProtectionDomain;)Ljava/lang/Class;' in 'java/lang/ClassLoader'
  # this:     rdx:rdx   = 'java/lang/ClassLoader'
  # parm0:    r8:r8     = 'java/lang/String'
  # parm1:    r9:r9     = '[B'
  # parm2:    rdi       = int
  # parm3:    rsi       = int
  # parm4:    rcx:rcx   = 'java/security/ProtectionDomain'
  #           [sp+0xc0]  (sp of caller)
  0x000001a0e690f4a0: 448b 5208 | 49bb 0000 | 0080 a001 | 0000 4d03 | d34c 3bd0 

  0x000001a0e690f4b4: ;   {runtime_call ic_miss_stub}
  0x000001a0e690f4b4: 0f85 c6f2 | 3a07 660f | 1f44 0000 
[Verified Entry Point]
  0x000001a0e690f4c0: 8984 2400 | 80ff ff55 | 4881 ecb0 | 0000 0090 | 4181 7f20 | 0100 0000 

  0x000001a0e690f4d8: ;   {runtime_call StubRoutines (final stubs)}
  0x000001a0e690f4d8: 7405 e8c1 | 6f39 0748 | 8954 2478 

  0x000001a0e690f4e4: ;   {metadata(method data for {method} {0x000001a080434fb8} 'defineClass' '(Ljava/lang/String;[BIILjava/security/ProtectionDomain;)Ljava/lang/Class;' in 'java/lang/ClassLoader')}
  0x000001a0e690f4e4: 48bb 7044 | 18fa a001 | 0000 8b83 | cc00 0000 | 83c0 0289 | 83cc 0000 | 0025 fe07 | 0000 85c0 
  0x000001a0e690f504: 0f84 5003 | 0000 89b4 | 2494 0000 | 0089 bc24 | 9000 0000 | 4c89 8c24 | 8800 0000 

  0x000001a0e690f520: ;   {metadata(method data for {method} {0x000001a080434fb8} 'defineClass' '(Ljava/lang/String;[BIILjava/security/ProtectionDomain;)Ljava/lang/Class;' in 'java/lang/ClassLoader')}
  0x000001a0e690f520: 488b da48 | b870 4418 | faa0 0100 | 0048 8380 | 1001 0000 | 0149 8bd8 | 4c8b c34c | 8bc9 488b 
  0x000001a0e690f540: ca48 8bd1 | 4889 9c24 | 8000 0000 

  0x000001a0e690f54c: ;   {optimized virtual_call}
  0x000001a0e690f54c: 6666 90e8 

  0x000001a0e690f550: ; ImmutableOopMap {[120]=Oop [128]=Oop [136]=Oop }
                      ;*invokevirtual preDefineClass {reexecute=0 rethrow=0 return_oop=0}
                      ; - java.lang.ClassLoader::defineClass@4
  0x000001a0e690f550: ccf3 0800 

  0x000001a0e690f554: ;   {other}
  0x000001a0e690f554: 0f1f 8400 | c402 0000 | 4889 8424 | 9800 0000 | 488b 5424 

  0x000001a0e690f568: ;   {metadata(method data for {method} {0x000001a080434fb8} 'defineClass' '(Ljava/lang/String;[BIILjava/security/ProtectionDomain;)Ljava/lang/Class;' in 'java/lang/ClassLoader')}
  0x000001a0e690f568: 7849 b870 | 4418 faa0 | 0100 0049 | 8380 4801 

  0x000001a0e690f578: ;   {metadata(method data for {method} {0x000001a080434ca0} 'defineClassSourceLocation' '(Ljava/security/ProtectionDomain;)Ljava/lang/String;' in 'java/lang/ClassLoader')}
  0x000001a0e690f578: 0000 0149 | b888 4b18 | faa0 0100 | 0041 8b90 | cc00 0000 | 83c2 0241 | 8990 cc00 | 0000 81e2 
  0x000001a0e690f598: feff 1f00 | 85d2 0f84 | d702 0000 

  0x000001a0e690f5a4: ; implicit exception: dispatches to 0x000001a0e690f89c
  0x000001a0e690f5a4: 483b 004c 

  0x000001a0e690f5a8: ;   {metadata(method data for {method} {0x000001a080434ca0} 'defineClassSourceLocation' '(Ljava/security/ProtectionDomain;)Ljava/lang/String;' in 'java/lang/ClassLoader')}
  0x000001a0e690f5a8: 8bc0 48ba | 884b 18fa | a001 0000 | 4883 8210 | 0100 0001 | 448b 4010 

  0x000001a0e690f5c0: ;   {metadata(method data for {method} {0x000001a080434ca0} 'defineClassSourceLocation' '(Ljava/security/ProtectionDomain;)Ljava/lang/String;' in 'java/lang/ClassLoader')}
  0x000001a0e690f5c0: 4d85 c048 | ba88 4b18 | faa0 0100 | 0048 c7c6 | 5801 0000 | 7507 48c7 | c648 0100 | 0048 8b3c 
  0x000001a0e690f5e0: 3248 8d7f | 0148 893c | 320f 850f 

  0x000001a0e690f5ec: ;   {oop(nullptr)}
  0x000001a0e690f5ec: 0000 0048 | bb00 0000 | 0000 0000 | 00e9 a101 | 0000 493b | 0049 8bd0 

  0x000001a0e690f604: ;   {metadata(method data for {method} {0x000001a080434ca0} 'defineClassSourceLocation' '(Ljava/security/ProtectionDomain;)Ljava/lang/String;' in 'java/lang/ClassLoader')}
  0x000001a0e690f604: 48be 884b | 18fa a001 | 0000 4883 | 8668 0100 | 0001 418b | 500c 4885 

  0x000001a0e690f61c: ;   {metadata(method data for {method} {0x000001a080434ca0} 'defineClassSourceLocation' '(Ljava/security/ProtectionDomain;)Ljava/lang/String;' in 'java/lang/ClassLoader')}
  0x000001a0e690f61c: d248 be88 | 4b18 faa0 | 0100 0048 | c7c7 b001 | 0000 7507 | 48c7 c7a0 | 0100 0048 | 8b1c 3e48 
  0x000001a0e690f63c: 8d5b 0148 | 891c 3e0f | 850f 0000 

  0x000001a0e690f648: ;   {oop(nullptr)}
  0x000001a0e690f648: 0048 bb00 | 0000 0000 | 0000 00e9 | 4701 0000 

  0x000001a0e690f658: ;   {metadata(method data for {method} {0x000001a080434ca0} 'defineClassSourceLocation' '(Ljava/security/ProtectionDomain;)Ljava/lang/String;' in 'java/lang/ClassLoader')}
  0x000001a0e690f658: 48be 884b | 18fa a001 | 0000 4883 | 86c0 0100 | 0001 483b | 024c 8bc2 

  0x000001a0e690f670: ;   {metadata(method data for {method} {0x000001a080434ca0} 'defineClassSourceLocation' '(Ljava/security/ProtectionDomain;)Ljava/lang/String;' in 'java/lang/ClassLoader')}
  0x000001a0e690f670: 48be 884b | 18fa a001 | 0000 4883 | 86f8 0100 

  0x000001a0e690f680: ;   {metadata(method data for {method} {0x000001a08001abf0} 'toString' '()Ljava/lang/String;' in 'java/net/URL')}
  0x000001a0e690f680: 0001 49b8 | 808d 0efa | a001 0000 | 418b b0cc | 0000 0083 | c602 4189 | b0cc 0000 | 0081 e6fe 
  0x000001a0e690f6a0: ff1f 0085 | f60f 8400 | 0200 004c 

  0x000001a0e690f6ac: ;   {metadata(method data for {method} {0x000001a08001abf0} 'toString' '()Ljava/lang/String;' in 'java/net/URL')}
  0x000001a0e690f6ac: 8bc2 48be | 808d 0efa | a001 0000 | 4883 8610 | 0100 0001 

  0x000001a0e690f6c0: ;   {metadata(method data for {method} {0x000001a080428840} 'toExternalForm' '()Ljava/lang/String;' in 'java/net/URL')}
  0x000001a0e690f6c0: 49b8 088f | 0efa a001 | 0000 418b | b0cc 0000 | 0083 c602 | 4189 b0cc | 0000 0081 | e6fe ff1f 
  0x000001a0e690f6e0: 0085 f60f | 84e3 0100 | 008b 7238 

  0x000001a0e690f6ec: ; implicit exception: dispatches to 0x000001a0e690f8ed
  0x000001a0e690f6ec: 483b 064c 

  0x000001a0e690f6f0: ;   {metadata(method data for {method} {0x000001a080428840} 'toExternalForm' '()Ljava/lang/String;' in 'java/net/URL')}
  0x000001a0e690f6f0: 8bc6 48bf | 088f 0efa | a001 0000 | 458b 4008 | 49ba 0000 | 0080 a001 | 0000 4d03 | c24c 3b87 
  0x000001a0e690f710: 2001 0000 | 750d 4883 | 8728 0100 | 0001 e960 | 0000 004c | 3b87 3001 | 0000 750d | 4883 8738 
  0x000001a0e690f730: 0100 0001 | e94a 0000 | 0048 83bf | 2001 0000 | 0075 174c | 8987 2001 | 0000 48c7 | 8728 0100 
  0x000001a0e690f750: 0001 0000 | 00e9 2900 | 0000 4883 | bf30 0100 | 0000 7517 | 4c89 8730 | 0100 0048 | c787 3801 
  0x000001a0e690f770: 0000 0100 | 0000 e908 | 0000 0048 | 8387 1001 | 0000 014c | 8bc2 488b | d666 0f1f 

  0x000001a0e690f78c: ;   {optimized virtual_call}
  0x000001a0e690f78c: 4400 00e8 

  0x000001a0e690f790: ; ImmutableOopMap {[120]=Oop [128]=Oop [136]=Oop [152]=Oop }
                      ;*invokevirtual toExternalForm {reexecute=0 rethrow=0 return_oop=0}
                      ; - java.net.URL::toExternalForm@5
                      ; - java.net.URL::toString@1
                      ; - java.lang.ClassLoader::defineClassSourceLocation@22
                      ; - java.lang.ClassLoader::defineClass@12
  0x000001a0e690f790: 8cbd fbff 

  0x000001a0e690f794: ;   {other}
  0x000001a0e690f794: 0f1f 8400 | 0405 0001 | 488b d848 | 8b84 2498 | 0000 008b | b424 9400 | 0000 8bbc | 2490 0000 
  0x000001a0e690f7b4: 004c 8b8c | 2488 0000 | 004c 8b84 | 2480 0000 | 0048 8b54 

  0x000001a0e690f7c8: ;   {metadata(method data for {method} {0x000001a080434fb8} 'defineClass' '(Ljava/lang/String;[BIILjava/security/ProtectionDomain;)Ljava/lang/Class;' in 'java/lang/ClassLoader')}
  0x000001a0e690f7c8: 2478 48b9 | 7044 18fa | a001 0000 | 4883 8180 | 0100 0001 | 4c8b da49 | 8bd3 488b | c848 891c 
  0x000001a0e690f7e8: 2466 0f1f 

  0x000001a0e690f7ec: ;   {static_call}
  0x000001a0e690f7ec: 4400 00e8 

  0x000001a0e690f7f0: ; ImmutableOopMap {[120]=Oop [152]=Oop }
                      ;*invokestatic defineClass1 {reexecute=0 rethrow=0 return_oop=0}
                      ; - java.lang.ClassLoader::defineClass@27
  0x000001a0e690f7f0: ecca 9507 

  0x000001a0e690f7f4: ;   {other}
  0x000001a0e690f7f4: 0f1f 8400 | 6405 0002 | 488b 5424 

  0x000001a0e690f800: ;   {metadata(method data for {method} {0x000001a080434fb8} 'defineClass' '(Ljava/lang/String;[BIILjava/security/ProtectionDomain;)Ljava/lang/Class;' in 'java/lang/ClassLoader')}
  0x000001a0e690f800: 7849 b870 | 4418 faa0 | 0100 0049 | 8380 9001 | 0000 014c | 8bc0 4c8b | 8c24 9800 | 0000 488b 
  0x000001a0e690f820: 5424 7848 | 8984 24a0 | 0000 000f 

  0x000001a0e690f82c: ;   {optimized virtual_call}
  0x000001a0e690f82c: 1f40 00e8 

  0x000001a0e690f830: ; ImmutableOopMap {[160]=Oop }
                      ;*invokevirtual postDefineClass {reexecute=0 rethrow=0 return_oop=0}
                      ; - java.lang.ClassLoader::defineClass@37
  0x000001a0e690f830: ecc5 fdff 

  0x000001a0e690f834: ;   {other}
  0x000001a0e690f834: 0f1f 8400 | a405 0003 | 488b 8424 | a000 0000 | 4881 c4b0 | 0000 005d 

  0x000001a0e690f84c: ;   {poll_return}
  0x000001a0e690f84c: 493b a750 | 0400 000f | 8799 0000 

  0x000001a0e690f858: ;   {metadata({method} {0x000001a080434fb8} 'defineClass' '(Ljava/lang/String;[BIILjava/security/ProtectionDomain;)Ljava/lang/Class;' in 'java/lang/ClassLoader')}
  0x000001a0e690f858: 00c3 49ba | b04f 4380 | a001 0000 | 4c89 5424 | 0848 c704 | 24ff ffff 

  0x000001a0e690f870: ;   {runtime_call counter_overflow Runtime1 stub}
  0x000001a0e690f870: ffe8 0a58 

  0x000001a0e690f874: ; ImmutableOopMap {rdx=Oop r8=Oop r9=Oop rcx=Oop [120]=Oop }
                      ;*synchronization entry
                      ; - java.lang.ClassLoader::defineClass@-1
  0x000001a0e690f874: 4707 e98f 

  0x000001a0e690f878: ;   {metadata({method} {0x000001a080434ca0} 'defineClassSourceLocation' '(Ljava/security/ProtectionDomain;)Ljava/lang/String;' in 'java/lang/ClassLoader')}
  0x000001a0e690f878: fcff ff49 | ba98 4c43 | 80a0 0100 | 004c 8954 | 2408 48c7 | 0424 ffff 

  0x000001a0e690f890: ;   {runtime_call counter_overflow Runtime1 stub}
  0x000001a0e690f890: ffff e8e9 

  0x000001a0e690f894: ; ImmutableOopMap {rax=Oop [120]=Oop [128]=Oop [136]=Oop [152]=Oop }
                      ;*synchronization entry
                      ; - java.lang.ClassLoader::defineClassSourceLocation@-1
                      ; - java.lang.ClassLoader::defineClass@12
  0x000001a0e690f894: 5747 07e9 | 08fd ffff 

  0x000001a0e690f89c: ;   {runtime_call throw_null_pointer_exception Runtime1 stub}
  0x000001a0e690f89c: e8df 0247 

  0x000001a0e690f8a0: ; ImmutableOopMap {rax=Oop [120]=Oop [128]=Oop [136]=Oop [152]=Oop }
                      ;*invokevirtual getCodeSource {reexecute=0 rethrow=0 return_oop=0}
                      ; - java.lang.ClassLoader::defineClassSourceLocation@1
                      ; - java.lang.ClassLoader::defineClass@12
                      ;   {runtime_call throw_null_pointer_exception Runtime1 stub}
  0x000001a0e690f8a0: 07e8 da02 

  0x000001a0e690f8a4: ; ImmutableOopMap {rax=Oop r8=Oop [120]=Oop [128]=Oop [136]=Oop [152]=Oop }
                      ;*invokevirtual getLocation {reexecute=0 rethrow=0 return_oop=0}
                      ; - java.lang.ClassLoader::defineClassSourceLocation@12
                      ; - java.lang.ClassLoader::defineClass@12
                      ;   {runtime_call throw_null_pointer_exception Runtime1 stub}
  0x000001a0e690f8a4: 4707 e8d5 

  0x000001a0e690f8a8: ; ImmutableOopMap {rdx=Oop [120]=Oop [128]=Oop [136]=Oop [152]=Oop }
                      ;*invokevirtual toString {reexecute=0 rethrow=0 return_oop=0}
                      ; - java.lang.ClassLoader::defineClassSourceLocation@22
                      ; - java.lang.ClassLoader::defineClass@12
                      ;   {metadata({method} {0x000001a08001abf0} 'toString' '()Ljava/lang/String;' in 'java/net/URL')}
  0x000001a0e690f8a8: 0247 0749 | bae8 ab01 | 80a0 0100 | 004c 8954 | 2408 48c7 | 0424 ffff 

  0x000001a0e690f8c0: ;   {runtime_call counter_overflow Runtime1 stub}
  0x000001a0e690f8c0: ffff e8b9 

  0x000001a0e690f8c4: ; ImmutableOopMap {rdx=Oop [120]=Oop [128]=Oop [136]=Oop [152]=Oop }
                      ;*synchronization entry
                      ; - java.net.URL::toString@-1
                      ; - java.lang.ClassLoader::defineClassSourceLocation@22
                      ; - java.lang.ClassLoader::defineClass@12
  0x000001a0e690f8c4: 5747 07e9 | dffd ffff 

  0x000001a0e690f8cc: ;   {metadata({method} {0x000001a080428840} 'toExternalForm' '()Ljava/lang/String;' in 'java/net/URL')}
  0x000001a0e690f8cc: 49ba 3888 | 4280 a001 | 0000 4c89 | 5424 0848 | c704 24ff 

  0x000001a0e690f8e0: ;   {runtime_call counter_overflow Runtime1 stub}
  0x000001a0e690f8e0: ffff ffe8 

  0x000001a0e690f8e4: ; ImmutableOopMap {rdx=Oop [120]=Oop [128]=Oop [136]=Oop [152]=Oop }
                      ;*synchronization entry
                      ; - java.net.URL::toExternalForm@-1
                      ; - java.net.URL::toString@1
                      ; - java.lang.ClassLoader::defineClassSourceLocation@22
                      ; - java.lang.ClassLoader::defineClass@12
  0x000001a0e690f8e4: 9857 4707 | e9fc fdff 

  0x000001a0e690f8ec: ;   {runtime_call throw_null_pointer_exception Runtime1 stub}
  0x000001a0e690f8ec: ffe8 8e02 

  0x000001a0e690f8f0: ; ImmutableOopMap {rdx=Oop rsi=Oop [120]=Oop [128]=Oop [136]=Oop [152]=Oop }
                      ;*invokevirtual toExternalForm {reexecute=0 rethrow=0 return_oop=0}
                      ; - java.net.URL::toExternalForm@5
                      ; - java.net.URL::toString@1
                      ; - java.lang.ClassLoader::defineClassSourceLocation@22
                      ; - java.lang.ClassLoader::defineClass@12
                      ;   {internal_word}
  0x000001a0e690f8f0: 4707 49ba | 4cf8 90e6 | a001 0000 | 4d89 9768 

  0x000001a0e690f900: ;   {runtime_call SafepointBlob}
  0x000001a0e690f900: 0400 00e9 | 785b 3b07 | 498b 8700 | 0500 0049 | c787 0005 | 0000 0000 | 0000 49c7 | 8708 0500 
  0x000001a0e690f920: 0000 0000 | 0048 81c4 | b000 0000 

  0x000001a0e690f92c: ;   {runtime_call unwind_exception Runtime1 stub}
  0x000001a0e690f92c: 5de9 cecc | 3d07 f4f4 | f4f4 f4f4 
[Stub Code]
  0x000001a0e690f938: ;   {no_reloc}
  0x000001a0e690f938: 0f1f 4400 

  0x000001a0e690f93c: ;   {static_stub}
  0x000001a0e690f93c: 0048 bb00 | 0000 0000 

  0x000001a0e690f944: ;   {runtime_call nmethod}
  0x000001a0e690f944: 0000 00e9 | fbff ffff 

  0x000001a0e690f94c: ;   {static_stub}
  0x000001a0e690f94c: 48bb f04c | 4380 a001 

  0x000001a0e690f954: ;   {runtime_call I2C/C2I adapters}
  0x000001a0e690f954: 0000 e910 

  0x000001a0e690f958: ;   {static_stub}
  0x000001a0e690f958: b53a 0748 | bb00 0000 | 0000 0000 

  0x000001a0e690f964: ;   {runtime_call nmethod}
  0x000001a0e690f964: 00e9 fbff 

  0x000001a0e690f968: ;   {static_stub}
  0x000001a0e690f968: ffff 48bb | 0000 0000 | 0000 0000 

  0x000001a0e690f974: ;   {runtime_call nmethod}
  0x000001a0e690f974: e9fb ffff 

  0x000001a0e690f978: ;   {runtime_call handle_exception_from_callee Runtime1 stub}
  0x000001a0e690f978: ffe8 0220 

  0x000001a0e690f97c: ;   {external_word}
  0x000001a0e690f97c: 4707 48b9 | 5063 ada9 | f97f 0000 | 4883 e4f0 

  0x000001a0e690f98c: ;   {runtime_call}
  0x000001a0e690f98c: 48b8 c0c9 | 6fa9 f97f | 0000 ffd0 

  0x000001a0e690f998: ;   {section_word}
  0x000001a0e690f998: f449 ba99 | f990 e6a0 | 0100 0041 

  0x000001a0e690f9a4: ;   {runtime_call DeoptimizationBlob}
  0x000001a0e690f9a4: 52e9 764d | 3b07 f4f4 | f4f4 f4f4 
[/MachCode]


Compiled method (c1) 51733 1154       3       java.security.SecureClassLoader::defineClass (16 bytes)
 total in heap  [0x000001a0e692b890,0x000001a0e692bc90] = 1024
 relocation     [0x000001a0e692b9f0,0x000001a0e692ba40] = 80
 main code      [0x000001a0e692ba40,0x000001a0e692bb98] = 344
 stub code      [0x000001a0e692bb98,0x000001a0e692bbe8] = 80
 metadata       [0x000001a0e692bbe8,0x000001a0e692bbf0] = 8
 scopes data    [0x000001a0e692bbf0,0x000001a0e692bc38] = 72
 scopes pcs     [0x000001a0e692bc38,0x000001a0e692bc88] = 80
 dependencies   [0x000001a0e692bc88,0x000001a0e692bc90] = 8

[Constant Pool (empty)]

[MachCode]
[Entry Point]
  # {method} {0x000001a08004e0e8} 'defineClass' '(Ljava/lang/String;[BIILjava/security/CodeSource;)Ljava/lang/Class;' in 'java/security/SecureClassLoader'
  # this:     rdx:rdx   = 'java/security/SecureClassLoader'
  # parm0:    r8:r8     = 'java/lang/String'
  # parm1:    r9:r9     = '[B'
  # parm2:    rdi       = int
  # parm3:    rsi       = int
  # parm4:    rcx:rcx   = 'java/security/CodeSource'
  #           [sp+0x80]  (sp of caller)
  0x000001a0e692ba40: 448b 5208 | 49bb 0000 | 0080 a001 | 0000 4d03 | d34c 3bd0 

  0x000001a0e692ba54: ;   {runtime_call ic_miss_stub}
  0x000001a0e692ba54: 0f85 262d | 3907 660f | 1f44 0000 
[Verified Entry Point]
  0x000001a0e692ba60: 8984 2400 | 80ff ff55 | 4883 ec70 | 4181 7f20 | 0100 0000 

  0x000001a0e692ba74: ;   {runtime_call StubRoutines (final stubs)}
  0x000001a0e692ba74: 7405 e825 

  0x000001a0e692ba78: ;   {metadata(method data for {method} {0x000001a08004e0e8} 'defineClass' '(Ljava/lang/String;[BIILjava/security/CodeSource;)Ljava/lang/Class;' in 'java/security/SecureClassLoader')}
  0x000001a0e692ba78: aa37 0748 | bbe8 2918 | faa0 0100 | 008b 83cc | 0000 0083 | c002 8983 | cc00 0000 | 25fe 0700 
  0x000001a0e692ba98: 0085 c00f | 8496 0000 | 0089 7424 | 5c89 7c24 | 584c 894c | 2450 4c89 | 4424 4848 

  0x000001a0e692bab4: ;   {metadata(method data for {method} {0x000001a08004e0e8} 'defineClass' '(Ljava/lang/String;[BIILjava/security/CodeSource;)Ljava/lang/Class;' in 'java/security/SecureClassLoader')}
  0x000001a0e692bab4: 8bda 48b8 | e829 18fa | a001 0000 | 4883 8010 | 0100 0001 | 4c8b c148 | 8bc2 488b | d048 8944 
  0x000001a0e692bad4: ;   {optimized virtual_call}
  0x000001a0e692bad4: 2440 90e8 

  0x000001a0e692bad8: ; ImmutableOopMap {[64]=Oop [72]=Oop [80]=Oop }
                      ;*invokevirtual getProtectionDomain {reexecute=0 rethrow=0 return_oop=0}
                      ; - java.security.SecureClassLoader::defineClass@9
  0x000001a0e692bad8: c4a3 1100 

  0x000001a0e692badc: ;   {other}
  0x000001a0e692badc: 0f1f 8400 | 4c02 0000 | 488b 5424 

  0x000001a0e692bae8: ;   {metadata(method data for {method} {0x000001a08004e0e8} 'defineClass' '(Ljava/lang/String;[BIILjava/security/CodeSource;)Ljava/lang/Class;' in 'java/security/SecureClassLoader')}
  0x000001a0e692bae8: 4049 b8e8 | 2918 faa0 | 0100 0049 | 8380 4801 | 0000 014c | 8b44 2448 | 4c8b 4c24 | 508b 7c24 
  0x000001a0e692bb08: 588b 7424 | 5c48 8bc8 | 488b 5424 

  0x000001a0e692bb14: ;   {optimized virtual_call}
  0x000001a0e692bb14: 4066 90e8 

  0x000001a0e692bb18: ; ImmutableOopMap {}
                      ;*invokevirtual defineClass {reexecute=0 rethrow=0 return_oop=0}
                      ; - java.security.SecureClassLoader::defineClass@12
  0x000001a0e692bb18: a439 feff 

  0x000001a0e692bb1c: ;   {other}
  0x000001a0e692bb1c: 0f1f 8400 | 8c02 0001 | 4883 c470 

  0x000001a0e692bb28: ;   {poll_return}
  0x000001a0e692bb28: 5d49 3ba7 | 5004 0000 | 0f87 2200 

  0x000001a0e692bb34: ;   {metadata({method} {0x000001a08004e0e8} 'defineClass' '(Ljava/lang/String;[BIILjava/security/CodeSource;)Ljava/lang/Class;' in 'java/security/SecureClassLoader')}
  0x000001a0e692bb34: 0000 c349 | bae0 e004 | 80a0 0100 | 004c 8954 | 2408 48c7 | 0424 ffff 

  0x000001a0e692bb4c: ;   {runtime_call counter_overflow Runtime1 stub}
  0x000001a0e692bb4c: ffff e82d 

  0x000001a0e692bb50: ; ImmutableOopMap {rdx=Oop r8=Oop r9=Oop rcx=Oop }
                      ;*synchronization entry
                      ; - java.security.SecureClassLoader::defineClass@-1
  0x000001a0e692bb50: 9545 07e9 | 49ff ffff 

  0x000001a0e692bb58: ;   {internal_word}
  0x000001a0e692bb58: 49ba 29bb | 92e6 a001 | 0000 4d89 | 9768 0400 

  0x000001a0e692bb68: ;   {runtime_call SafepointBlob}
  0x000001a0e692bb68: 00e9 1299 | 3907 498b | 8700 0500 | 0049 c787 | 0005 0000 | 0000 0000 | 49c7 8708 | 0500 0000 
  0x000001a0e692bb88: 0000 0048 | 83c4 705d 

  0x000001a0e692bb90: ;   {runtime_call unwind_exception Runtime1 stub}
  0x000001a0e692bb90: e96b 0a3c | 07f4 f4f4 
[Stub Code]
  0x000001a0e692bb98: ;   {no_reloc}
  0x000001a0e692bb98: 48bb 30e0 | 0480 a001 

  0x000001a0e692bba0: ;   {runtime_call I2C/C2I adapters}
  0x000001a0e692bba0: 0000 e940 

  0x000001a0e692bba4: ;   {static_stub}
  0x000001a0e692bba4: 8439 0748 | bb00 0000 | 0000 0000 

  0x000001a0e692bbb0: ;   {runtime_call nmethod}
  0x000001a0e692bbb0: 00e9 fbff 

  0x000001a0e692bbb4: ;   {runtime_call handle_exception_from_callee Runtime1 stub}
  0x000001a0e692bbb4: ffff e8c5 

  0x000001a0e692bbb8: ;   {external_word}
  0x000001a0e692bbb8: 5d45 0748 | b950 63ad | a9f9 7f00 | 0048 83e4 

  0x000001a0e692bbc8: ;   {runtime_call}
  0x000001a0e692bbc8: f048 b8c0 | c96f a9f9 | 7f00 00ff 

  0x000001a0e692bbd4: ;   {section_word}
  0x000001a0e692bbd4: d0f4 49ba | d6bb 92e6 | a001 0000 

  0x000001a0e692bbe0: ;   {runtime_call DeoptimizationBlob}
  0x000001a0e692bbe0: 4152 e939 | 8b39 07f4 
[/MachCode]


---------------  P R O C E S S  ---------------

Threads class SMR info:
_java_thread_list=0x000001a0feed3360, length=25, elements={
0x000001a0e353fc30, 0x000001a0f93411b0, 0x000001a0f93432b0, 0x000001a0f93477f0,
0x000001a0f9348250, 0x000001a0f934a170, 0x000001a0f934abd0, 0x000001a0f934dae0,
0x000001a0f93bd5c0, 0x000001a0f95d90c0, 0x000001a0f9602bf0, 0x000001a0fe16faa0,
0x000001a0fe2a6660, 0x000001a0f9834980, 0x000001a0fe649ba0, 0x000001a0feee97a0,
0x000001a0fe3fcbd0, 0x000001a0f9e82240, 0x000001a0fef9fed0, 0x000001a0fefa1910,
0x000001a0fefa0560, 0x000001a0fefa0bf0, 0x000001a0fef9f1b0, 0x000001a0fef9e490,
0x000001a0fefa1280
}

Java Threads: ( => current thread )
  0x000001a0e353fc30 JavaThread "main"                              [_thread_blocked, id=43472, stack(0x0000005ad3c00000,0x0000005ad3d00000) (1024K)]
  0x000001a0f93411b0 JavaThread "Reference Handler"          daemon [_thread_blocked, id=35040, stack(0x0000005ad4400000,0x0000005ad4500000) (1024K)]
  0x000001a0f93432b0 JavaThread "Finalizer"                  daemon [_thread_blocked, id=28036, stack(0x0000005ad4500000,0x0000005ad4600000) (1024K)]
  0x000001a0f93477f0 JavaThread "Signal Dispatcher"          daemon [_thread_blocked, id=7072, stack(0x0000005ad4600000,0x0000005ad4700000) (1024K)]
  0x000001a0f9348250 JavaThread "Attach Listener"            daemon [_thread_blocked, id=37000, stack(0x0000005ad4700000,0x0000005ad4800000) (1024K)]
  0x000001a0f934a170 JavaThread "Service Thread"             daemon [_thread_blocked, id=33288, stack(0x0000005ad4800000,0x0000005ad4900000) (1024K)]
  0x000001a0f934abd0 JavaThread "Monitor Deflation Thread"   daemon [_thread_blocked, id=42560, stack(0x0000005ad4900000,0x0000005ad4a00000) (1024K)]
  0x000001a0f934dae0 JavaThread "C2 CompilerThread0"         daemon [_thread_blocked, id=36464, stack(0x0000005ad4a00000,0x0000005ad4b00000) (1024K)]
  0x000001a0f93bd5c0 JavaThread "C1 CompilerThread0"         daemon [_thread_blocked, id=42676, stack(0x0000005ad4b00000,0x0000005ad4c00000) (1024K)]
  0x000001a0f95d90c0 JavaThread "Common-Cleaner"             daemon [_thread_blocked, id=13892, stack(0x0000005ad4c00000,0x0000005ad4d00000) (1024K)]
  0x000001a0f9602bf0 JavaThread "Notification Thread"        daemon [_thread_blocked, id=42688, stack(0x0000005ad4d00000,0x0000005ad4e00000) (1024K)]
  0x000001a0fe16faa0 JavaThread "Daemon health stats"               [_thread_blocked, id=41324, stack(0x0000005ad5400000,0x0000005ad5500000) (1024K)]
  0x000001a0fe2a6660 JavaThread "Incoming local TCP Connector on port 49460"        [_thread_in_native, id=40068, stack(0x0000005ad5500000,0x0000005ad5600000) (1024K)]
  0x000001a0f9834980 JavaThread "Daemon periodic checks"            [_thread_blocked, id=33912, stack(0x0000005ad5600000,0x0000005ad5700000) (1024K)]
  0x000001a0fe649ba0 JavaThread "Daemon"                            [_thread_blocked, id=43028, stack(0x0000005ad5700000,0x0000005ad5800000) (1024K)]
  0x000001a0feee97a0 JavaThread "Handler for socket connection from /127.0.0.1:49460 to /127.0.0.1:49462"        [_thread_in_native, id=43040, stack(0x0000005ad5800000,0x0000005ad5900000) (1024K)]
  0x000001a0fe3fcbd0 JavaThread "Cancel handler"                    [_thread_blocked, id=30456, stack(0x0000005ad5900000,0x0000005ad5a00000) (1024K)]
=>0x000001a0f9e82240 JavaThread "Daemon worker"                     [_thread_in_vm, id=12840, stack(0x0000005ad5a00000,0x0000005ad5b00000) (1024K)]
  0x000001a0fef9fed0 JavaThread "Asynchronous log dispatcher for DefaultDaemonConnection: socket connection from /127.0.0.1:49460 to /127.0.0.1:49462"        [_thread_blocked, id=42592, stack(0x0000005ad5b00000,0x0000005ad5c00000) (1024K)]
  0x000001a0fefa1910 JavaThread "Stdin handler"                     [_thread_blocked, id=17960, stack(0x0000005ad5c00000,0x0000005ad5d00000) (1024K)]
  0x000001a0fefa0560 JavaThread "Daemon client event forwarder"        [_thread_blocked, id=41920, stack(0x0000005ad5d00000,0x0000005ad5e00000) (1024K)]
  0x000001a0fefa0bf0 JavaThread "Cache worker for journal cache (C:\Users\Lucas Hernandez\.gradle\caches\journal-1)"        [_thread_blocked, id=42904, stack(0x0000005ad5e00000,0x0000005ad5f00000) (1024K)]
  0x000001a0fef9f1b0 JavaThread "File lock request listener"        [_thread_in_native, id=2996, stack(0x0000005ad5f00000,0x0000005ad6000000) (1024K)]
  0x000001a0fef9e490 JavaThread "Cache worker for file hash cache (C:\Users\Lucas Hernandez\.gradle\caches\8.9\fileHashes)"        [_thread_blocked, id=28364, stack(0x0000005ad6000000,0x0000005ad6100000) (1024K)]
  0x000001a0fefa1280 JavaThread "File lock release action executor"        [_thread_blocked, id=27500, stack(0x0000005ad6100000,0x0000005ad6200000) (1024K)]
Total: 25

Other Threads:
  0x000001a0f9321320 VMThread "VM Thread"                           [id=33348, stack(0x0000005ad4300000,0x0000005ad4400000) (1024K)] _threads_hazard_ptr=0x000001a0feed3360
  0x000001a0f9312840 WatcherThread "VM Periodic Task Thread"        [id=34900, stack(0x0000005ad4200000,0x0000005ad4300000) (1024K)]
  0x000001a0e356df50 WorkerThread "GC Thread#0"                     [id=40896, stack(0x0000005ad3d00000,0x0000005ad3e00000) (1024K)]
  0x000001a0f981b420 WorkerThread "GC Thread#1"                     [id=25544, stack(0x0000005ad4e00000,0x0000005ad4f00000) (1024K)]
  0x000001a0f981b7d0 WorkerThread "GC Thread#2"                     [id=28908, stack(0x0000005ad4f00000,0x0000005ad5000000) (1024K)]
  0x000001a0f9cc5b20 WorkerThread "GC Thread#3"                     [id=19616, stack(0x0000005ad5000000,0x0000005ad5100000) (1024K)]
  0x000001a0f9cc5ed0 WorkerThread "GC Thread#4"                     [id=41208, stack(0x0000005ad5100000,0x0000005ad5200000) (1024K)]
  0x000001a0f9cc6280 WorkerThread "GC Thread#5"                     [id=42576, stack(0x0000005ad5200000,0x0000005ad5300000) (1024K)]
  0x000001a0fe854ce0 WorkerThread "GC Thread#6"                     [id=41740, stack(0x0000005ad3900000,0x0000005ad3a00000) (1024K)]
  0x000001a0f9d4cdf0 WorkerThread "GC Thread#7"                     [id=41760, stack(0x0000005ad5300000,0x0000005ad5400000) (1024K)]
  0x000001a0e3572d50 ConcurrentGCThread "G1 Main Marker"            [id=29936, stack(0x0000005ad3e00000,0x0000005ad3f00000) (1024K)]
  0x000001a0e3573670 WorkerThread "G1 Conc#0"                       [id=11360, stack(0x0000005ad3f00000,0x0000005ad4000000) (1024K)]
  0x000001a0f91e31f0 ConcurrentGCThread "G1 Refine#0"               [id=38288, stack(0x0000005ad4000000,0x0000005ad4100000) (1024K)]
  0x000001a0f91e3b80 ConcurrentGCThread "G1 Service"                [id=38796, stack(0x0000005ad4100000,0x0000005ad4200000) (1024K)]
Total: 14

Threads with active compile tasks:
Total: 0

VM state: synchronizing (normal execution)

VM Mutex/Monitor currently owned by a thread:  ([mutex/lock_event])
[0x00007ff9a9d8d530] Metaspace_lock - owner thread: 0x000001a0f9e82240
[0x00007ff9a9d8f5b0] Threads_lock - owner thread: 0x000001a0f9321320

Heap address: 0x00000000e0000000, size: 512 MB, Compressed Oops mode: 32-bit

CDS archive(s) mapped at: [0x000001a080000000-0x000001a080ba0000-0x000001a080ba0000), size 12189696, SharedBaseAddress: 0x000001a080000000, ArchiveRelocationMode: 1.
Compressed class space mapped at: 0x000001a081000000-0x000001a095000000, reserved size: 335544320
Narrow klass base: 0x000001a080000000, Narrow klass shift: 0, Narrow klass range: 0x100000000

GC Precious Log:
 CardTable entry size: 512
 Card Set container configuration: InlinePtr #cards 5 size 8 Array Of Cards #cards 12 size 40 Howl #buckets 4 coarsen threshold 1843 Howl Bitmap #cards 512 size 80 coarsen threshold 460 Card regions per heap region 1 cards per card region 2048
 CPUs: 12 total, 12 available
 Memory: 15754M
 Large Page Support: Disabled
 NUMA Support: Disabled
 Compressed Oops: Enabled (32-bit)
 Heap Region Size: 1M
 Heap Min Capacity: 256M
 Heap Initial Capacity: 256M
 Heap Max Capacity: 512M
 Pre-touch: Disabled
 Parallel Workers: 10
 Concurrent Workers: 3
 Concurrent Refinement Workers: 10
 Periodic GC: Disabled

Heap:
 garbage-first heap   total 262144K, used 76994K [0x00000000e0000000, 0x0000000100000000)
  region size 1024K, 64 young (65536K), 6 survivors (6144K)
 Metaspace       used 17022K, committed 17472K, reserved 393216K
  class space    used 2419K, committed 2624K, reserved 327680K

Heap Regions: E=young(eden), S=young(survivor), O=old, HS=humongous(starts), HC=humongous(continues), CS=collection set, F=free, TAMS=top-at-mark-start, PB=parsable bottom
|   0|0x00000000e0000000, 0x00000000e0100000, 0x00000000e0100000|100%|HS|  |TAMS 0x00000000e0000000| PB 0x00000000e0000000| Complete 
|   1|0x00000000e0100000, 0x00000000e0200000, 0x00000000e0200000|100%|HC|  |TAMS 0x00000000e0100000| PB 0x00000000e0100000| Complete 
|   2|0x00000000e0200000, 0x00000000e0300000, 0x00000000e0300000|100%|HC|  |TAMS 0x00000000e0200000| PB 0x00000000e0200000| Complete 
|   3|0x00000000e0300000, 0x00000000e0400000, 0x00000000e0400000|100%|HC|  |TAMS 0x00000000e0300000| PB 0x00000000e0300000| Complete 
|   4|0x00000000e0400000, 0x00000000e0500000, 0x00000000e0500000|100%| O|  |TAMS 0x00000000e0400000| PB 0x00000000e0400000| Untracked 
|   5|0x00000000e0500000, 0x00000000e0600000, 0x00000000e0600000|100%| O|  |TAMS 0x00000000e0500000| PB 0x00000000e0500000| Untracked 
|   6|0x00000000e0600000, 0x00000000e0700000, 0x00000000e0700000|100%| O|  |TAMS 0x00000000e0600000| PB 0x00000000e0600000| Untracked 
|   7|0x00000000e0700000, 0x00000000e0800000, 0x00000000e0800000|100%| O|  |TAMS 0x00000000e0700000| PB 0x00000000e0700000| Untracked 
|   8|0x00000000e0800000, 0x00000000e0900000, 0x00000000e0900000|100%| O|  |TAMS 0x00000000e0800000| PB 0x00000000e0800000| Untracked 
|   9|0x00000000e0900000, 0x00000000e0a00000, 0x00000000e0a00000|100%| O|  |TAMS 0x00000000e0900000| PB 0x00000000e0900000| Untracked 
|  10|0x00000000e0a00000, 0x00000000e0b00000, 0x00000000e0b00000|100%|HS|  |TAMS 0x00000000e0a00000| PB 0x00000000e0a00000| Complete 
|  11|0x00000000e0b00000, 0x00000000e0b00000, 0x00000000e0c00000|  0%| F|  |TAMS 0x00000000e0b00000| PB 0x00000000e0b00000| Untracked 
|  12|0x00000000e0c00000, 0x00000000e0d00000, 0x00000000e0d00000|100%| O|  |TAMS 0x00000000e0c00000| PB 0x00000000e0c00000| Untracked 
|  13|0x00000000e0d00000, 0x00000000e0d308c8, 0x00000000e0e00000| 18%| O|  |TAMS 0x00000000e0d00000| PB 0x00000000e0d00000| Untracked 
|  14|0x00000000e0e00000, 0x00000000e0e00000, 0x00000000e0f00000|  0%| F|  |TAMS 0x00000000e0e00000| PB 0x00000000e0e00000| Untracked 
|  15|0x00000000e0f00000, 0x00000000e0f00000, 0x00000000e1000000|  0%| F|  |TAMS 0x00000000e0f00000| PB 0x00000000e0f00000| Untracked 
|  16|0x00000000e1000000, 0x00000000e1000000, 0x00000000e1100000|  0%| F|  |TAMS 0x00000000e1000000| PB 0x00000000e1000000| Untracked 
|  17|0x00000000e1100000, 0x00000000e1100000, 0x00000000e1200000|  0%| F|  |TAMS 0x00000000e1100000| PB 0x00000000e1100000| Untracked 
|  18|0x00000000e1200000, 0x00000000e1200000, 0x00000000e1300000|  0%| F|  |TAMS 0x00000000e1200000| PB 0x00000000e1200000| Untracked 
|  19|0x00000000e1300000, 0x00000000e1300000, 0x00000000e1400000|  0%| F|  |TAMS 0x00000000e1300000| PB 0x00000000e1300000| Untracked 
|  20|0x00000000e1400000, 0x00000000e1400000, 0x00000000e1500000|  0%| F|  |TAMS 0x00000000e1400000| PB 0x00000000e1400000| Untracked 
|  21|0x00000000e1500000, 0x00000000e1500000, 0x00000000e1600000|  0%| F|  |TAMS 0x00000000e1500000| PB 0x00000000e1500000| Untracked 
|  22|0x00000000e1600000, 0x00000000e1600000, 0x00000000e1700000|  0%| F|  |TAMS 0x00000000e1600000| PB 0x00000000e1600000| Untracked 
|  23|0x00000000e1700000, 0x00000000e1700000, 0x00000000e1800000|  0%| F|  |TAMS 0x00000000e1700000| PB 0x00000000e1700000| Untracked 
|  24|0x00000000e1800000, 0x00000000e1800000, 0x00000000e1900000|  0%| F|  |TAMS 0x00000000e1800000| PB 0x00000000e1800000| Untracked 
|  25|0x00000000e1900000, 0x00000000e1900000, 0x00000000e1a00000|  0%| F|  |TAMS 0x00000000e1900000| PB 0x00000000e1900000| Untracked 
|  26|0x00000000e1a00000, 0x00000000e1a00000, 0x00000000e1b00000|  0%| F|  |TAMS 0x00000000e1a00000| PB 0x00000000e1a00000| Untracked 
|  27|0x00000000e1b00000, 0x00000000e1b00000, 0x00000000e1c00000|  0%| F|  |TAMS 0x00000000e1b00000| PB 0x00000000e1b00000| Untracked 
|  28|0x00000000e1c00000, 0x00000000e1c00000, 0x00000000e1d00000|  0%| F|  |TAMS 0x00000000e1c00000| PB 0x00000000e1c00000| Untracked 
|  29|0x00000000e1d00000, 0x00000000e1d00000, 0x00000000e1e00000|  0%| F|  |TAMS 0x00000000e1d00000| PB 0x00000000e1d00000| Untracked 
|  30|0x00000000e1e00000, 0x00000000e1e00000, 0x00000000e1f00000|  0%| F|  |TAMS 0x00000000e1e00000| PB 0x00000000e1e00000| Untracked 
|  31|0x00000000e1f00000, 0x00000000e1f00000, 0x00000000e2000000|  0%| F|  |TAMS 0x00000000e1f00000| PB 0x00000000e1f00000| Untracked 
|  32|0x00000000e2000000, 0x00000000e2000000, 0x00000000e2100000|  0%| F|  |TAMS 0x00000000e2000000| PB 0x00000000e2000000| Untracked 
|  33|0x00000000e2100000, 0x00000000e2100000, 0x00000000e2200000|  0%| F|  |TAMS 0x00000000e2100000| PB 0x00000000e2100000| Untracked 
|  34|0x00000000e2200000, 0x00000000e2200000, 0x00000000e2300000|  0%| F|  |TAMS 0x00000000e2200000| PB 0x00000000e2200000| Untracked 
|  35|0x00000000e2300000, 0x00000000e2300000, 0x00000000e2400000|  0%| F|  |TAMS 0x00000000e2300000| PB 0x00000000e2300000| Untracked 
|  36|0x00000000e2400000, 0x00000000e2400000, 0x00000000e2500000|  0%| F|  |TAMS 0x00000000e2400000| PB 0x00000000e2400000| Untracked 
|  37|0x00000000e2500000, 0x00000000e2500000, 0x00000000e2600000|  0%| F|  |TAMS 0x00000000e2500000| PB 0x00000000e2500000| Untracked 
|  38|0x00000000e2600000, 0x00000000e2600000, 0x00000000e2700000|  0%| F|  |TAMS 0x00000000e2600000| PB 0x00000000e2600000| Untracked 
|  39|0x00000000e2700000, 0x00000000e2700000, 0x00000000e2800000|  0%| F|  |TAMS 0x00000000e2700000| PB 0x00000000e2700000| Untracked 
|  40|0x00000000e2800000, 0x00000000e2800000, 0x00000000e2900000|  0%| F|  |TAMS 0x00000000e2800000| PB 0x00000000e2800000| Untracked 
|  41|0x00000000e2900000, 0x00000000e2900000, 0x00000000e2a00000|  0%| F|  |TAMS 0x00000000e2900000| PB 0x00000000e2900000| Untracked 
|  42|0x00000000e2a00000, 0x00000000e2a00000, 0x00000000e2b00000|  0%| F|  |TAMS 0x00000000e2a00000| PB 0x00000000e2a00000| Untracked 
|  43|0x00000000e2b00000, 0x00000000e2b00000, 0x00000000e2c00000|  0%| F|  |TAMS 0x00000000e2b00000| PB 0x00000000e2b00000| Untracked 
|  44|0x00000000e2c00000, 0x00000000e2c00000, 0x00000000e2d00000|  0%| F|  |TAMS 0x00000000e2c00000| PB 0x00000000e2c00000| Untracked 
|  45|0x00000000e2d00000, 0x00000000e2d00000, 0x00000000e2e00000|  0%| F|  |TAMS 0x00000000e2d00000| PB 0x00000000e2d00000| Untracked 
|  46|0x00000000e2e00000, 0x00000000e2e00000, 0x00000000e2f00000|  0%| F|  |TAMS 0x00000000e2e00000| PB 0x00000000e2e00000| Untracked 
|  47|0x00000000e2f00000, 0x00000000e2f00000, 0x00000000e3000000|  0%| F|  |TAMS 0x00000000e2f00000| PB 0x00000000e2f00000| Untracked 
|  48|0x00000000e3000000, 0x00000000e3000000, 0x00000000e3100000|  0%| F|  |TAMS 0x00000000e3000000| PB 0x00000000e3000000| Untracked 
|  49|0x00000000e3100000, 0x00000000e3100000, 0x00000000e3200000|  0%| F|  |TAMS 0x00000000e3100000| PB 0x00000000e3100000| Untracked 
|  50|0x00000000e3200000, 0x00000000e3200000, 0x00000000e3300000|  0%| F|  |TAMS 0x00000000e3200000| PB 0x00000000e3200000| Untracked 
|  51|0x00000000e3300000, 0x00000000e3300000, 0x00000000e3400000|  0%| F|  |TAMS 0x00000000e3300000| PB 0x00000000e3300000| Untracked 
|  52|0x00000000e3400000, 0x00000000e3400000, 0x00000000e3500000|  0%| F|  |TAMS 0x00000000e3400000| PB 0x00000000e3400000| Untracked 
|  53|0x00000000e3500000, 0x00000000e3500000, 0x00000000e3600000|  0%| F|  |TAMS 0x00000000e3500000| PB 0x00000000e3500000| Untracked 
|  54|0x00000000e3600000, 0x00000000e3600000, 0x00000000e3700000|  0%| F|  |TAMS 0x00000000e3600000| PB 0x00000000e3600000| Untracked 
|  55|0x00000000e3700000, 0x00000000e3700000, 0x00000000e3800000|  0%| F|  |TAMS 0x00000000e3700000| PB 0x00000000e3700000| Untracked 
|  56|0x00000000e3800000, 0x00000000e3800000, 0x00000000e3900000|  0%| F|  |TAMS 0x00000000e3800000| PB 0x00000000e3800000| Untracked 
|  57|0x00000000e3900000, 0x00000000e3900000, 0x00000000e3a00000|  0%| F|  |TAMS 0x00000000e3900000| PB 0x00000000e3900000| Untracked 
|  58|0x00000000e3a00000, 0x00000000e3a00000, 0x00000000e3b00000|  0%| F|  |TAMS 0x00000000e3a00000| PB 0x00000000e3a00000| Untracked 
|  59|0x00000000e3b00000, 0x00000000e3b00000, 0x00000000e3c00000|  0%| F|  |TAMS 0x00000000e3b00000| PB 0x00000000e3b00000| Untracked 
|  60|0x00000000e3c00000, 0x00000000e3c00000, 0x00000000e3d00000|  0%| F|  |TAMS 0x00000000e3c00000| PB 0x00000000e3c00000| Untracked 
|  61|0x00000000e3d00000, 0x00000000e3d00000, 0x00000000e3e00000|  0%| F|  |TAMS 0x00000000e3d00000| PB 0x00000000e3d00000| Untracked 
|  62|0x00000000e3e00000, 0x00000000e3e00000, 0x00000000e3f00000|  0%| F|  |TAMS 0x00000000e3e00000| PB 0x00000000e3e00000| Untracked 
|  63|0x00000000e3f00000, 0x00000000e3f00000, 0x00000000e4000000|  0%| F|  |TAMS 0x00000000e3f00000| PB 0x00000000e3f00000| Untracked 
|  64|0x00000000e4000000, 0x00000000e4000000, 0x00000000e4100000|  0%| F|  |TAMS 0x00000000e4000000| PB 0x00000000e4000000| Untracked 
|  65|0x00000000e4100000, 0x00000000e4100000, 0x00000000e4200000|  0%| F|  |TAMS 0x00000000e4100000| PB 0x00000000e4100000| Untracked 
|  66|0x00000000e4200000, 0x00000000e4200000, 0x00000000e4300000|  0%| F|  |TAMS 0x00000000e4200000| PB 0x00000000e4200000| Untracked 
|  67|0x00000000e4300000, 0x00000000e4300000, 0x00000000e4400000|  0%| F|  |TAMS 0x00000000e4300000| PB 0x00000000e4300000| Untracked 
|  68|0x00000000e4400000, 0x00000000e4400000, 0x00000000e4500000|  0%| F|  |TAMS 0x00000000e4400000| PB 0x00000000e4400000| Untracked 
|  69|0x00000000e4500000, 0x00000000e4500000, 0x00000000e4600000|  0%| F|  |TAMS 0x00000000e4500000| PB 0x00000000e4500000| Untracked 
|  70|0x00000000e4600000, 0x00000000e4600000, 0x00000000e4700000|  0%| F|  |TAMS 0x00000000e4600000| PB 0x00000000e4600000| Untracked 
|  71|0x00000000e4700000, 0x00000000e4700000, 0x00000000e4800000|  0%| F|  |TAMS 0x00000000e4700000| PB 0x00000000e4700000| Untracked 
|  72|0x00000000e4800000, 0x00000000e4800000, 0x00000000e4900000|  0%| F|  |TAMS 0x00000000e4800000| PB 0x00000000e4800000| Untracked 
|  73|0x00000000e4900000, 0x00000000e4900000, 0x00000000e4a00000|  0%| F|  |TAMS 0x00000000e4900000| PB 0x00000000e4900000| Untracked 
|  74|0x00000000e4a00000, 0x00000000e4a00000, 0x00000000e4b00000|  0%| F|  |TAMS 0x00000000e4a00000| PB 0x00000000e4a00000| Untracked 
|  75|0x00000000e4b00000, 0x00000000e4b00000, 0x00000000e4c00000|  0%| F|  |TAMS 0x00000000e4b00000| PB 0x00000000e4b00000| Untracked 
|  76|0x00000000e4c00000, 0x00000000e4c00000, 0x00000000e4d00000|  0%| F|  |TAMS 0x00000000e4c00000| PB 0x00000000e4c00000| Untracked 
|  77|0x00000000e4d00000, 0x00000000e4d00000, 0x00000000e4e00000|  0%| F|  |TAMS 0x00000000e4d00000| PB 0x00000000e4d00000| Untracked 
|  78|0x00000000e4e00000, 0x00000000e4e00000, 0x00000000e4f00000|  0%| F|  |TAMS 0x00000000e4e00000| PB 0x00000000e4e00000| Untracked 
|  79|0x00000000e4f00000, 0x00000000e4f00000, 0x00000000e5000000|  0%| F|  |TAMS 0x00000000e4f00000| PB 0x00000000e4f00000| Untracked 
|  80|0x00000000e5000000, 0x00000000e5000000, 0x00000000e5100000|  0%| F|  |TAMS 0x00000000e5000000| PB 0x00000000e5000000| Untracked 
|  81|0x00000000e5100000, 0x00000000e5100000, 0x00000000e5200000|  0%| F|  |TAMS 0x00000000e5100000| PB 0x00000000e5100000| Untracked 
|  82|0x00000000e5200000, 0x00000000e5200000, 0x00000000e5300000|  0%| F|  |TAMS 0x00000000e5200000| PB 0x00000000e5200000| Untracked 
|  83|0x00000000e5300000, 0x00000000e5300000, 0x00000000e5400000|  0%| F|  |TAMS 0x00000000e5300000| PB 0x00000000e5300000| Untracked 
|  84|0x00000000e5400000, 0x00000000e5400000, 0x00000000e5500000|  0%| F|  |TAMS 0x00000000e5400000| PB 0x00000000e5400000| Untracked 
|  85|0x00000000e5500000, 0x00000000e5500000, 0x00000000e5600000|  0%| F|  |TAMS 0x00000000e5500000| PB 0x00000000e5500000| Untracked 
|  86|0x00000000e5600000, 0x00000000e5600000, 0x00000000e5700000|  0%| F|  |TAMS 0x00000000e5600000| PB 0x00000000e5600000| Untracked 
|  87|0x00000000e5700000, 0x00000000e5700000, 0x00000000e5800000|  0%| F|  |TAMS 0x00000000e5700000| PB 0x00000000e5700000| Untracked 
|  88|0x00000000e5800000, 0x00000000e5800000, 0x00000000e5900000|  0%| F|  |TAMS 0x00000000e5800000| PB 0x00000000e5800000| Untracked 
|  89|0x00000000e5900000, 0x00000000e5900000, 0x00000000e5a00000|  0%| F|  |TAMS 0x00000000e5900000| PB 0x00000000e5900000| Untracked 
|  90|0x00000000e5a00000, 0x00000000e5a00000, 0x00000000e5b00000|  0%| F|  |TAMS 0x00000000e5a00000| PB 0x00000000e5a00000| Untracked 
|  91|0x00000000e5b00000, 0x00000000e5b00000, 0x00000000e5c00000|  0%| F|  |TAMS 0x00000000e5b00000| PB 0x00000000e5b00000| Untracked 
|  92|0x00000000e5c00000, 0x00000000e5c00000, 0x00000000e5d00000|  0%| F|  |TAMS 0x00000000e5c00000| PB 0x00000000e5c00000| Untracked 
|  93|0x00000000e5d00000, 0x00000000e5d00000, 0x00000000e5e00000|  0%| F|  |TAMS 0x00000000e5d00000| PB 0x00000000e5d00000| Untracked 
|  94|0x00000000e5e00000, 0x00000000e5e00000, 0x00000000e5f00000|  0%| F|  |TAMS 0x00000000e5e00000| PB 0x00000000e5e00000| Untracked 
|  95|0x00000000e5f00000, 0x00000000e5f00000, 0x00000000e6000000|  0%| F|  |TAMS 0x00000000e5f00000| PB 0x00000000e5f00000| Untracked 
|  96|0x00000000e6000000, 0x00000000e6000000, 0x00000000e6100000|  0%| F|  |TAMS 0x00000000e6000000| PB 0x00000000e6000000| Untracked 
|  97|0x00000000e6100000, 0x00000000e6100000, 0x00000000e6200000|  0%| F|  |TAMS 0x00000000e6100000| PB 0x00000000e6100000| Untracked 
|  98|0x00000000e6200000, 0x00000000e6200000, 0x00000000e6300000|  0%| F|  |TAMS 0x00000000e6200000| PB 0x00000000e6200000| Untracked 
|  99|0x00000000e6300000, 0x00000000e6300000, 0x00000000e6400000|  0%| F|  |TAMS 0x00000000e6300000| PB 0x00000000e6300000| Untracked 
| 100|0x00000000e6400000, 0x00000000e6400000, 0x00000000e6500000|  0%| F|  |TAMS 0x00000000e6400000| PB 0x00000000e6400000| Untracked 
| 101|0x00000000e6500000, 0x00000000e6500000, 0x00000000e6600000|  0%| F|  |TAMS 0x00000000e6500000| PB 0x00000000e6500000| Untracked 
| 102|0x00000000e6600000, 0x00000000e6600000, 0x00000000e6700000|  0%| F|  |TAMS 0x00000000e6600000| PB 0x00000000e6600000| Untracked 
| 103|0x00000000e6700000, 0x00000000e6700000, 0x00000000e6800000|  0%| F|  |TAMS 0x00000000e6700000| PB 0x00000000e6700000| Untracked 
| 104|0x00000000e6800000, 0x00000000e6800000, 0x00000000e6900000|  0%| F|  |TAMS 0x00000000e6800000| PB 0x00000000e6800000| Untracked 
| 105|0x00000000e6900000, 0x00000000e6900000, 0x00000000e6a00000|  0%| F|  |TAMS 0x00000000e6900000| PB 0x00000000e6900000| Untracked 
| 106|0x00000000e6a00000, 0x00000000e6a00000, 0x00000000e6b00000|  0%| F|  |TAMS 0x00000000e6a00000| PB 0x00000000e6a00000| Untracked 
| 107|0x00000000e6b00000, 0x00000000e6b00000, 0x00000000e6c00000|  0%| F|  |TAMS 0x00000000e6b00000| PB 0x00000000e6b00000| Untracked 
| 108|0x00000000e6c00000, 0x00000000e6c00000, 0x00000000e6d00000|  0%| F|  |TAMS 0x00000000e6c00000| PB 0x00000000e6c00000| Untracked 
| 109|0x00000000e6d00000, 0x00000000e6d00000, 0x00000000e6e00000|  0%| F|  |TAMS 0x00000000e6d00000| PB 0x00000000e6d00000| Untracked 
| 110|0x00000000e6e00000, 0x00000000e6e00000, 0x00000000e6f00000|  0%| F|  |TAMS 0x00000000e6e00000| PB 0x00000000e6e00000| Untracked 
| 111|0x00000000e6f00000, 0x00000000e6f00000, 0x00000000e7000000|  0%| F|  |TAMS 0x00000000e6f00000| PB 0x00000000e6f00000| Untracked 
| 112|0x00000000e7000000, 0x00000000e7000000, 0x00000000e7100000|  0%| F|  |TAMS 0x00000000e7000000| PB 0x00000000e7000000| Untracked 
| 113|0x00000000e7100000, 0x00000000e7100000, 0x00000000e7200000|  0%| F|  |TAMS 0x00000000e7100000| PB 0x00000000e7100000| Untracked 
| 114|0x00000000e7200000, 0x00000000e7200000, 0x00000000e7300000|  0%| F|  |TAMS 0x00000000e7200000| PB 0x00000000e7200000| Untracked 
| 115|0x00000000e7300000, 0x00000000e7300000, 0x00000000e7400000|  0%| F|  |TAMS 0x00000000e7300000| PB 0x00000000e7300000| Untracked 
| 116|0x00000000e7400000, 0x00000000e7400000, 0x00000000e7500000|  0%| F|  |TAMS 0x00000000e7400000| PB 0x00000000e7400000| Untracked 
| 117|0x00000000e7500000, 0x00000000e7500000, 0x00000000e7600000|  0%| F|  |TAMS 0x00000000e7500000| PB 0x00000000e7500000| Untracked 
| 118|0x00000000e7600000, 0x00000000e7600000, 0x00000000e7700000|  0%| F|  |TAMS 0x00000000e7600000| PB 0x00000000e7600000| Untracked 
| 119|0x00000000e7700000, 0x00000000e7700000, 0x00000000e7800000|  0%| F|  |TAMS 0x00000000e7700000| PB 0x00000000e7700000| Untracked 
| 120|0x00000000e7800000, 0x00000000e7800000, 0x00000000e7900000|  0%| F|  |TAMS 0x00000000e7800000| PB 0x00000000e7800000| Untracked 
| 121|0x00000000e7900000, 0x00000000e7900000, 0x00000000e7a00000|  0%| F|  |TAMS 0x00000000e7900000| PB 0x00000000e7900000| Untracked 
| 122|0x00000000e7a00000, 0x00000000e7a00000, 0x00000000e7b00000|  0%| F|  |TAMS 0x00000000e7a00000| PB 0x00000000e7a00000| Untracked 
| 123|0x00000000e7b00000, 0x00000000e7b00000, 0x00000000e7c00000|  0%| F|  |TAMS 0x00000000e7b00000| PB 0x00000000e7b00000| Untracked 
| 124|0x00000000e7c00000, 0x00000000e7c00000, 0x00000000e7d00000|  0%| F|  |TAMS 0x00000000e7c00000| PB 0x00000000e7c00000| Untracked 
| 125|0x00000000e7d00000, 0x00000000e7d00000, 0x00000000e7e00000|  0%| F|  |TAMS 0x00000000e7d00000| PB 0x00000000e7d00000| Untracked 
| 126|0x00000000e7e00000, 0x00000000e7e00000, 0x00000000e7f00000|  0%| F|  |TAMS 0x00000000e7e00000| PB 0x00000000e7e00000| Untracked 
| 127|0x00000000e7f00000, 0x00000000e7f00000, 0x00000000e8000000|  0%| F|  |TAMS 0x00000000e7f00000| PB 0x00000000e7f00000| Untracked 
| 128|0x00000000e8000000, 0x00000000e8000000, 0x00000000e8100000|  0%| F|  |TAMS 0x00000000e8000000| PB 0x00000000e8000000| Untracked 
| 129|0x00000000e8100000, 0x00000000e8100000, 0x00000000e8200000|  0%| F|  |TAMS 0x00000000e8100000| PB 0x00000000e8100000| Untracked 
| 130|0x00000000e8200000, 0x00000000e8200000, 0x00000000e8300000|  0%| F|  |TAMS 0x00000000e8200000| PB 0x00000000e8200000| Untracked 
| 131|0x00000000e8300000, 0x00000000e8300000, 0x00000000e8400000|  0%| F|  |TAMS 0x00000000e8300000| PB 0x00000000e8300000| Untracked 
| 132|0x00000000e8400000, 0x00000000e8400000, 0x00000000e8500000|  0%| F|  |TAMS 0x00000000e8400000| PB 0x00000000e8400000| Untracked 
| 133|0x00000000e8500000, 0x00000000e8500000, 0x00000000e8600000|  0%| F|  |TAMS 0x00000000e8500000| PB 0x00000000e8500000| Untracked 
| 134|0x00000000e8600000, 0x00000000e8600000, 0x00000000e8700000|  0%| F|  |TAMS 0x00000000e8600000| PB 0x00000000e8600000| Untracked 
| 135|0x00000000e8700000, 0x00000000e8700000, 0x00000000e8800000|  0%| F|  |TAMS 0x00000000e8700000| PB 0x00000000e8700000| Untracked 
| 136|0x00000000e8800000, 0x00000000e8800000, 0x00000000e8900000|  0%| F|  |TAMS 0x00000000e8800000| PB 0x00000000e8800000| Untracked 
| 137|0x00000000e8900000, 0x00000000e8900000, 0x00000000e8a00000|  0%| F|  |TAMS 0x00000000e8900000| PB 0x00000000e8900000| Untracked 
| 138|0x00000000e8a00000, 0x00000000e8a00000, 0x00000000e8b00000|  0%| F|  |TAMS 0x00000000e8a00000| PB 0x00000000e8a00000| Untracked 
| 139|0x00000000e8b00000, 0x00000000e8b00000, 0x00000000e8c00000|  0%| F|  |TAMS 0x00000000e8b00000| PB 0x00000000e8b00000| Untracked 
| 140|0x00000000e8c00000, 0x00000000e8c00000, 0x00000000e8d00000|  0%| F|  |TAMS 0x00000000e8c00000| PB 0x00000000e8c00000| Untracked 
| 141|0x00000000e8d00000, 0x00000000e8d00000, 0x00000000e8e00000|  0%| F|  |TAMS 0x00000000e8d00000| PB 0x00000000e8d00000| Untracked 
| 142|0x00000000e8e00000, 0x00000000e8e00000, 0x00000000e8f00000|  0%| F|  |TAMS 0x00000000e8e00000| PB 0x00000000e8e00000| Untracked 
| 143|0x00000000e8f00000, 0x00000000e8f00000, 0x00000000e9000000|  0%| F|  |TAMS 0x00000000e8f00000| PB 0x00000000e8f00000| Untracked 
| 144|0x00000000e9000000, 0x00000000e9000000, 0x00000000e9100000|  0%| F|  |TAMS 0x00000000e9000000| PB 0x00000000e9000000| Untracked 
| 145|0x00000000e9100000, 0x00000000e9100000, 0x00000000e9200000|  0%| F|  |TAMS 0x00000000e9100000| PB 0x00000000e9100000| Untracked 
| 146|0x00000000e9200000, 0x00000000e9200000, 0x00000000e9300000|  0%| F|  |TAMS 0x00000000e9200000| PB 0x00000000e9200000| Untracked 
| 147|0x00000000e9300000, 0x00000000e9300000, 0x00000000e9400000|  0%| F|  |TAMS 0x00000000e9300000| PB 0x00000000e9300000| Untracked 
| 148|0x00000000e9400000, 0x00000000e9400000, 0x00000000e9500000|  0%| F|  |TAMS 0x00000000e9400000| PB 0x00000000e9400000| Untracked 
| 149|0x00000000e9500000, 0x00000000e9500000, 0x00000000e9600000|  0%| F|  |TAMS 0x00000000e9500000| PB 0x00000000e9500000| Untracked 
| 150|0x00000000e9600000, 0x00000000e9600000, 0x00000000e9700000|  0%| F|  |TAMS 0x00000000e9600000| PB 0x00000000e9600000| Untracked 
| 151|0x00000000e9700000, 0x00000000e9700000, 0x00000000e9800000|  0%| F|  |TAMS 0x00000000e9700000| PB 0x00000000e9700000| Untracked 
| 152|0x00000000e9800000, 0x00000000e9800000, 0x00000000e9900000|  0%| F|  |TAMS 0x00000000e9800000| PB 0x00000000e9800000| Untracked 
| 153|0x00000000e9900000, 0x00000000e9900000, 0x00000000e9a00000|  0%| F|  |TAMS 0x00000000e9900000| PB 0x00000000e9900000| Untracked 
| 154|0x00000000e9a00000, 0x00000000e9a00000, 0x00000000e9b00000|  0%| F|  |TAMS 0x00000000e9a00000| PB 0x00000000e9a00000| Untracked 
| 155|0x00000000e9b00000, 0x00000000e9b00000, 0x00000000e9c00000|  0%| F|  |TAMS 0x00000000e9b00000| PB 0x00000000e9b00000| Untracked 
| 156|0x00000000e9c00000, 0x00000000e9c00000, 0x00000000e9d00000|  0%| F|  |TAMS 0x00000000e9c00000| PB 0x00000000e9c00000| Untracked 
| 157|0x00000000e9d00000, 0x00000000e9d00000, 0x00000000e9e00000|  0%| F|  |TAMS 0x00000000e9d00000| PB 0x00000000e9d00000| Untracked 
| 158|0x00000000e9e00000, 0x00000000e9e00000, 0x00000000e9f00000|  0%| F|  |TAMS 0x00000000e9e00000| PB 0x00000000e9e00000| Untracked 
| 159|0x00000000e9f00000, 0x00000000e9f00000, 0x00000000ea000000|  0%| F|  |TAMS 0x00000000e9f00000| PB 0x00000000e9f00000| Untracked 
| 160|0x00000000ea000000, 0x00000000ea000000, 0x00000000ea100000|  0%| F|  |TAMS 0x00000000ea000000| PB 0x00000000ea000000| Untracked 
| 161|0x00000000ea100000, 0x00000000ea100000, 0x00000000ea200000|  0%| F|  |TAMS 0x00000000ea100000| PB 0x00000000ea100000| Untracked 
| 162|0x00000000ea200000, 0x00000000ea200000, 0x00000000ea300000|  0%| F|  |TAMS 0x00000000ea200000| PB 0x00000000ea200000| Untracked 
| 163|0x00000000ea300000, 0x00000000ea300000, 0x00000000ea400000|  0%| F|  |TAMS 0x00000000ea300000| PB 0x00000000ea300000| Untracked 
| 164|0x00000000ea400000, 0x00000000ea400000, 0x00000000ea500000|  0%| F|  |TAMS 0x00000000ea400000| PB 0x00000000ea400000| Untracked 
| 165|0x00000000ea500000, 0x00000000ea500000, 0x00000000ea600000|  0%| F|  |TAMS 0x00000000ea500000| PB 0x00000000ea500000| Untracked 
| 166|0x00000000ea600000, 0x00000000ea600000, 0x00000000ea700000|  0%| F|  |TAMS 0x00000000ea600000| PB 0x00000000ea600000| Untracked 
| 167|0x00000000ea700000, 0x00000000ea700000, 0x00000000ea800000|  0%| F|  |TAMS 0x00000000ea700000| PB 0x00000000ea700000| Untracked 
| 168|0x00000000ea800000, 0x00000000ea800000, 0x00000000ea900000|  0%| F|  |TAMS 0x00000000ea800000| PB 0x00000000ea800000| Untracked 
| 169|0x00000000ea900000, 0x00000000ea900000, 0x00000000eaa00000|  0%| F|  |TAMS 0x00000000ea900000| PB 0x00000000ea900000| Untracked 
| 170|0x00000000eaa00000, 0x00000000eaa00000, 0x00000000eab00000|  0%| F|  |TAMS 0x00000000eaa00000| PB 0x00000000eaa00000| Untracked 
| 171|0x00000000eab00000, 0x00000000eab00000, 0x00000000eac00000|  0%| F|  |TAMS 0x00000000eab00000| PB 0x00000000eab00000| Untracked 
| 172|0x00000000eac00000, 0x00000000eac00000, 0x00000000ead00000|  0%| F|  |TAMS 0x00000000eac00000| PB 0x00000000eac00000| Untracked 
| 173|0x00000000ead00000, 0x00000000ead00000, 0x00000000eae00000|  0%| F|  |TAMS 0x00000000ead00000| PB 0x00000000ead00000| Untracked 
| 174|0x00000000eae00000, 0x00000000eae00000, 0x00000000eaf00000|  0%| F|  |TAMS 0x00000000eae00000| PB 0x00000000eae00000| Untracked 
| 175|0x00000000eaf00000, 0x00000000eaf00000, 0x00000000eb000000|  0%| F|  |TAMS 0x00000000eaf00000| PB 0x00000000eaf00000| Untracked 
| 176|0x00000000eb000000, 0x00000000eb000000, 0x00000000eb100000|  0%| F|  |TAMS 0x00000000eb000000| PB 0x00000000eb000000| Untracked 
| 177|0x00000000eb100000, 0x00000000eb100000, 0x00000000eb200000|  0%| F|  |TAMS 0x00000000eb100000| PB 0x00000000eb100000| Untracked 
| 178|0x00000000eb200000, 0x00000000eb200000, 0x00000000eb300000|  0%| F|  |TAMS 0x00000000eb200000| PB 0x00000000eb200000| Untracked 
| 179|0x00000000eb300000, 0x00000000eb300000, 0x00000000eb400000|  0%| F|  |TAMS 0x00000000eb300000| PB 0x00000000eb300000| Untracked 
| 180|0x00000000eb400000, 0x00000000eb400000, 0x00000000eb500000|  0%| F|  |TAMS 0x00000000eb400000| PB 0x00000000eb400000| Untracked 
| 181|0x00000000eb500000, 0x00000000eb500000, 0x00000000eb600000|  0%| F|  |TAMS 0x00000000eb500000| PB 0x00000000eb500000| Untracked 
| 182|0x00000000eb600000, 0x00000000eb600000, 0x00000000eb700000|  0%| F|  |TAMS 0x00000000eb600000| PB 0x00000000eb600000| Untracked 
| 183|0x00000000eb700000, 0x00000000eb700000, 0x00000000eb800000|  0%| F|  |TAMS 0x00000000eb700000| PB 0x00000000eb700000| Untracked 
| 184|0x00000000eb800000, 0x00000000eb800000, 0x00000000eb900000|  0%| F|  |TAMS 0x00000000eb800000| PB 0x00000000eb800000| Untracked 
| 185|0x00000000eb900000, 0x00000000eb900000, 0x00000000eba00000|  0%| F|  |TAMS 0x00000000eb900000| PB 0x00000000eb900000| Untracked 
| 186|0x00000000eba00000, 0x00000000eba00000, 0x00000000ebb00000|  0%| F|  |TAMS 0x00000000eba00000| PB 0x00000000eba00000| Untracked 
| 187|0x00000000ebb00000, 0x00000000ebb00000, 0x00000000ebc00000|  0%| F|  |TAMS 0x00000000ebb00000| PB 0x00000000ebb00000| Untracked 
| 188|0x00000000ebc00000, 0x00000000ebc00000, 0x00000000ebd00000|  0%| F|  |TAMS 0x00000000ebc00000| PB 0x00000000ebc00000| Untracked 
| 189|0x00000000ebd00000, 0x00000000ebd00000, 0x00000000ebe00000|  0%| F|  |TAMS 0x00000000ebd00000| PB 0x00000000ebd00000| Untracked 
| 190|0x00000000ebe00000, 0x00000000ebe00000, 0x00000000ebf00000|  0%| F|  |TAMS 0x00000000ebe00000| PB 0x00000000ebe00000| Untracked 
| 191|0x00000000ebf00000, 0x00000000ebf00000, 0x00000000ec000000|  0%| F|  |TAMS 0x00000000ebf00000| PB 0x00000000ebf00000| Untracked 
| 192|0x00000000ec000000, 0x00000000ec080000, 0x00000000ec100000| 50%| E|  |TAMS 0x00000000ec000000| PB 0x00000000ec000000| Complete 
| 193|0x00000000ec100000, 0x00000000ec200000, 0x00000000ec200000|100%| E|CS|TAMS 0x00000000ec100000| PB 0x00000000ec100000| Complete 
| 194|0x00000000ec200000, 0x00000000ec300000, 0x00000000ec300000|100%| E|CS|TAMS 0x00000000ec200000| PB 0x00000000ec200000| Complete 
| 195|0x00000000ec300000, 0x00000000ec400000, 0x00000000ec400000|100%| E|CS|TAMS 0x00000000ec300000| PB 0x00000000ec300000| Complete 
| 196|0x00000000ec400000, 0x00000000ec500000, 0x00000000ec500000|100%| E|CS|TAMS 0x00000000ec400000| PB 0x00000000ec400000| Complete 
| 197|0x00000000ec500000, 0x00000000ec600000, 0x00000000ec600000|100%| E|CS|TAMS 0x00000000ec500000| PB 0x00000000ec500000| Complete 
| 198|0x00000000ec600000, 0x00000000ec700000, 0x00000000ec700000|100%| E|CS|TAMS 0x00000000ec600000| PB 0x00000000ec600000| Complete 
| 199|0x00000000ec700000, 0x00000000ec800000, 0x00000000ec800000|100%| E|CS|TAMS 0x00000000ec700000| PB 0x00000000ec700000| Complete 
| 200|0x00000000ec800000, 0x00000000ec900000, 0x00000000ec900000|100%| E|CS|TAMS 0x00000000ec800000| PB 0x00000000ec800000| Complete 
| 201|0x00000000ec900000, 0x00000000eca00000, 0x00000000eca00000|100%| E|CS|TAMS 0x00000000ec900000| PB 0x00000000ec900000| Complete 
| 202|0x00000000eca00000, 0x00000000ecb00000, 0x00000000ecb00000|100%| S|CS|TAMS 0x00000000eca00000| PB 0x00000000eca00000| Complete 
| 203|0x00000000ecb00000, 0x00000000ecc00000, 0x00000000ecc00000|100%| S|CS|TAMS 0x00000000ecb00000| PB 0x00000000ecb00000| Complete 
| 204|0x00000000ecc00000, 0x00000000ecd00000, 0x00000000ecd00000|100%| S|CS|TAMS 0x00000000ecc00000| PB 0x00000000ecc00000| Complete 
| 205|0x00000000ecd00000, 0x00000000ece00000, 0x00000000ece00000|100%| S|CS|TAMS 0x00000000ecd00000| PB 0x00000000ecd00000| Complete 
| 206|0x00000000ece00000, 0x00000000ecf00000, 0x00000000ecf00000|100%| S|CS|TAMS 0x00000000ece00000| PB 0x00000000ece00000| Complete 
| 207|0x00000000ecf00000, 0x00000000ed000000, 0x00000000ed000000|100%| S|CS|TAMS 0x00000000ecf00000| PB 0x00000000ecf00000| Complete 
| 208|0x00000000ed000000, 0x00000000ed100000, 0x00000000ed100000|100%| E|CS|TAMS 0x00000000ed000000| PB 0x00000000ed000000| Complete 
| 209|0x00000000ed100000, 0x00000000ed200000, 0x00000000ed200000|100%| E|CS|TAMS 0x00000000ed100000| PB 0x00000000ed100000| Complete 
| 210|0x00000000ed200000, 0x00000000ed300000, 0x00000000ed300000|100%| E|CS|TAMS 0x00000000ed200000| PB 0x00000000ed200000| Complete 
| 211|0x00000000ed300000, 0x00000000ed400000, 0x00000000ed400000|100%| E|CS|TAMS 0x00000000ed300000| PB 0x00000000ed300000| Complete 
| 212|0x00000000ed400000, 0x00000000ed500000, 0x00000000ed500000|100%| E|CS|TAMS 0x00000000ed400000| PB 0x00000000ed400000| Complete 
| 213|0x00000000ed500000, 0x00000000ed600000, 0x00000000ed600000|100%| E|CS|TAMS 0x00000000ed500000| PB 0x00000000ed500000| Complete 
| 214|0x00000000ed600000, 0x00000000ed700000, 0x00000000ed700000|100%| E|CS|TAMS 0x00000000ed600000| PB 0x00000000ed600000| Complete 
| 215|0x00000000ed700000, 0x00000000ed800000, 0x00000000ed800000|100%| E|CS|TAMS 0x00000000ed700000| PB 0x00000000ed700000| Complete 
| 216|0x00000000ed800000, 0x00000000ed900000, 0x00000000ed900000|100%| E|CS|TAMS 0x00000000ed800000| PB 0x00000000ed800000| Complete 
| 217|0x00000000ed900000, 0x00000000eda00000, 0x00000000eda00000|100%| E|CS|TAMS 0x00000000ed900000| PB 0x00000000ed900000| Complete 
| 218|0x00000000eda00000, 0x00000000edb00000, 0x00000000edb00000|100%| E|CS|TAMS 0x00000000eda00000| PB 0x00000000eda00000| Complete 
| 219|0x00000000edb00000, 0x00000000edc00000, 0x00000000edc00000|100%| E|CS|TAMS 0x00000000edb00000| PB 0x00000000edb00000| Complete 
| 220|0x00000000edc00000, 0x00000000edd00000, 0x00000000edd00000|100%| E|CS|TAMS 0x00000000edc00000| PB 0x00000000edc00000| Complete 
| 221|0x00000000edd00000, 0x00000000ede00000, 0x00000000ede00000|100%| E|CS|TAMS 0x00000000edd00000| PB 0x00000000edd00000| Complete 
| 222|0x00000000ede00000, 0x00000000edf00000, 0x00000000edf00000|100%| E|CS|TAMS 0x00000000ede00000| PB 0x00000000ede00000| Complete 
| 223|0x00000000edf00000, 0x00000000ee000000, 0x00000000ee000000|100%| E|CS|TAMS 0x00000000edf00000| PB 0x00000000edf00000| Complete 
| 224|0x00000000ee000000, 0x00000000ee100000, 0x00000000ee100000|100%| E|CS|TAMS 0x00000000ee000000| PB 0x00000000ee000000| Complete 
| 225|0x00000000ee100000, 0x00000000ee200000, 0x00000000ee200000|100%| E|CS|TAMS 0x00000000ee100000| PB 0x00000000ee100000| Complete 
| 226|0x00000000ee200000, 0x00000000ee300000, 0x00000000ee300000|100%| E|CS|TAMS 0x00000000ee200000| PB 0x00000000ee200000| Complete 
| 227|0x00000000ee300000, 0x00000000ee400000, 0x00000000ee400000|100%| E|CS|TAMS 0x00000000ee300000| PB 0x00000000ee300000| Complete 
| 228|0x00000000ee400000, 0x00000000ee500000, 0x00000000ee500000|100%| E|CS|TAMS 0x00000000ee400000| PB 0x00000000ee400000| Complete 
| 229|0x00000000ee500000, 0x00000000ee600000, 0x00000000ee600000|100%| E|CS|TAMS 0x00000000ee500000| PB 0x00000000ee500000| Complete 
| 230|0x00000000ee600000, 0x00000000ee700000, 0x00000000ee700000|100%| E|CS|TAMS 0x00000000ee600000| PB 0x00000000ee600000| Complete 
| 231|0x00000000ee700000, 0x00000000ee800000, 0x00000000ee800000|100%| E|CS|TAMS 0x00000000ee700000| PB 0x00000000ee700000| Complete 
| 232|0x00000000ee800000, 0x00000000ee900000, 0x00000000ee900000|100%| E|CS|TAMS 0x00000000ee800000| PB 0x00000000ee800000| Complete 
| 233|0x00000000ee900000, 0x00000000eea00000, 0x00000000eea00000|100%| E|CS|TAMS 0x00000000ee900000| PB 0x00000000ee900000| Complete 
| 234|0x00000000eea00000, 0x00000000eeb00000, 0x00000000eeb00000|100%| E|CS|TAMS 0x00000000eea00000| PB 0x00000000eea00000| Complete 
| 235|0x00000000eeb00000, 0x00000000eec00000, 0x00000000eec00000|100%| E|CS|TAMS 0x00000000eeb00000| PB 0x00000000eeb00000| Complete 
| 236|0x00000000eec00000, 0x00000000eed00000, 0x00000000eed00000|100%| E|CS|TAMS 0x00000000eec00000| PB 0x00000000eec00000| Complete 
| 237|0x00000000eed00000, 0x00000000eee00000, 0x00000000eee00000|100%| E|CS|TAMS 0x00000000eed00000| PB 0x00000000eed00000| Complete 
| 238|0x00000000eee00000, 0x00000000eef00000, 0x00000000eef00000|100%| E|CS|TAMS 0x00000000eee00000| PB 0x00000000eee00000| Complete 
| 239|0x00000000eef00000, 0x00000000ef000000, 0x00000000ef000000|100%| E|CS|TAMS 0x00000000eef00000| PB 0x00000000eef00000| Complete 
| 240|0x00000000ef000000, 0x00000000ef100000, 0x00000000ef100000|100%| E|CS|TAMS 0x00000000ef000000| PB 0x00000000ef000000| Complete 
| 241|0x00000000ef100000, 0x00000000ef200000, 0x00000000ef200000|100%| E|CS|TAMS 0x00000000ef100000| PB 0x00000000ef100000| Complete 
| 242|0x00000000ef200000, 0x00000000ef300000, 0x00000000ef300000|100%| E|CS|TAMS 0x00000000ef200000| PB 0x00000000ef200000| Complete 
| 243|0x00000000ef300000, 0x00000000ef400000, 0x00000000ef400000|100%| E|CS|TAMS 0x00000000ef300000| PB 0x00000000ef300000| Complete 
| 244|0x00000000ef400000, 0x00000000ef500000, 0x00000000ef500000|100%| E|CS|TAMS 0x00000000ef400000| PB 0x00000000ef400000| Complete 
| 245|0x00000000ef500000, 0x00000000ef600000, 0x00000000ef600000|100%| E|CS|TAMS 0x00000000ef500000| PB 0x00000000ef500000| Complete 
| 246|0x00000000ef600000, 0x00000000ef700000, 0x00000000ef700000|100%| E|CS|TAMS 0x00000000ef600000| PB 0x00000000ef600000| Complete 
| 247|0x00000000ef700000, 0x00000000ef800000, 0x00000000ef800000|100%| E|CS|TAMS 0x00000000ef700000| PB 0x00000000ef700000| Complete 
| 248|0x00000000ef800000, 0x00000000ef900000, 0x00000000ef900000|100%| E|CS|TAMS 0x00000000ef800000| PB 0x00000000ef800000| Complete 
| 249|0x00000000ef900000, 0x00000000efa00000, 0x00000000efa00000|100%| E|CS|TAMS 0x00000000ef900000| PB 0x00000000ef900000| Complete 
| 250|0x00000000efa00000, 0x00000000efb00000, 0x00000000efb00000|100%| E|CS|TAMS 0x00000000efa00000| PB 0x00000000efa00000| Complete 
| 251|0x00000000efb00000, 0x00000000efc00000, 0x00000000efc00000|100%| E|CS|TAMS 0x00000000efb00000| PB 0x00000000efb00000| Complete 
| 252|0x00000000efc00000, 0x00000000efd00000, 0x00000000efd00000|100%| E|CS|TAMS 0x00000000efc00000| PB 0x00000000efc00000| Complete 
| 253|0x00000000efd00000, 0x00000000efe00000, 0x00000000efe00000|100%| E|CS|TAMS 0x00000000efd00000| PB 0x00000000efd00000| Complete 
| 254|0x00000000efe00000, 0x00000000eff00000, 0x00000000eff00000|100%| E|CS|TAMS 0x00000000efe00000| PB 0x00000000efe00000| Complete 
| 255|0x00000000eff00000, 0x00000000f0000000, 0x00000000f0000000|100%| E|CS|TAMS 0x00000000eff00000| PB 0x00000000eff00000| Complete 

Card table byte_map: [0x000001a0f5d90000,0x000001a0f5e90000] _byte_map_base: 0x000001a0f5690000

Marking Bits: (CMBitMap*) 0x000001a0e356e470
 Bits: [0x000001a0f5e90000, 0x000001a0f6690000)

Polling page: 0x000001a0e14e0000

Metaspace:

Usage:
  Non-class:     14.26 MB used.
      Class:      2.36 MB used.
       Both:     16.62 MB used.

Virtual space:
  Non-class space:       64.00 MB reserved,      14.50 MB ( 23%) committed,  1 nodes.
      Class space:      320.00 MB reserved,       2.56 MB ( <1%) committed,  1 nodes.
             Both:      384.00 MB reserved,      17.06 MB (  4%) committed. 

Chunk freelists:
   Non-Class:  1.11 MB
       Class:  13.44 MB
        Both:  14.55 MB

MaxMetaspaceSize: 384.00 MB
CompressedClassSpaceSize: 320.00 MB
Initial GC threshold: 21.00 MB
Current GC threshold: 21.00 MB
CDS: on
 - commit_granule_bytes: 65536.
 - commit_granule_words: 8192.
 - virtual_space_node_default_size: 8388608.
 - enlarge_chunks_in_place: 1.
 - use_allocation_guard: 0.


Internal statistics:

num_allocs_failed_limit: 0.
num_arena_births: 680.
num_arena_deaths: 0.
num_vsnodes_births: 2.
num_vsnodes_deaths: 0.
num_space_committed: 273.
num_space_uncommitted: 0.
num_chunks_returned_to_freelist: 0.
num_chunks_taken_from_freelist: 1293.
num_chunk_merges: 0.
num_chunk_splits: 836.
num_chunks_enlarged: 571.
num_inconsistent_stats: 0.

CodeHeap 'non-profiled nmethods': size=120000Kb used=1543Kb max_used=1543Kb free=118456Kb
 bounds [0x000001a0ee210000, 0x000001a0ee480000, 0x000001a0f5740000]
CodeHeap 'profiled nmethods': size=120000Kb used=5805Kb max_used=5805Kb free=114194Kb
 bounds [0x000001a0e6740000, 0x000001a0e6cf0000, 0x000001a0edc70000]
CodeHeap 'non-nmethods': size=5760Kb used=1420Kb max_used=1468Kb free=4340Kb
 bounds [0x000001a0edc70000, 0x000001a0edee0000, 0x000001a0ee210000]
CodeCache: size=245760Kb, used=8768Kb, max_used=8816Kb, free=236990Kb
 total_blobs=3469, nmethods=2896, adapters=477, full_count=0
Compilation: enabled, stopped_count=0, restarted_count=0

Compilation events (20 events):
Event: 51.033 Thread 0x000001a0f93bd5c0 nmethod 2891 0x000001a0e6ce5c10 code [0x000001a0e6ce5de0, 0x000001a0e6ce6088]
Event: 51.033 Thread 0x000001a0f93bd5c0 2892       3       org.gradle.internal.service.DefaultServiceRegistry$CollectingVisitor::visit (25 bytes)
Event: 51.033 Thread 0x000001a0f93bd5c0 nmethod 2892 0x000001a0e6ce6210 code [0x000001a0e6ce63e0, 0x000001a0e6ce66c8]
Event: 51.092 Thread 0x000001a0f93bd5c0 2893       3       java.util.ArrayList::clear (43 bytes)
Event: 51.092 Thread 0x000001a0f93bd5c0 nmethod 2893 0x000001a0e6ce6810 code [0x000001a0e6ce69c0, 0x000001a0e6ce6d38]
Event: 51.092 Thread 0x000001a0f93bd5c0 2894       3       java.lang.Thread::onSpinWait (1 bytes)
Event: 51.092 Thread 0x000001a0f93bd5c0 nmethod 2894 0x000001a0e6ce6e90 code [0x000001a0e6ce7020, 0x000001a0e6ce7108]
Event: 51.153 Thread 0x000001a0f93bd5c0 2895       3       java.lang.Package$VersionInfo::<init> (44 bytes)
Event: 51.154 Thread 0x000001a0f93bd5c0 nmethod 2895 0x000001a0e6ce7190 code [0x000001a0e6ce7360, 0x000001a0e6ce7758]
Event: 51.332 Thread 0x000001a0f934dae0 nmethod 2840 0x000001a0ee380510 code [0x000001a0ee380fc0, 0x000001a0ee389af8]
Event: 51.333 Thread 0x000001a0f934dae0 2884       4       java.lang.StringBuilder::append (8 bytes)
Event: 51.334 Thread 0x000001a0f93bd5c0 2896   !   3       org.gradle.internal.classloader.TransformingClassLoader::findClass (203 bytes)
Event: 51.338 Thread 0x000001a0f93bd5c0 nmethod 2896 0x000001a0e6ce7810 code [0x000001a0e6ce7d20, 0x000001a0e6cea0a0]
Event: 51.338 Thread 0x000001a0f93bd5c0 2897       3       org.gradle.initialization.MixInLegacyTypesClassLoader::shouldTransform (42 bytes)
Event: 51.338 Thread 0x000001a0f934dae0 nmethod 2884 0x000001a0ee38e310 code [0x000001a0ee38e4e0, 0x000001a0ee38e830]
Event: 51.338 Thread 0x000001a0f934dae0 2824       4       java.lang.invoke.InvokerBytecodeGenerator::emitImplicitConversion (161 bytes)
Event: 51.339 Thread 0x000001a0f93bd5c0 nmethod 2897 0x000001a0e6ceb010 code [0x000001a0e6ceb1e0, 0x000001a0e6ceb5d0]
Event: 51.384 Thread 0x000001a0f934dae0 nmethod 2824 0x000001a0ee38ea90 code [0x000001a0ee38ed80, 0x000001a0ee38fda8]
Event: 51.384 Thread 0x000001a0f934dae0 2875       4       java.lang.invoke.InvokerBytecodeGenerator::emitPushArgument (150 bytes)
Event: 51.400 Thread 0x000001a0f934dae0 nmethod 2875 0x000001a0ee390990 code [0x000001a0ee390c00, 0x000001a0ee391520]

GC Heap History (6 events):
Event: 5.342 GC heap before
{Heap before GC invocations=0 (full 0):
 garbage-first heap   total 262144K, used 26624K [0x00000000e0000000, 0x0000000100000000)
  region size 1024K, 23 young (23552K), 0 survivors (0K)
 Metaspace       used 1144K, committed 1280K, reserved 393216K
  class space    used 81K, committed 128K, reserved 327680K
}
Event: 5.352 GC heap after
{Heap after GC invocations=1 (full 0):
 garbage-first heap   total 262144K, used 9429K [0x00000000e0000000, 0x0000000100000000)
  region size 1024K, 3 young (3072K), 3 survivors (3072K)
 Metaspace       used 1144K, committed 1280K, reserved 393216K
  class space    used 81K, committed 128K, reserved 327680K
}
Event: 20.898 GC heap before
{Heap before GC invocations=1 (full 0):
 garbage-first heap   total 262144K, used 41173K [0x00000000e0000000, 0x0000000100000000)
  region size 1024K, 34 young (34816K), 3 survivors (3072K)
 Metaspace       used 4325K, committed 4480K, reserved 393216K
  class space    used 544K, committed 640K, reserved 327680K
}
Event: 20.904 GC heap after
{Heap after GC invocations=2 (full 0):
 garbage-first heap   total 262144K, used 11951K [0x00000000e0000000, 0x0000000100000000)
  region size 1024K, 3 young (3072K), 3 survivors (3072K)
 Metaspace       used 4325K, committed 4480K, reserved 393216K
  class space    used 544K, committed 640K, reserved 327680K
}
Event: 39.003 GC heap before
{Heap before GC invocations=2 (full 0):
 garbage-first heap   total 262144K, used 59055K [0x00000000e0000000, 0x0000000100000000)
  region size 1024K, 48 young (49152K), 3 survivors (3072K)
 Metaspace       used 5874K, committed 6016K, reserved 393216K
  class space    used 775K, committed 832K, reserved 327680K
}
Event: 39.012 GC heap after
{Heap after GC invocations=3 (full 0):
 garbage-first heap   total 262144K, used 18626K [0x00000000e0000000, 0x0000000100000000)
  region size 1024K, 6 young (6144K), 6 survivors (6144K)
 Metaspace       used 5874K, committed 6016K, reserved 393216K
  class space    used 775K, committed 832K, reserved 327680K
}

Dll operation events (20 events):
Event: 0.647 Attempting to load shared library C:\Users\Lucas Hernandez\.vscode\extensions\redhat.java-1.56.0-win32-x64\jre\21.0.12.1-win32-x86_64\bin\nio.dll
Event: 0.647 Loaded shared library C:\Users\Lucas Hernandez\.vscode\extensions\redhat.java-1.56.0-win32-x64\jre\21.0.12.1-win32-x86_64\bin\nio.dll
Event: 0.654 Attempting to load shared library C:\Users\Lucas Hernandez\.vscode\extensions\redhat.java-1.56.0-win32-x64\jre\21.0.12.1-win32-x86_64\bin\zip.dll
Event: 0.654 Loaded shared library C:\Users\Lucas Hernandez\.vscode\extensions\redhat.java-1.56.0-win32-x64\jre\21.0.12.1-win32-x86_64\bin\zip.dll
Event: 2.453 Attempting to load shared library C:\Users\Lucas Hernandez\.vscode\extensions\redhat.java-1.56.0-win32-x64\jre\21.0.12.1-win32-x86_64\bin\jimage.dll
Event: 2.453 Loaded shared library C:\Users\Lucas Hernandez\.vscode\extensions\redhat.java-1.56.0-win32-x64\jre\21.0.12.1-win32-x86_64\bin\jimage.dll
Event: 6.373 Attempting to load shared library C:\Users\Lucas Hernandez\.vscode\extensions\redhat.java-1.56.0-win32-x64\jre\21.0.12.1-win32-x86_64\bin\verify.dll
Event: 6.379 Loaded shared library C:\Users\Lucas Hernandez\.vscode\extensions\redhat.java-1.56.0-win32-x64\jre\21.0.12.1-win32-x86_64\bin\verify.dll
Event: 15.316 Attempting to load shared library C:\Users\Lucas Hernandez\.gradle\native\c067742578af261105cb4f569cf0c3c89f3d7b1fecec35dd04571415982c5e48\windows-amd64\native-platform.dll
Event: 15.334 Loaded shared library C:\Users\Lucas Hernandez\.gradle\native\c067742578af261105cb4f569cf0c3c89f3d7b1fecec35dd04571415982c5e48\windows-amd64\native-platform.dll
Event: 15.384 Attempting to load shared library C:\Users\Lucas Hernandez\.gradle\native\100fb08df4bc3b14c8652ba06237920a3bd2aa13389f12d3474272988ae205f9\windows-amd64\native-platform-file-events.dll
Event: 15.386 Loaded shared library C:\Users\Lucas Hernandez\.gradle\native\100fb08df4bc3b14c8652ba06237920a3bd2aa13389f12d3474272988ae205f9\windows-amd64\native-platform-file-events.dll
Event: 40.420 Attempting to load shared library C:\Users\Lucas Hernandez\.vscode\extensions\redhat.java-1.56.0-win32-x64\jre\21.0.12.1-win32-x86_64\bin\management.dll
Event: 40.421 Loaded shared library C:\Users\Lucas Hernandez\.vscode\extensions\redhat.java-1.56.0-win32-x64\jre\21.0.12.1-win32-x86_64\bin\management.dll
Event: 40.440 Attempting to load shared library C:\Users\Lucas Hernandez\.vscode\extensions\redhat.java-1.56.0-win32-x64\jre\21.0.12.1-win32-x86_64\bin\management_ext.dll
Event: 40.444 Loaded shared library C:\Users\Lucas Hernandez\.vscode\extensions\redhat.java-1.56.0-win32-x64\jre\21.0.12.1-win32-x86_64\bin\management_ext.dll
Event: 44.079 Attempting to load shared library C:\Users\Lucas Hernandez\.vscode\extensions\redhat.java-1.56.0-win32-x64\jre\21.0.12.1-win32-x86_64\bin\extnet.dll
Event: 44.080 Loaded shared library C:\Users\Lucas Hernandez\.vscode\extensions\redhat.java-1.56.0-win32-x64\jre\21.0.12.1-win32-x86_64\bin\extnet.dll
Event: 45.253 Attempting to load shared library C:\Users\Lucas Hernandez\.vscode\extensions\redhat.java-1.56.0-win32-x64\jre\21.0.12.1-win32-x86_64\bin\sunmscapi.dll
Event: 45.308 Loaded shared library C:\Users\Lucas Hernandez\.vscode\extensions\redhat.java-1.56.0-win32-x64\jre\21.0.12.1-win32-x86_64\bin\sunmscapi.dll

Deoptimization events (20 events):
Event: 49.161 Thread 0x000001a0fef9e490 DEOPT PACKING pc=0x000001a0ee35aca0 sp=0x0000005ad60feba0
Event: 49.162 Thread 0x000001a0fef9e490 DEOPT UNPACKING pc=0x000001a0edcc4422 sp=0x0000005ad60feb58 mode 2
Event: 49.533 Thread 0x000001a0f9e82240 Uncommon trap: trap_request=0xffffff45 fr.pc=0x000001a0ee238574 relative=0x0000000000000cf4
Event: 49.533 Thread 0x000001a0f9e82240 Uncommon trap: reason=unstable_if action=reinterpret pc=0x000001a0ee238574 method=java.io.WinNTFileSystem.resolve(Ljava/lang/String;Ljava/lang/String;)Ljava/lang/String; @ 19 c2
Event: 49.533 Thread 0x000001a0f9e82240 DEOPT PACKING pc=0x000001a0ee238574 sp=0x0000005ad5afb8c0
Event: 49.533 Thread 0x000001a0f9e82240 DEOPT UNPACKING pc=0x000001a0edcc4422 sp=0x0000005ad5afb858 mode 2
Event: 49.536 Thread 0x000001a0f9e82240 Uncommon trap: trap_request=0xffffff45 fr.pc=0x000001a0ee2ab794 relative=0x0000000000000634
Event: 49.536 Thread 0x000001a0f9e82240 Uncommon trap: reason=unstable_if action=reinterpret pc=0x000001a0ee2ab794 method=java.io.File.getName()Ljava/lang/String; @ 16 c2
Event: 49.536 Thread 0x000001a0f9e82240 DEOPT PACKING pc=0x000001a0ee2ab794 sp=0x0000005ad5afb880
Event: 49.536 Thread 0x000001a0f9e82240 DEOPT UNPACKING pc=0x000001a0edcc4422 sp=0x0000005ad5afb850 mode 2
Event: 50.042 Thread 0x000001a0f9e82240 Uncommon trap: trap_request=0xffffff45 fr.pc=0x000001a0ee23c214 relative=0x00000000000000f4
Event: 50.042 Thread 0x000001a0f9e82240 Uncommon trap: reason=unstable_if action=reinterpret pc=0x000001a0ee23c214 method=java.util.HashMap.hash(Ljava/lang/Object;)I @ 1 c2
Event: 50.042 Thread 0x000001a0f9e82240 DEOPT PACKING pc=0x000001a0ee23c214 sp=0x0000005ad5afc6a0
Event: 50.042 Thread 0x000001a0f9e82240 DEOPT UNPACKING pc=0x000001a0edcc4422 sp=0x0000005ad5afc5e0 mode 2
Event: 50.898 Thread 0x000001a0f9e82240 Uncommon trap: trap_request=0xfffffff4 fr.pc=0x000001a0ee2957c4 relative=0x00000000000002c4
Event: 50.898 Thread 0x000001a0f9e82240 Uncommon trap: reason=null_check action=make_not_entrant pc=0x000001a0ee2957c4 method=java.io.File.equals(Ljava/lang/Object;)Z @ 1 c2
Event: 50.898 Thread 0x000001a0f9e82240 DEOPT PACKING pc=0x000001a0ee2957c4 sp=0x0000005ad5afd460
Event: 50.898 Thread 0x000001a0f9e82240 DEOPT UNPACKING pc=0x000001a0edcc4422 sp=0x0000005ad5afd418 mode 2
Event: 51.010 Thread 0x000001a0f9e82240 DEOPT PACKING pc=0x000001a0e6821e59 sp=0x0000005ad5afd080
Event: 51.010 Thread 0x000001a0f9e82240 DEOPT UNPACKING pc=0x000001a0edcc4bc2 sp=0x0000005ad5afc518 mode 0

Classes loaded (20 events):
Event: 50.457 Loading class java/lang/invoke/BoundMethodHandle$Species_LLLLLLLLLLLLLLL
Event: 50.457 Loading class java/lang/invoke/BoundMethodHandle$Species_LLLLLLLLLLLLLLL done
Event: 50.460 Loading class java/lang/invoke/BoundMethodHandle$Species_LLLLLLLLLLLLLLLL
Event: 50.460 Loading class java/lang/invoke/BoundMethodHandle$Species_LLLLLLLLLLLLLLLL done
Event: 50.464 Loading class java/lang/invoke/BoundMethodHandle$Species_LLLLLLLLLLLLLLLLL
Event: 50.464 Loading class java/lang/invoke/BoundMethodHandle$Species_LLLLLLLLLLLLLLLLL done
Event: 50.468 Loading class java/lang/invoke/BoundMethodHandle$Species_LLLLLLLLLLLLLLLLLL
Event: 50.468 Loading class java/lang/invoke/BoundMethodHandle$Species_LLLLLLLLLLLLLLLLLL done
Event: 50.472 Loading class java/lang/invoke/BoundMethodHandle$Species_LLLLLLLLLLLLLLLLLLL
Event: 50.472 Loading class java/lang/invoke/BoundMethodHandle$Species_LLLLLLLLLLLLLLLLLLL done
Event: 50.475 Loading class java/lang/invoke/BoundMethodHandle$Species_LLLLLLLLLLLLLLLLLLLL
Event: 50.475 Loading class java/lang/invoke/BoundMethodHandle$Species_LLLLLLLLLLLLLLLLLLLL done
Event: 50.480 Loading class java/lang/invoke/BoundMethodHandle$Species_LLLLLLLLLLLLLLLLLLLLL
Event: 50.480 Loading class java/lang/invoke/BoundMethodHandle$Species_LLLLLLLLLLLLLLLLLLLLL done
Event: 50.619 Loading class java/lang/invoke/BoundMethodHandle$Species_LLLLLLLLLLLLLLLLLLLLLL
Event: 50.619 Loading class java/lang/invoke/BoundMethodHandle$Species_LLLLLLLLLLLLLLLLLLLLLL done
Event: 50.622 Loading class java/lang/invoke/BoundMethodHandle$Species_LLLLLLLLLLLLLLLLLLLLLLL
Event: 50.622 Loading class java/lang/invoke/BoundMethodHandle$Species_LLLLLLLLLLLLLLLLLLLLLLL done
Event: 51.521 Loading class java/util/function/LongFunction
Event: 51.521 Loading class java/util/function/LongFunction done

Classes unloaded (0 events):
No events

Classes redefined (0 events):
No events

Internal exceptions (20 events):
Event: 48.411 Thread 0x000001a0f9e82240 Exception <a 'java/lang/IncompatibleClassChangeError'{0x00000000ed9d4430}: Found class java.lang.Object, but interface was expected> (0x00000000ed9d4430) 
thrown [s\src\hotspot\share\interpreter\linkResolver.cpp, line 840]
Event: 48.538 Thread 0x000001a0f9e82240 Exception <a 'java/lang/NoSuchMethodError'{0x00000000ed8fbfa8}: 'java.lang.Object java.lang.invoke.DirectMethodHandle$Holder.newInvokeSpecial(java.lang.Object, java.lang.Object, int)'> (0x00000000ed8fbfa8) 
thrown [s\src\hotspot\share\interpreter\linkResolver.cpp, line 773]
Event: 48.831 Thread 0x000001a0f9e82240 Exception <a 'java/lang/NoSuchMethodError'{0x00000000ed68bc80}: 'java.lang.Object java.lang.invoke.DirectMethodHandle$Holder.invokeVirtual(java.lang.Object, java.lang.Object, java.lang.Object, java.lang.Object, java.lang.Object, java.lang.Object, java.lang.Object, java.lang.Object)'> (0x00000000ed68bc80) 
thrown [s\src\hotspot\share\interpreter\linkResolver.cpp, line 773]
Event: 49.779 Thread 0x000001a0f9e82240 Exception <a 'java/lang/NoSuchMethodError'{0x00000000ed1d88f8}: 'int java.lang.invoke.DirectMethodHandle$Holder.invokeSpecialIFC(java.lang.Object, java.lang.Object, java.lang.Object, java.lang.Object)'> (0x00000000ed1d88f8) 
thrown [s\src\hotspot\share\interpreter\linkResolver.cpp, line 773]
Event: 49.783 Thread 0x000001a0f9e82240 Exception <a 'java/lang/NoSuchMethodError'{0x00000000ed1e5d18}: 'java.lang.Object java.lang.invoke.DirectMethodHandle$Holder.invokeInterface(java.lang.Object, java.lang.Object, java.lang.Object)'> (0x00000000ed1e5d18) 
thrown [s\src\hotspot\share\interpreter\linkResolver.cpp, line 773]
Event: 49.783 Thread 0x000001a0f9e82240 Exception <a 'java/lang/IncompatibleClassChangeError'{0x00000000ed1e9680}: Found class java.lang.Object, but interface was expected> (0x00000000ed1e9680) 
thrown [s\src\hotspot\share\interpreter\linkResolver.cpp, line 840]
Event: 50.042 Thread 0x000001a0f9e82240 Implicit null exception at 0x000001a0ee23c166 to 0x000001a0ee23c20a
Event: 50.140 Thread 0x000001a0f9e82240 Exception <a 'java/lang/NoSuchMethodError'{0x00000000ec9d8ca0}: 'int java.lang.invoke.DirectMethodHandle$Holder.invokeStatic(java.lang.Object, java.lang.Object, java.lang.Object, java.lang.Object)'> (0x00000000ec9d8ca0) 
thrown [s\src\hotspot\share\interpreter\linkResolver.cpp, line 773]
Event: 50.411 Thread 0x000001a0f9e82240 Exception <a 'java/lang/NoSuchMethodError'{0x00000000ec6367d0}: 'java.lang.Object java.lang.invoke.DelegatingMethodHandle$Holder.reinvoke_L(java.lang.Object, java.lang.Object, java.lang.Object, java.lang.Object, java.lang.Object, java.lang.Object, java.lang.Object, java.lang.Object, java.lang.Object, java.lang.Object, java.lang.Object, java.lang.Object, java.lang.Object, java.lang.Object, java.lang.Object, java.lang.Object, java.lang.Object, java.lang.Object, java.lang.Object, java.lang.Object, java.lang.O
Event: 50.455 Thread 0x000001a0f9e82240 Exception <a 'java/lang/NoSuchMethodError'{0x00000000ec6a4328}: 'java.lang.Object java.lang.invoke.DirectMethodHandle$Holder.invokeStatic(java.lang.Object, java.lang.Object, java.lang.Object, java.lang.Object, java.lang.Object, java.lang.Object, java.lang.Object, java.lang.Object, java.lang.Object, java.lang.Object, java.lang.Object, java.lang.Object, java.lang.Object, java.lang.Object, java.lang.Object, java.lang.Object, java.lang.Object)'> (0x00000000ec6a4328) 
thrown [s\src\hotspot\share\interpreter\lin
Event: 50.458 Thread 0x000001a0f9e82240 Exception <a 'java/lang/NoSuchMethodError'{0x00000000ec6cd0f0}: 'java.lang.Object java.lang.invoke.DirectMethodHandle$Holder.invokeStatic(java.lang.Object, java.lang.Object, java.lang.Object, java.lang.Object, java.lang.Object, java.lang.Object, java.lang.Object, java.lang.Object, java.lang.Object, java.lang.Object, java.lang.Object, java.lang.Object, java.lang.Object, java.lang.Object, java.lang.Object, java.lang.Object, java.lang.Object, java.lang.Object)'> (0x00000000ec6cd0f0) 
thrown [s\src\hotspot\sha
Event: 50.462 Thread 0x000001a0f9e82240 Exception <a 'java/lang/NoSuchMethodError'{0x00000000ec6f71b8}: 'java.lang.Object java.lang.invoke.DirectMethodHandle$Holder.invokeStatic(java.lang.Object, java.lang.Object, java.lang.Object, java.lang.Object, java.lang.Object, java.lang.Object, java.lang.Object, java.lang.Object, java.lang.Object, java.lang.Object, java.lang.Object, java.lang.Object, java.lang.Object, java.lang.Object, java.lang.Object, java.lang.Object, java.lang.Object, java.lang.Object, java.lang.Object)'> (0x00000000ec6f71b8) 
thrown 
Event: 50.465 Thread 0x000001a0f9e82240 Exception <a 'java/lang/NoSuchMethodError'{0x00000000ec522930}: 'java.lang.Object java.lang.invoke.DirectMethodHandle$Holder.invokeStatic(java.lang.Object, java.lang.Object, java.lang.Object, java.lang.Object, java.lang.Object, java.lang.Object, java.lang.Object, java.lang.Object, java.lang.Object, java.lang.Object, java.lang.Object, java.lang.Object, java.lang.Object, java.lang.Object, java.lang.Object, java.lang.Object, java.lang.Object, java.lang.Object, java.lang.Object, java.lang.Object)'> (0x00000000
Event: 50.470 Thread 0x000001a0f9e82240 Exception <a 'java/lang/NoSuchMethodError'{0x00000000ec54f068}: 'java.lang.Object java.lang.invoke.DirectMethodHandle$Holder.invokeStatic(java.lang.Object, java.lang.Object, java.lang.Object, java.lang.Object, java.lang.Object, java.lang.Object, java.lang.Object, java.lang.Object, java.lang.Object, java.lang.Object, java.lang.Object, java.lang.Object, java.lang.Object, java.lang.Object, java.lang.Object, java.lang.Object, java.lang.Object, java.lang.Object, java.lang.Object, java.lang.Object, java.lang.Obj
Event: 50.473 Thread 0x000001a0f9e82240 Exception <a 'java/lang/NoSuchMethodError'{0x00000000ec57c880}: 'java.lang.Object java.lang.invoke.DirectMethodHandle$Holder.invokeStatic(java.lang.Object, java.lang.Object, java.lang.Object, java.lang.Object, java.lang.Object, java.lang.Object, java.lang.Object, java.lang.Object, java.lang.Object, java.lang.Object, java.lang.Object, java.lang.Object, java.lang.Object, java.lang.Object, java.lang.Object, java.lang.Object, java.lang.Object, java.lang.Object, java.lang.Object, java.lang.Object, java.lang.Obj
Event: 50.477 Thread 0x000001a0f9e82240 Exception <a 'java/lang/NoSuchMethodError'{0x00000000ec5aad98}: 'java.lang.Object java.lang.invoke.DirectMethodHandle$Holder.invokeStatic(java.lang.Object, java.lang.Object, java.lang.Object, java.lang.Object, java.lang.Object, java.lang.Object, java.lang.Object, java.lang.Object, java.lang.Object, java.lang.Object, java.lang.Object, java.lang.Object, java.lang.Object, java.lang.Object, java.lang.Object, java.lang.Object, java.lang.Object, java.lang.Object, java.lang.Object, java.lang.Object, java.lang.Obj
Event: 50.481 Thread 0x000001a0f9e82240 Exception <a 'java/lang/NoSuchMethodError'{0x00000000ec5d9fc8}: 'java.lang.Object java.lang.invoke.DirectMethodHandle$Holder.invokeStatic(java.lang.Object, java.lang.Object, java.lang.Object, java.lang.Object, java.lang.Object, java.lang.Object, java.lang.Object, java.lang.Object, java.lang.Object, java.lang.Object, java.lang.Object, java.lang.Object, java.lang.Object, java.lang.Object, java.lang.Object, java.lang.Object, java.lang.Object, java.lang.Object, java.lang.Object, java.lang.Object, java.lang.Obj
Event: 50.620 Thread 0x000001a0f9e82240 Exception <a 'java/lang/NoSuchMethodError'{0x00000000ec40a030}: 'java.lang.Object java.lang.invoke.DirectMethodHandle$Holder.invokeStatic(java.lang.Object, java.lang.Object, java.lang.Object, java.lang.Object, java.lang.Object, java.lang.Object, java.lang.Object, java.lang.Object, java.lang.Object, java.lang.Object, java.lang.Object, java.lang.Object, java.lang.Object, java.lang.Object, java.lang.Object, java.lang.Object, java.lang.Object, java.lang.Object, java.lang.Object, java.lang.Object, java.lang.Obj
Event: 50.623 Thread 0x000001a0f9e82240 Exception <a 'java/lang/NoSuchMethodError'{0x00000000ec43b7a8}: 'java.lang.Object java.lang.invoke.DirectMethodHandle$Holder.invokeStatic(java.lang.Object, java.lang.Object, java.lang.Object, java.lang.Object, java.lang.Object, java.lang.Object, java.lang.Object, java.lang.Object, java.lang.Object, java.lang.Object, java.lang.Object, java.lang.Object, java.lang.Object, java.lang.Object, java.lang.Object, java.lang.Object, java.lang.Object, java.lang.Object, java.lang.Object, java.lang.Object, java.lang.Obj
Event: 50.898 Thread 0x000001a0f9e82240 Implicit null exception at 0x000001a0ee29553d to 0x000001a0ee2957b4

ZGC Phase Switch (0 events):
No events

VM Operations (20 events):
Event: 46.226 Executing safepoint VM operation: Cleanup
Event: 46.304 Executing safepoint VM operation: Cleanup done
Event: 47.246 Executing non-safepoint VM operation: HandshakeAllThreads (Deoptimize)
Event: 47.246 Executing non-safepoint VM operation: HandshakeAllThreads (Deoptimize) done
Event: 47.499 Executing non-safepoint VM operation: HandshakeAllThreads (Deoptimize)
Event: 47.499 Executing non-safepoint VM operation: HandshakeAllThreads (Deoptimize) done
Event: 47.499 Executing safepoint VM operation: Cleanup
Event: 47.499 Executing safepoint VM operation: Cleanup done
Event: 48.512 Executing safepoint VM operation: Cleanup
Event: 48.527 Executing safepoint VM operation: Cleanup done
Event: 48.533 Executing non-safepoint VM operation: HandshakeAllThreads (Deoptimize)
Event: 48.533 Executing non-safepoint VM operation: HandshakeAllThreads (Deoptimize) done
Event: 49.543 Executing safepoint VM operation: Cleanup
Event: 49.543 Executing safepoint VM operation: Cleanup done
Event: 50.555 Executing safepoint VM operation: Cleanup
Event: 50.617 Executing safepoint VM operation: Cleanup done
Event: 50.670 Executing non-safepoint VM operation: HandshakeAllThreads (Deoptimize)
Event: 50.670 Executing non-safepoint VM operation: HandshakeAllThreads (Deoptimize) done
Event: 50.671 Executing non-safepoint VM operation: HandshakeAllThreads (Deoptimize)
Event: 50.671 Executing non-safepoint VM operation: HandshakeAllThreads (Deoptimize) done

Memory protections (0 events):
No events

Nmethod flushes (0 events):
No events

Events (20 events):
Event: 0.624 Thread 0x000001a0e353fc30 Thread added: 0x000001a0f95d90c0
Event: 0.693 Thread 0x000001a0e353fc30 Thread added: 0x000001a0f9602bf0
Event: 41.351 Thread 0x000001a0e353fc30 Thread added: 0x000001a0fe16faa0
Event: 44.707 Thread 0x000001a0e353fc30 Thread added: 0x000001a0fe2a6660
Event: 44.816 Thread 0x000001a0f93bd5c0 Thread added: 0x000001a0fed38090
Event: 44.995 Thread 0x000001a0fed38090 Thread exited: 0x000001a0fed38090
Event: 45.192 Thread 0x000001a0e353fc30 Thread added: 0x000001a0f9834980
Event: 45.426 Thread 0x000001a0fe2a6660 Thread added: 0x000001a0fe649ba0
Event: 45.462 Thread 0x000001a0fe649ba0 Thread added: 0x000001a0feee97a0
Event: 46.465 Thread 0x000001a0fe649ba0 Thread added: 0x000001a0fe3fcbd0
Event: 46.483 Thread 0x000001a0fe649ba0 Thread added: 0x000001a0f9e82240
Event: 46.533 Thread 0x000001a0f9e82240 Thread added: 0x000001a0fef9fed0
Event: 46.542 Thread 0x000001a0f9e82240 Thread added: 0x000001a0fefa1910
Event: 46.548 Thread 0x000001a0f9e82240 Thread added: 0x000001a0fefa0560
Event: 48.534 Thread 0x000001a0f9e82240 Thread added: 0x000001a0fefa0bf0
Event: 48.576 Thread 0x000001a0f9e82240 Thread added: 0x000001a0fef9f1b0
Event: 49.002 Thread 0x000001a0f9e82240 Thread added: 0x000001a0fef9e490
Event: 50.089 Thread 0x000001a0fef9f1b0 Thread added: 0x000001a0fefa1280
Event: 50.146 Thread 0x000001a0f93bd5c0 Thread added: 0x000001a0964b6f80
Event: 50.394 Thread 0x000001a0964b6f80 Thread exited: 0x000001a0964b6f80


Dynamic libraries:
0x00007ff61a400000 - 0x00007ff61a40e000 	C:\Users\Lucas Hernandez\.vscode\extensions\redhat.java-1.56.0-win32-x64\jre\21.0.12.1-win32-x86_64\bin\java.exe
0x00007ffa77d80000 - 0x00007ffa77fe7000 	C:\WINDOWS\SYSTEM32\ntdll.dll
0x00007ffa765c0000 - 0x00007ffa7668b000 	C:\WINDOWS\System32\KERNEL32.DLL
0x00007ffa74f80000 - 0x00007ffa75382000 	C:\WINDOWS\System32\KERNELBASE.dll
0x00007ffa75940000 - 0x00007ffa75a8c000 	C:\WINDOWS\System32\ucrtbase.dll
0x00007ffa54440000 - 0x00007ffa54458000 	C:\Users\Lucas Hernandez\.vscode\extensions\redhat.java-1.56.0-win32-x64\jre\21.0.12.1-win32-x86_64\bin\jli.dll
0x00007ffa55230000 - 0x00007ffa5524e000 	C:\Users\Lucas Hernandez\.vscode\extensions\redhat.java-1.56.0-win32-x64\jre\21.0.12.1-win32-x86_64\bin\VCRUNTIME140.dll
0x00007ffa626a0000 - 0x00007ffa62930000 	C:\WINDOWS\WinSxS\amd64_microsoft.windows.common-controls_6595b64144ccf1df_6.0.26100.9278_none_3e0d1ba8e3303201\COMCTL32.dll
0x00007ffa77060000 - 0x00007ffa77109000 	C:\WINDOWS\System32\msvcrt.dll
0x00007ffa76d80000 - 0x00007ffa76f4f000 	C:\WINDOWS\System32\USER32.dll
0x00007ffa76590000 - 0x00007ffa765bb000 	C:\WINDOWS\System32\GDI32.dll
0x00007ffa75630000 - 0x00007ffa75657000 	C:\WINDOWS\System32\win32u.dll
0x00007ffa75390000 - 0x00007ffa754b9000 	C:\WINDOWS\System32\gdi32full.dll
0x00007ffa75580000 - 0x00007ffa75623000 	C:\WINDOWS\System32\msvcp_win.dll
0x00007ffa75db0000 - 0x00007ffa75de1000 	C:\WINDOWS\System32\IMM32.DLL
0x00007ffa60070000 - 0x00007ffa6007c000 	C:\Users\Lucas Hernandez\.vscode\extensions\redhat.java-1.56.0-win32-x64\jre\21.0.12.1-win32-x86_64\bin\vcruntime140_1.dll
0x00007ffa258a0000 - 0x00007ffa2592d000 	C:\Users\Lucas Hernandez\.vscode\extensions\redhat.java-1.56.0-win32-x64\jre\21.0.12.1-win32-x86_64\bin\msvcp140.dll
0x00007ff9a90d0000 - 0x00007ff9a9e72000 	C:\Users\Lucas Hernandez\.vscode\extensions\redhat.java-1.56.0-win32-x64\jre\21.0.12.1-win32-x86_64\bin\server\jvm.dll
0x00007ffa76b60000 - 0x00007ffa76c1c000 	C:\WINDOWS\System32\ADVAPI32.dll
0x00007ffa771a0000 - 0x00007ffa77249000 	C:\WINDOWS\System32\sechost.dll
0x00007ffa76a40000 - 0x00007ffa76b58000 	C:\WINDOWS\System32\RPCRT4.dll
0x00007ffa75c10000 - 0x00007ffa75c90000 	C:\WINDOWS\System32\WS2_32.dll
0x00007ffa74e00000 - 0x00007ffa74e5e000 	C:\WINDOWS\SYSTEM32\POWRPROF.dll
0x00007ffa6c150000 - 0x00007ffa6c186000 	C:\WINDOWS\SYSTEM32\WINMM.dll
0x00007ffa6cd30000 - 0x00007ffa6cd3b000 	C:\WINDOWS\SYSTEM32\VERSION.dll
0x00007ffa74de0000 - 0x00007ffa74df5000 	C:\WINDOWS\SYSTEM32\UMPDC.dll
0x00007ffa73c30000 - 0x00007ffa73c4b000 	C:\WINDOWS\SYSTEM32\kernel.appcore.dll
0x00007ffa5ff20000 - 0x00007ffa5ff2a000 	C:\Users\Lucas Hernandez\.vscode\extensions\redhat.java-1.56.0-win32-x64\jre\21.0.12.1-win32-x86_64\bin\jimage.dll
0x00007ffa68aa0000 - 0x00007ffa68cec000 	C:\WINDOWS\SYSTEM32\DBGHELP.DLL
0x00007ffa766b0000 - 0x00007ffa76a35000 	C:\WINDOWS\System32\combase.dll
0x00007ffa776e0000 - 0x00007ffa777b9000 	C:\WINDOWS\System32\OLEAUT32.dll
0x00007ffa5e7b0000 - 0x00007ffa5e7eb000 	C:\WINDOWS\SYSTEM32\dbgcore.DLL
0x00007ffa75880000 - 0x00007ffa7592c000 	C:\WINDOWS\System32\bcryptPrimitives.dll
0x00007ffa58db0000 - 0x00007ffa58dbf000 	C:\Users\Lucas Hernandez\.vscode\extensions\redhat.java-1.56.0-win32-x64\jre\21.0.12.1-win32-x86_64\bin\instrument.dll
0x00007ffa54380000 - 0x00007ffa543a0000 	C:\Users\Lucas Hernandez\.vscode\extensions\redhat.java-1.56.0-win32-x64\jre\21.0.12.1-win32-x86_64\bin\java.dll
0x00007ffa75df0000 - 0x00007ffa76588000 	C:\WINDOWS\System32\SHELL32.dll
0x00007ffa729c0000 - 0x00007ffa7326e000 	C:\WINDOWS\SYSTEM32\windows.storage.dll
0x00007ffa76f60000 - 0x00007ffa7705b000 	C:\WINDOWS\System32\SHCORE.dll
0x00007ffa77b40000 - 0x00007ffa77ba6000 	C:\WINDOWS\System32\shlwapi.dll
0x00007ffa74ea0000 - 0x00007ffa74ec9000 	C:\WINDOWS\SYSTEM32\profapi.dll
0x00007ffa54120000 - 0x00007ffa54138000 	C:\Users\Lucas Hernandez\.vscode\extensions\redhat.java-1.56.0-win32-x64\jre\21.0.12.1-win32-x86_64\bin\zip.dll
0x00007ffa5f810000 - 0x00007ffa5f820000 	C:\Users\Lucas Hernandez\.vscode\extensions\redhat.java-1.56.0-win32-x64\jre\21.0.12.1-win32-x86_64\bin\net.dll
0x00007ffa6ca10000 - 0x00007ffa6cb3a000 	C:\WINDOWS\SYSTEM32\WINHTTP.dll
0x00007ffa74210000 - 0x00007ffa7427c000 	C:\WINDOWS\system32\mswsock.dll
0x00007ffa53680000 - 0x00007ffa53696000 	C:\Users\Lucas Hernandez\.vscode\extensions\redhat.java-1.56.0-win32-x64\jre\21.0.12.1-win32-x86_64\bin\nio.dll
0x00007ffa57e70000 - 0x00007ffa57e80000 	C:\Users\Lucas Hernandez\.vscode\extensions\redhat.java-1.56.0-win32-x64\jre\21.0.12.1-win32-x86_64\bin\verify.dll
0x00007ffa3c3e0000 - 0x00007ffa3c407000 	C:\Users\Lucas Hernandez\.gradle\native\c067742578af261105cb4f569cf0c3c89f3d7b1fecec35dd04571415982c5e48\windows-amd64\native-platform.dll
0x00007ff9ff5b0000 - 0x00007ff9ff6f4000 	C:\Users\Lucas Hernandez\.gradle\native\100fb08df4bc3b14c8652ba06237920a3bd2aa13389f12d3474272988ae205f9\windows-amd64\native-platform-file-events.dll
0x00007ffa6fe70000 - 0x00007ffa6fe7a000 	C:\Users\Lucas Hernandez\.vscode\extensions\redhat.java-1.56.0-win32-x64\jre\21.0.12.1-win32-x86_64\bin\management.dll
0x00007ffa6fe60000 - 0x00007ffa6fe6c000 	C:\Users\Lucas Hernandez\.vscode\extensions\redhat.java-1.56.0-win32-x64\jre\21.0.12.1-win32-x86_64\bin\management_ext.dll
0x00007ffa77c00000 - 0x00007ffa77c08000 	C:\WINDOWS\System32\PSAPI.DLL
0x00007ffa74520000 - 0x00007ffa7453b000 	C:\WINDOWS\SYSTEM32\CRYPTSP.dll
0x00007ffa73b90000 - 0x00007ffa73bc9000 	C:\WINDOWS\system32\rsaenh.dll
0x00007ffa742c0000 - 0x00007ffa742f4000 	C:\WINDOWS\SYSTEM32\USERENV.dll
0x00007ffa74e70000 - 0x00007ffa74e9a000 	C:\WINDOWS\SYSTEM32\bcrypt.dll
0x00007ffa74500000 - 0x00007ffa7450c000 	C:\WINDOWS\SYSTEM32\CRYPTBASE.dll
0x00007ffa735d0000 - 0x00007ffa73603000 	C:\WINDOWS\SYSTEM32\IPHLPAPI.DLL
0x00007ffa77c10000 - 0x00007ffa77c1a000 	C:\WINDOWS\System32\NSI.dll
0x00007ffa60960000 - 0x00007ffa60969000 	C:\Users\Lucas Hernandez\.vscode\extensions\redhat.java-1.56.0-win32-x64\jre\21.0.12.1-win32-x86_64\bin\extnet.dll
0x00007ffa60950000 - 0x00007ffa6095e000 	C:\Users\Lucas Hernandez\.vscode\extensions\redhat.java-1.56.0-win32-x64\jre\21.0.12.1-win32-x86_64\bin\sunmscapi.dll
0x00007ffa756f0000 - 0x00007ffa7586e000 	C:\WINDOWS\System32\CRYPT32.dll
0x00007ffa74740000 - 0x00007ffa74770000 	C:\WINDOWS\SYSTEM32\ncrypt.dll
0x00007ffa746f0000 - 0x00007ffa7472f000 	C:\WINDOWS\SYSTEM32\NTASN1.dll
0x00007ffa3a230000 - 0x00007ffa3a238000 	C:\WINDOWS\system32\wshunix.dll

JVMTI agents:
C:\Users\Lucas Hernandez\.gradle\wrapper\dists\gradle-8.9-bin\90cnw93cvbtalezasaz0blq0a\gradle-8.9\lib\agents\gradle-instrumentation-agent-8.9.jar path:C:\Users\Lucas Hernandez\.vscode\extensions\redhat.java-1.56.0-win32-x64\jre\21.0.12.1-win32-x86_64\bin\instrument.dll, loaded, initialized, instrumentlib options:none

dbghelp: loaded successfully - version: 4.0.5 - missing functions: none
symbol engine: initialized successfully - sym options: 0x614 - pdb path: .;C:\Users\Lucas Hernandez\.vscode\extensions\redhat.java-1.56.0-win32-x64\jre\21.0.12.1-win32-x86_64\bin;C:\WINDOWS\SYSTEM32;C:\WINDOWS\WinSxS\amd64_microsoft.windows.common-controls_6595b64144ccf1df_6.0.26100.9278_none_3e0d1ba8e3303201;C:\Users\Lucas Hernandez\.vscode\extensions\redhat.java-1.56.0-win32-x64\jre\21.0.12.1-win32-x86_64\bin\server;C:\Users\Lucas Hernandez\.gradle\native\c067742578af261105cb4f569cf0c3c89f3d7b1fecec35dd04571415982c5e48\windows-amd64;C:\Users\Lucas Hernandez\.gradle\native\100fb08df4bc3b14c8652ba06237920a3bd2aa13389f12d3474272988ae205f9\windows-amd64

VM Arguments:
jvm_args: --add-opens=java.base/java.util=ALL-UNNAMED --add-opens=java.base/java.lang=ALL-UNNAMED --add-opens=java.base/java.lang.invoke=ALL-UNNAMED --add-opens=java.prefs/java.util.prefs=ALL-UNNAMED --add-exports=jdk.compiler/com.sun.tools.javac.api=ALL-UNNAMED --add-exports=jdk.compiler/com.sun.tools.javac.util=ALL-UNNAMED --add-opens=java.base/java.nio.charset=ALL-UNNAMED --add-opens=java.base/java.net=ALL-UNNAMED --add-opens=java.base/java.util.concurrent.atomic=ALL-UNNAMED -XX:MaxMetaspaceSize=384m -XX:+HeapDumpOnOutOfMemoryError -Xms256m -Xmx512m -Dfile.encoding=utf8 -Duser.country=ES -Duser.language=es -Duser.variant -javaagent:C:\Users\Lucas Hernandez\.gradle\wrapper\dists\gradle-8.9-bin\90cnw93cvbtalezasaz0blq0a\gradle-8.9\lib\agents\gradle-instrumentation-agent-8.9.jar 
java_command: org.gradle.launcher.daemon.bootstrap.GradleDaemon 8.9
java_class_path (initial): C:\Users\Lucas Hernandez\.gradle\wrapper\dists\gradle-8.9-bin\90cnw93cvbtalezasaz0blq0a\gradle-8.9\lib\gradle-daemon-main-8.9.jar
Launcher Type: SUN_STANDARD

[Global flags]
     intx CICompilerCount                          = 4                                         {product} {ergonomic}
   size_t CompressedClassSpaceSize                 = 335544320                                 {product} {ergonomic}
     uint ConcGCThreads                            = 3                                         {product} {ergonomic}
     uint G1ConcRefinementThreads                  = 10                                        {product} {ergonomic}
   size_t G1HeapRegionSize                         = 1048576                                   {product} {ergonomic}
    uintx GCDrainStackTargetSize                   = 64                                        {product} {ergonomic}
     bool HeapDumpOnOutOfMemoryError               = true                                   {manageable} {command line}
   size_t InitialHeapSize                          = 268435456                                 {product} {command line}
   size_t MarkStackSize                            = 4194304                                   {product} {ergonomic}
   size_t MaxHeapSize                              = 536870912                                 {product} {command line}
   size_t MaxMetaspaceSize                         = 402653184                                 {product} {command line}
   size_t MaxNewSize                               = 321912832                                 {product} {ergonomic}
   size_t MinHeapDeltaBytes                        = 1048576                                   {product} {ergonomic}
   size_t MinHeapSize                              = 268435456                                 {product} {command line}
    uintx NonNMethodCodeHeapSize                   = 5839372                                {pd product} {ergonomic}
    uintx NonProfiledCodeHeapSize                  = 122909434                              {pd product} {ergonomic}
    uintx ProfiledCodeHeapSize                     = 122909434                              {pd product} {ergonomic}
    uintx ReservedCodeCacheSize                    = 251658240                              {pd product} {ergonomic}
     bool SegmentedCodeCache                       = true                                      {product} {ergonomic}
   size_t SoftMaxHeapSize                          = 536870912                              {manageable} {ergonomic}
     bool UseCompressedOops                        = true                           {product lp64_product} {ergonomic}
     bool UseG1GC                                  = true                                      {product} {ergonomic}
     bool UseLargePagesIndividualAllocation        = false                                  {pd product} {ergonomic}

Logging:
Log output configuration:
 #0: stdout all=warning uptime,level,tags foldmultilines=false
 #1: stderr all=off uptime,level,tags foldmultilines=false

Release file:
JAVA_VERSION="21.0.12.1" 
MODULES="java.base java.compiler java.datatransfer java.xml java.prefs java.desktop java.instrument java.logging java.management java.security.sasl java.naming java.rmi java.management.rmi java.net.http java.scripting java.security.jgss java.transaction.xa java.sql java.sql.rowset java.xml.crypto java.se java.smartcardio jdk.accessibility jdk.internal.jvmstat jdk.attach jdk.charsets jdk.internal.opt jdk.zipfs jdk.compiler jdk.crypto.ec jdk.crypto.cryptoki jdk.crypto.mscapi jdk.dynalink jdk.internal.ed jdk.editpad jdk.hotspot.agent jdk.httpserver jdk.internal.le jdk.internal.vm.ci jdk.internal.vm.compiler jdk.internal.vm.compiler.management jdk.jartool jdk.javadoc jdk.jcmd jdk.management jdk.management.agent jdk.jconsole jdk.jdeps jdk.jdwp.agent jdk.jdi jdk.jfr jdk.jshell jdk.jsobject jdk.jstatd jdk.localedata jdk.management.jfr jdk.naming.dns jdk.naming.rmi jdk.net jdk.nio.mapmode jdk.random jdk.sctp jdk.security.auth jdk.security.jgss jdk.unsupported jdk.unsupported.desktop jdk.xml.dom" 

Environment Variables:
JAVA_HOME=C:\Program Files\Eclipse Adoptium\jdk-17.0.20.101-hotspot\
PATH=C:\Program Files\Eclipse Adoptium\jdk-17.0.20.101-hotspot\bin;C:\Users\Lucas Hernandez\AppData\Local\Programs\Python\Python314\Scripts\;C:\Users\Lucas Hernandez\AppData\Local\Programs\Python\Python314\;C:\app\dbhomeXE\bin;C:\WINDOWS\system32;C:\WINDOWS;C:\WINDOWS\System32\Wbem;C:\WINDOWS\System32\WindowsPowerShell\v1.0\;C:\WINDOWS\System32\OpenSSH\;C:\Program Files\Docker\Docker\resources\bin;C:\Program Files\nodejs\;C:\ProgramData\chocolatey\bin;C:\Program Files\dotnet\;C:\Program Files\Git\cmd;C:\Program Files\MySQL\MySQL Shell 8.0\bin\;C:\Users\Lucas Hernandez\AppData\Local\Microsoft\WindowsApps;C:\Program Files\JetBrains\IntelliJ IDEA 2025.2.2\bin;C:\Users\Lucas Hernandez\AppData\Local\GitHubDesktop\bin;C:\Users\Lucas Hernandez\AppData\Local\Programs\Microsoft VS Code\bin;C:\Users\Lucas Hernandez\AppData\Local\Python\bin;C:\Users\Lucas Hernandez\AppData\Local\Programs\cursor\resources\app\bin;C:\Users\Lucas Hernandez\AppData\Roaming\npm;C:\src\flutter\bin;;C:\Android\sdk\platform-tools;C:\Android\sdk\cmdline-tools\latest\bin;C:\Android\sdk\emulator
USERNAME=Lucas Hernandez
OS=Windows_NT
PROCESSOR_IDENTIFIER=AMD64 Family 23 Model 104 Stepping 1, AuthenticAMD
TMP=C:\Users\LUCASH~1\AppData\Local\Temp
TEMP=C:\Users\LUCASH~1\AppData\Local\Temp




Periodic native trim disabled

---------------  S Y S T E M  ---------------

OS:
 Windows 11 , 64 bit Build 26100 (10.0.26100.9444)
OS uptime: 11 days 19:00 hours
Hyper-V role detected

CPU: total 12 (initial active 12) (12 cores per cpu, 2 threads per core) family 23 model 104 stepping 1 microcode 0x8608103, cx8, cmov, fxsr, ht, mmx, 3dnowpref, sse, sse2, sse3, ssse3, sse4a, sse4.1, sse4.2, popcnt, lzcnt, tsc, tscinvbit, avx, avx2, aes, clmul, bmi1, bmi2, adx, sha, fma, vzeroupper, clflush, clflushopt, hv, rdtscp, rdpid, f16c
Processor Information for the first 12 processors :
  Max Mhz: 2100, Current Mhz: 2100, Mhz Limit: 2100

Memory: 4k page, system-wide physical 15754M (727M free)
TotalPageFile size 64906M (AvailPageFile size 59M)
current process WorkingSet (physical memory assigned to process): 160M, peak: 169M
current process commit charge ("private bytes"): 408M, peak: 419M

vm_info: OpenJDK 64-Bit Server VM (21.0.12.1+1-LTS) for windows-amd64 JRE (21.0.12.1+1-LTS), built on 2026-08-18T00:00:00Z by "admin" with MS VC++ 17.12 (VS2022)

END.
