#
# There is insufficient memory for the Java Runtime Environment to continue.
# Native memory allocation (malloc) failed to allocate 1072032 bytes. Error detail: Chunk::new
# Possible reasons:
#   The system is out of physical RAM or swap space
#   This process is running with CompressedOops enabled, and the Java Heap may be blocking the growth of the native heap
# Possible solutions:
#   Reduce memory load on the system
#   Increase physical memory or swap space
#   Check if swap backing store is full
#   Decrease Java heap size (-Xmx/-Xms)
#   Decrease number of Java threads
#   Decrease Java thread stack sizes (-Xss)
#   Set larger code cache with -XX:ReservedCodeCacheSize=
#   JVM is running with Unscaled Compressed Oops mode in which the Java heap is
#     placed in the first 4GB address space. The Java Heap base address is the
#     maximum limit for the native heap growth. Please use -XX:HeapBaseMinAddress
#     to set the Java Heap base and to place the Java Heap above 4GB virtual address.
# This output file may be truncated or incomplete.
#
#  Out of Memory Error (arena.cpp:168), pid=21168, tid=33496
#
# JRE version: OpenJDK Runtime Environment Temurin-21.0.12.1+1 (21.0.12.1+1) (build 21.0.12.1+1-LTS)
# Java VM: OpenJDK 64-Bit Server VM Temurin-21.0.12.1+1 (21.0.12.1+1-LTS, mixed mode, sharing, tiered, compressed oops, compressed class ptrs, parallel gc, windows-amd64)
# No core dump will be written. Minidumps are not enabled by default on client versions of Windows
#

---------------  S U M M A R Y ------------

Command Line: --add-modules=ALL-SYSTEM --add-opens=java.base/java.util=ALL-UNNAMED --add-opens=java.base/java.lang=ALL-UNNAMED --add-opens=java.base/sun.nio.fs=ALL-UNNAMED -Declipse.application=org.eclipse.jdt.ls.core.id1 -Dosgi.bundles.defaultStartLevel=4 -Declipse.product=org.eclipse.jdt.ls.core.product -Djava.import.generatesMetadataFilesAtProjectRoot=false -Dm2e.project.cache.size=50 -DDetectVMInstallationsJob.disabled=true -Dfile.encoding=utf8 -XX:+UseParallelGC -XX:GCTimeRatio=4 -XX:AdaptiveSizePolicyWeight=90 -Dsun.zip.disableMemoryMapping=true -Xmx2G -Xms100m -Xlog:disable -javaagent:c:\Users\Lucas Hernandez\.vscode\extensions\redhat.java-1.56.0-win32-x64\lombok\lombok-1.18.39-4050.jar -XX:+HeapDumpOnOutOfMemoryError -XX:HeapDumpPath=c:\Users\Lucas Hernandez\AppData\Roaming\Code\User\workspaceStorage\4e5dc968995267bbb6b107250eb45139\redhat.java -Daether.dependencyCollector.impl=bf c:\Users\Lucas Hernandez\.vscode\extensions\redhat.java-1.56.0-win32-x64\server\plugins\org.eclipse.equinox.launcher_1.8.0.v20260804-1928.jar -configuration c:\Users\Lucas Hernandez\AppData\Roaming\Code\User\globalStorage\redhat.java\1.56.0\config_win -data c:\Users\Lucas Hernandez\AppData\Roaming\Code\User\workspaceStorage\4e5dc968995267bbb6b107250eb45139\redhat.java\jdt_ws --stdio

Host: AMD Ryzen 5 7430U with Radeon Graphics, 12 cores, 15G,  Windows 11 , 64 bit Build 26100 (10.0.26100.9444)
Time: Wed Oct  7 16:17:20 2026 Hora de verano romance elapsed time: 368.985588 seconds (0d 0h 6m 8s)

---------------  T H R E A D  ---------------

Current thread (0x0000024396acab00):  JavaThread "C2 CompilerThread0" daemon [_thread_in_native, id=33496, stack(0x0000009b45100000,0x0000009b45200000) (1024K)]


Current CompileTask:
C2:368985 15617       4       org.gradle.api.internal.classpath.EffectiveClassPath::addClasspathFile (34 bytes)

Stack: [0x0000009b45100000,0x0000009b45200000]
Native frames: (J=compiled Java code, j=interpreted, Vv=VM code, C=native code)
V  [jvm.dll+0x6d83e9]
V  [jvm.dll+0x8b5736]
V  [jvm.dll+0x8b7cee]
V  [jvm.dll+0x8b83d3]
V  [jvm.dll+0x284596]
V  [jvm.dll+0xc685d]
V  [jvm.dll+0xc6da1]
V  [jvm.dll+0x3bf18b]
V  [jvm.dll+0x1e4149]
V  [jvm.dll+0x24c853]
V  [jvm.dll+0x24bce0]
V  [jvm.dll+0x1cb4ae]
V  [jvm.dll+0x25baad]
V  [jvm.dll+0x25a03a]
V  [jvm.dll+0x3f8aae]
V  [jvm.dll+0x8600cd]
V  [jvm.dll+0x6d6c1d]
C  [ucrtbase.dll+0x2cd30]
C  [KERNEL32.DLL+0x2cd87]
C  [ntdll.dll+0xacaec]


---------------  P R O C E S S  ---------------

Threads class SMR info:
_java_thread_list=0x00000243fb53c2c0, length=249, elements={
0x0000024396a149b0, 0x0000024396ab3f90, 0x0000024396ab5870, 0x0000024396abeaf0,
0x0000024396ac1170, 0x0000024396ac25a0, 0x0000024396ac4e70, 0x0000024396acab00,
0x0000024396acc1c0, 0x00000243efa8f8d0, 0x00000243efc0bd40, 0x00000243f528f650,
0x00000243f5953cd0, 0x00000243f5bf5bc0, 0x00000243f5bea040, 0x00000243f5d5c620,
0x00000243f5479360, 0x00000243f57daab0, 0x00000243f5bd5fc0, 0x00000243f5bd7370,
0x00000243f5bd4c10, 0x00000243f5bd6650, 0x00000243f5bd6ce0, 0x00000243f5bd4580,
0x00000243f5bd5930, 0x00000243f60810e0, 0x00000243f6081770, 0x00000243f6084bf0,
0x00000243f6085280, 0x00000243f6082b20, 0x00000243f6083840, 0x00000243f6083ed0,
0x00000243f6081e00, 0x00000243f6085fa0, 0x00000243f6088070, 0x00000243f6085910,
0x00000243f5bd52a0, 0x00000243f79add40, 0x00000243f79ac990, 0x00000243f79aea60,
0x00000243f79af0f0, 0x00000243f79afe10, 0x00000243f79ad020, 0x00000243f6ec9a10,
0x00000243f8334db0, 0x00000243f6ec9380, 0x00000243f63a67c0, 0x00000243f855d140,
0x00000243f7bf11f0, 0x00000243fb0a78d0, 0x00000243f79b04a0, 0x00000243f7bf0b60,
0x00000243fad1b6a0, 0x00000243fa6c5ba0, 0x00000243fab459c0, 0x00000243fbcf5ac0,
0x00000243fb0a7240, 0x00000243f79ad6b0, 0x00000243fb0d53d0, 0x00000243fab44ca0,
0x00000243fbcf6e70, 0x00000243fad1b010, 0x00000243f6604af0, 0x00000243f8334720,
0x00000243f9250500, 0x00000243fbcf6150, 0x00000243f79b3920, 0x00000243f8735710,
0x00000243fbcf4710, 0x00000243f924fe70, 0x00000243f74d3110, 0x00000243f79b2570,
0x00000243fbcf67e0, 0x00000243fb0d60f0, 0x00000243fb0a7f60, 0x00000243fa6c4e80,
0x00000243fb0a85f0, 0x00000243fba6fc00, 0x00000243fa6c3ad0, 0x00000243fba6eee0,
0x00000243fbdd4840, 0x00000243fbcf7500, 0x00000243f6604460, 0x00000243efa20cb0,
0x00000243fa6c5510, 0x00000243f79b2c00, 0x00000243fa3a7ce0, 0x00000243f5ec6f80,
0x00000243fb0d5a60, 0x00000243efa1ff90, 0x00000243efa21340, 0x00000243f6605180,
0x00000243fb8387d0, 0x00000243fb47d140, 0x00000243fba72360, 0x00000243efa22060,
0x00000243faee9b10, 0x00000243f855cab0, 0x00000243fb837ab0, 0x00000243fb0d46b0,
0x00000243f79b0b30, 0x00000243fb0d6e10, 0x00000243fb0d6780, 0x00000243fb838140,
0x00000243fbcf4080, 0x00000243fb836d90, 0x00000243efa22d80, 0x00000243fa6be890,
0x00000243faee9480, 0x00000243fb836700, 0x00000243fa6bb410, 0x00000243fb0d3990,
0x00000243fb47b700, 0x00000243fb0d4020, 0x00000243f5ec7610, 0x00000243faeeaec0,
0x00000243f5ec7ca0, 0x00000243f6aee8b0, 0x00000243fbcf4da0, 0x00000243fa6bbaa0,
0x00000243fa6bce50, 0x00000243f79b1850, 0x00000243fba70290, 0x00000243fba6f570,
0x00000243fb67a060, 0x00000243f79b11c0, 0x00000243faeebbe0, 0x00000243fa6bc130,
0x00000243fb838e60, 0x00000243fb679340, 0x00000243efa23410, 0x00000243fa6bc7c0,
0x00000243fa6bdb70, 0x00000243faeeb550, 0x00000243fba70fb0, 0x00000243faee8df0,
0x00000243fa6042c0, 0x00000243fa6035a0, 0x00000243fb8394f0, 0x00000243fa3a7650,
0x00000243fbcf5430, 0x00000243fa604fe0, 0x00000243fbdd5560, 0x00000243f6b97e70,
0x00000243fa6021f0, 0x00000243fa6be200, 0x00000243f5ec8330, 0x00000243fa602880,
0x00000243fb67a6f0, 0x00000243fab46050, 0x00000243f6b98b90, 0x00000243fb836070,
0x00000243fb47e4f0, 0x00000243fbdd4ed0, 0x00000243fa602f10, 0x00000243fab45330,
0x00000243fbdd5bf0, 0x00000243fa3a4ef0, 0x00000243f8735da0, 0x00000243efa226f0,
0x00000243f8dbf640, 0x00000243f9e3d270, 0x00000243f9f74280, 0x00000243fba70920,
0x00000243f6b98500, 0x00000243fb6799d0, 0x00000243fb47de60, 0x00000243f8734360,
0x00000243f8dc09f0, 0x00000243fb47d7d0, 0x00000243fb47cab0, 0x00000243f6aac5d0,
0x00000243fb47b070, 0x00000243f87349f0, 0x00000243f8dbfcd0, 0x00000243f6aab8b0,
0x00000243fa601b60, 0x00000243fa6c6230, 0x00000243f6aad2f0, 0x00000243f9e40060,
0x00000243f9e3f9d0, 0x00000243fc02d550, 0x00000243f8735080, 0x00000243f6fc66c0,
0x00000243f6aad980, 0x00000243fc02e270, 0x00000243f9e3d900, 0x00000243f9136090,
0x00000243f79b1ee0, 0x00000243fb402b00, 0x00000243faaff330, 0x00000243f9f721b0,
0x00000243fb2227e0, 0x00000243fa3a62a0, 0x00000243fa3a8370, 0x00000243f6fc8100,
0x00000243fa5ffbb0, 0x00000243fa5fee90, 0x00000243f6fc94b0, 0x00000243fb222e70,
0x00000243fa5ff520, 0x00000243f8736430, 0x00000243f63a6e50, 0x00000243f9136720,
0x00000243fb220da0, 0x00000243fba71640, 0x00000243f829e200, 0x00000243f6fc6d50,
0x00000243f9f74fa0, 0x00000243f8736ac0, 0x00000243fb4003a0, 0x00000243faeea1a0,
0x00000243f9e3f340, 0x00000243f6fc8790, 0x00000243f9e3ecb0, 0x00000243f6fc8e20,
0x00000243f9f75630, 0x00000243f82a0140, 0x00000243f829fab0, 0x00000243fb4010c0,
0x00000243fb401750, 0x00000243f9f73bf0, 0x00000243fb221ac0, 0x00000243fa3a5580,
0x00000243fa6c47f0, 0x00000243fa3a5c10, 0x00000243f9e3df90, 0x00000243fab006e0,
0x00000243fba71cd0, 0x00000243fb223500, 0x00000243fa3a6930, 0x00000243f9135370,
0x00000243f8dc0360, 0x00000243f9e3e620, 0x00000243f91332a0, 0x00000243f9134ce0,
0x00000243fb220710, 0x00000243f829f420, 0x00000243f8dc2ac0, 0x00000243fb222150,
0x00000243fa3a6fc0, 0x00000243f9e3cbe0, 0x00000243fb3ffd10, 0x00000243f9133fc0,
0x00000243fb221430, 0x00000243f855d7d0, 0x00000243faeea830, 0x00000243faaff9c0,
0x00000243faeec270
}

Java Threads: ( => current thread )
  0x0000024396a149b0 JavaThread "main"                              [_thread_blocked, id=4228, stack(0x0000009b44700000,0x0000009b44800000) (1024K)]
  0x0000024396ab3f90 JavaThread "Reference Handler"          daemon [_thread_blocked, id=10280, stack(0x0000009b44b00000,0x0000009b44c00000) (1024K)]
  0x0000024396ab5870 JavaThread "Finalizer"                  daemon [_thread_blocked, id=35124, stack(0x0000009b44c00000,0x0000009b44d00000) (1024K)]
  0x0000024396abeaf0 JavaThread "Signal Dispatcher"          daemon [_thread_blocked, id=38708, stack(0x0000009b44d00000,0x0000009b44e00000) (1024K)]
  0x0000024396ac1170 JavaThread "Attach Listener"            daemon [_thread_blocked, id=37356, stack(0x0000009b44e00000,0x0000009b44f00000) (1024K)]
  0x0000024396ac25a0 JavaThread "Service Thread"             daemon [_thread_blocked, id=33652, stack(0x0000009b44f00000,0x0000009b45000000) (1024K)]
  0x0000024396ac4e70 JavaThread "Monitor Deflation Thread"   daemon [_thread_blocked, id=4388, stack(0x0000009b45000000,0x0000009b45100000) (1024K)]
=>0x0000024396acab00 JavaThread "C2 CompilerThread0"         daemon [_thread_in_native, id=33496, stack(0x0000009b45100000,0x0000009b45200000) (1024K)]
  0x0000024396acc1c0 JavaThread "C1 CompilerThread0"         daemon [_thread_blocked, id=29464, stack(0x0000009b45200000,0x0000009b45300000) (1024K)]
  0x00000243efa8f8d0 JavaThread "Common-Cleaner"             daemon [_thread_blocked, id=27788, stack(0x0000009b45300000,0x0000009b45400000) (1024K)]
  0x00000243efc0bd40 JavaThread "Notification Thread"        daemon [_thread_blocked, id=6444, stack(0x0000009b45400000,0x0000009b45500000) (1024K)]
  0x00000243f528f650 JavaThread "Active Thread: Equinox Container: 7d403a91-4067-4376-8e5e-5651a079bbd6"        [_thread_blocked, id=38248, stack(0x0000009b45600000,0x0000009b45700000) (1024K)]
  0x00000243f5953cd0 JavaThread "Refresh Thread: Equinox Container: 7d403a91-4067-4376-8e5e-5651a079bbd6" daemon [_thread_blocked, id=43524, stack(0x0000009b45e00000,0x0000009b45f00000) (1024K)]
  0x00000243f5bf5bc0 JavaThread "Framework Event Dispatcher: Equinox Container: 7d403a91-4067-4376-8e5e-5651a079bbd6" daemon [_thread_blocked, id=17940, stack(0x0000009b45f00000,0x0000009b46000000) (1024K)]
  0x00000243f5bea040 JavaThread "Start Level: Equinox Container: 7d403a91-4067-4376-8e5e-5651a079bbd6" daemon [_thread_blocked, id=42052, stack(0x0000009b46000000,0x0000009b46100000) (1024K)]
  0x00000243f5d5c620 JavaThread "Bundle File Closer"         daemon [_thread_blocked, id=20232, stack(0x0000009b46400000,0x0000009b46500000) (1024K)]
  0x00000243f5479360 JavaThread "SCR Component Actor"        daemon [_thread_blocked, id=9952, stack(0x0000009b45500000,0x0000009b45600000) (1024K)]
  0x00000243f57daab0 JavaThread "Worker-JM"                         [_thread_blocked, id=7556, stack(0x0000009b46100000,0x0000009b46200000) (1024K)]
  0x00000243f5bd5fc0 JavaThread "JNA Cleaner"                daemon [_thread_blocked, id=38340, stack(0x0000009b46500000,0x0000009b46600000) (1024K)]
  0x00000243f5bd7370 JavaThread "Worker-0: Initialize workspace"        [_thread_blocked, id=38108, stack(0x0000009b46600000,0x0000009b46700000) (1024K)]
  0x00000243f5bd4c10 JavaThread "Worker-1: Initialize workspace"        [_thread_blocked, id=12376, stack(0x0000009b46700000,0x0000009b46800000) (1024K)]
  0x00000243f5bd6650 JavaThread "Worker-2: Initialize workspace"        [_thread_blocked, id=35036, stack(0x0000009b46900000,0x0000009b46a00000) (1024K)]
  0x00000243f5bd6ce0 JavaThread "Worker-3: Initialize workspace"        [_thread_blocked, id=9256, stack(0x0000009b46b00000,0x0000009b46c00000) (1024K)]
  0x00000243f5bd4580 JavaThread "Java indexing"              daemon [_thread_blocked, id=9016, stack(0x0000009b46c00000,0x0000009b46d00000) (1024K)]
  0x00000243f5bd5930 JavaThread "Worker-4: Initialize workspace"        [_thread_blocked, id=31760, stack(0x0000009b46d00000,0x0000009b46e00000) (1024K)]
  0x00000243f60810e0 JavaThread "Worker-5: Initialize workspace"        [_thread_blocked, id=38728, stack(0x0000009b47000000,0x0000009b47100000) (1024K)]
  0x00000243f6081770 JavaThread "Worker-6: Initialize workspace"        [_thread_blocked, id=38632, stack(0x0000009b47100000,0x0000009b47200000) (1024K)]
  0x00000243f6084bf0 JavaThread "Worker-7: Initialize workspace"        [_thread_blocked, id=13252, stack(0x0000009b47200000,0x0000009b47300000) (1024K)]
  0x00000243f6085280 JavaThread "pool-2-thread-1"                   [_thread_blocked, id=39368, stack(0x0000009b47300000,0x0000009b47400000) (1024K)]
  0x00000243f6082b20 JavaThread "WorkspaceEventsHandler"            [_thread_blocked, id=8472, stack(0x0000009b47400000,0x0000009b47500000) (1024K)]
  0x00000243f6083840 JavaThread "pool-1-thread-1"                   [_thread_in_native, id=32060, stack(0x0000009b47500000,0x0000009b47600000) (1024K)]
  0x00000243f6083ed0 JavaThread "PatternSearchJob-worker-1"  daemon [_thread_blocked, id=9296, stack(0x0000009b47600000,0x0000009b47700000) (1024K)]
  0x00000243f6081e00 JavaThread "PatternSearchJob-worker-2"  daemon [_thread_blocked, id=26744, stack(0x0000009b47700000,0x0000009b47800000) (1024K)]
  0x00000243f6085fa0 JavaThread "Timer-0"                           [_thread_blocked, id=36656, stack(0x0000009b47900000,0x0000009b47a00000) (1024K)]
  0x00000243f6088070 JavaThread "Timer-1"                           [_thread_blocked, id=24508, stack(0x0000009b46800000,0x0000009b46900000) (1024K)]
  0x00000243f6085910 JavaThread "Timer-2"                           [_thread_blocked, id=35060, stack(0x0000009b46a00000,0x0000009b46b00000) (1024K)]
  0x00000243f5bd52a0 JavaThread "PatternSearchJob-worker-3"  daemon [_thread_blocked, id=39312, stack(0x0000009b47b00000,0x0000009b47c00000) (1024K)]
  0x00000243f79add40 JavaThread "Timer-3"                           [_thread_blocked, id=41716, stack(0x0000009b47800000,0x0000009b47900000) (1024K)]
  0x00000243f79ac990 JavaThread "Timer-4"                           [_thread_blocked, id=40324, stack(0x0000009b47d00000,0x0000009b47e00000) (1024K)]
  0x00000243f79aea60 JavaThread "Worker-8: Initialize workspace"        [_thread_blocked, id=31580, stack(0x0000009b48000000,0x0000009b48100000) (1024K)]
  0x00000243f79af0f0 JavaThread "Timer-5"                           [_thread_blocked, id=41348, stack(0x0000009b47c00000,0x0000009b47d00000) (1024K)]
  0x00000243f79afe10 JavaThread "Connection worker"                 [_thread_in_native, id=13140, stack(0x0000009b48100000,0x0000009b48200000) (1024K)]
  0x00000243f79ad020 JavaThread "Connection worker"                 [_thread_in_native, id=13464, stack(0x0000009b48200000,0x0000009b48300000) (1024K)]
  0x00000243f6ec9a10 JavaThread "pool-5-thread-1"                   [_thread_blocked, id=33312, stack(0x0000009b48500000,0x0000009b48600000) (1024K)]
  0x00000243f8334db0 JavaThread "pool-3-thread-1"                   [_thread_blocked, id=29944, stack(0x0000009b48700000,0x0000009b48800000) (1024K)]
  0x00000243f6ec9380 JavaThread "Timer-6"                           [_thread_blocked, id=14864, stack(0x0000009b48900000,0x0000009b48a00000) (1024K)]
  0x00000243f63a67c0 JavaThread "Worker-9: Initialize workspace"        [_thread_blocked, id=20624, stack(0x0000009b47e00000,0x0000009b47f00000) (1024K)]
  0x00000243f855d140 JavaThread "Connection worker"                 [_thread_in_native, id=17348, stack(0x0000009b48e00000,0x0000009b48f00000) (1024K)]
  0x00000243f7bf11f0 JavaThread "Timer-7"                           [_thread_blocked, id=26636, stack(0x0000009b48f00000,0x0000009b49000000) (1024K)]
  0x00000243fb0a78d0 JavaThread "pool-7-thread-1"                   [_thread_blocked, id=7368, stack(0x0000009b49100000,0x0000009b49200000) (1024K)]
  0x00000243f79b04a0 JavaThread "Worker-10: Initialize workspace"        [_thread_blocked, id=39504, stack(0x0000009b49000000,0x0000009b49100000) (1024K)]
  0x00000243f7bf0b60 JavaThread "Timer-8"                           [_thread_blocked, id=5380, stack(0x0000009b49900000,0x0000009b49a00000) (1024K)]
  0x00000243fad1b6a0 JavaThread "Worker-11: Initialize workspace"        [_thread_blocked, id=37044, stack(0x0000009b48d00000,0x0000009b48e00000) (1024K)]
  0x00000243fa6c5ba0 JavaThread "PatternSearchJob-worker-4"  daemon [_thread_blocked, id=17584, stack(0x0000009b49500000,0x0000009b49600000) (1024K)]
  0x00000243fab459c0 JavaThread "Connection worker"                 [_thread_in_native, id=5836, stack(0x0000009b47f00000,0x0000009b48000000) (1024K)]
  0x00000243fbcf5ac0 JavaThread "pool-13-thread-1"                  [_thread_blocked, id=32728, stack(0x0000009b49a00000,0x0000009b49b00000) (1024K)]
  0x00000243fb0a7240 JavaThread "Timer-9"                           [_thread_blocked, id=39068, stack(0x0000009b4a000000,0x0000009b4a100000) (1024K)]
  0x00000243f79ad6b0 JavaThread "Worker-12: Initialize workspace"        [_thread_blocked, id=37008, stack(0x0000009b49d00000,0x0000009b49e00000) (1024K)]
  0x00000243fb0d53d0 JavaThread "Timer-10"                          [_thread_blocked, id=8616, stack(0x0000009b4a200000,0x0000009b4a300000) (1024K)]
  0x00000243fab44ca0 JavaThread "Worker-13: Initialize workspace"        [_thread_blocked, id=20576, stack(0x0000009b4a400000,0x0000009b4a500000) (1024K)]
  0x00000243fbcf6e70 JavaThread "Connection worker"                 [_thread_in_native, id=9164, stack(0x0000009b48a00000,0x0000009b48b00000) (1024K)]
  0x00000243fad1b010 JavaThread "pool-18-thread-1"                  [_thread_blocked, id=10128, stack(0x0000009b49300000,0x0000009b49400000) (1024K)]
  0x00000243f6604af0 JavaThread "Timer-11"                          [_thread_blocked, id=42232, stack(0x0000009b49800000,0x0000009b49900000) (1024K)]
  0x00000243f8334720 JavaThread "Worker-14: Initialize workspace"        [_thread_blocked, id=9800, stack(0x0000009b49b00000,0x0000009b49c00000) (1024K)]
  0x00000243f9250500 JavaThread "PatternSearchJob-worker-5"  daemon [_thread_blocked, id=25448, stack(0x0000009b49c00000,0x0000009b49d00000) (1024K)]
  0x00000243fbcf6150 JavaThread "Timer-12"                          [_thread_blocked, id=32144, stack(0x0000009b48c00000,0x0000009b48d00000) (1024K)]
  0x00000243f79b3920 JavaThread "Worker-15: Initialize workspace"        [_thread_blocked, id=37488, stack(0x0000009b49200000,0x0000009b49300000) (1024K)]
  0x00000243f8735710 JavaThread "Connection worker"                 [_thread_in_native, id=40428, stack(0x0000009b44400000,0x0000009b44500000) (1024K)]
  0x00000243fbcf4710 JavaThread "pool-23-thread-1"                  [_thread_blocked, id=5580, stack(0x0000009b44500000,0x0000009b44600000) (1024K)]
  0x00000243f924fe70 JavaThread "Timer-13"                          [_thread_blocked, id=39776, stack(0x0000009b44600000,0x0000009b44700000) (1024K)]
  0x00000243f74d3110 JavaThread "Worker-16: Initialize workspace"        [_thread_blocked, id=34064, stack(0x0000009b49f00000,0x0000009b4a000000) (1024K)]
  0x00000243f79b2570 JavaThread "Connection worker"                 [_thread_in_native, id=41824, stack(0x0000009b49400000,0x0000009b49500000) (1024K)]
  0x00000243fbcf67e0 JavaThread "Connection worker"                 [_thread_in_native, id=30640, stack(0x0000009b4a800000,0x0000009b4a900000) (1024K)]
  0x00000243fb0d60f0 JavaThread "pool-26-thread-1"                  [_thread_blocked, id=30736, stack(0x0000009b4aa00000,0x0000009b4ab00000) (1024K)]
  0x00000243fb0a7f60 JavaThread "pool-27-thread-1"                  [_thread_blocked, id=28676, stack(0x0000009b4ac00000,0x0000009b4ad00000) (1024K)]
  0x00000243fa6c4e80 JavaThread "Timer-14"                          [_thread_blocked, id=18120, stack(0x0000009b4ae00000,0x0000009b4af00000) (1024K)]
  0x00000243fb0a85f0 JavaThread "Worker-17: Initialize workspace"        [_thread_blocked, id=42656, stack(0x0000009b4b100000,0x0000009b4b200000) (1024K)]
  0x00000243fba6fc00 JavaThread "Timer-15"                          [_thread_blocked, id=41072, stack(0x0000009b4b500000,0x0000009b4b600000) (1024K)]
  0x00000243fa6c3ad0 JavaThread "Worker-18: Initialize workspace"        [_thread_blocked, id=2116, stack(0x0000009b4b600000,0x0000009b4b700000) (1024K)]
  0x00000243fba6eee0 JavaThread "Timer-16"                          [_thread_blocked, id=396, stack(0x0000009b4b700000,0x0000009b4b800000) (1024K)]
  0x00000243fbdd4840 JavaThread "Worker-19: Initialize workspace"        [_thread_blocked, id=39004, stack(0x0000009b4b800000,0x0000009b4b900000) (1024K)]
  0x00000243fbcf7500 JavaThread "Connection worker"                 [_thread_in_native, id=42696, stack(0x0000009b4a700000,0x0000009b4a800000) (1024K)]
  0x00000243f6604460 JavaThread "pool-29-thread-1"                  [_thread_blocked, id=31416, stack(0x0000009b4b900000,0x0000009b4ba00000) (1024K)]
  0x00000243efa20cb0 JavaThread "Timer-17"                          [_thread_blocked, id=37452, stack(0x0000009b4bf00000,0x0000009b4c000000) (1024K)]
  0x00000243fa6c5510 JavaThread "Worker-20: Initialize workspace"        [_thread_blocked, id=40860, stack(0x0000009b4c300000,0x0000009b4c400000) (1024K)]
  0x00000243f79b2c00 JavaThread "Timer-18"                          [_thread_blocked, id=11004, stack(0x0000009b49e00000,0x0000009b49f00000) (1024K)]
  0x00000243fa3a7ce0 JavaThread "Worker-21: Initialize workspace"        [_thread_blocked, id=37652, stack(0x0000009b4a300000,0x0000009b4a400000) (1024K)]
  0x00000243f5ec6f80 JavaThread "Connection worker"                 [_thread_in_native, id=23080, stack(0x0000009b4a600000,0x0000009b4a700000) (1024K)]
  0x00000243fb0d5a60 JavaThread "pool-34-thread-1"                  [_thread_blocked, id=28488, stack(0x0000009b4af00000,0x0000009b4b000000) (1024K)]
  0x00000243efa1ff90 JavaThread "Timer-19"                          [_thread_blocked, id=11256, stack(0x0000009b4c400000,0x0000009b4c500000) (1024K)]
  0x00000243efa21340 JavaThread "Worker-22: Initialize workspace"        [_thread_blocked, id=27268, stack(0x0000009b4ad00000,0x0000009b4ae00000) (1024K)]
  0x00000243f6605180 JavaThread "Worker-23: Initialize workspace"        [_thread_blocked, id=42552, stack(0x0000009b4b200000,0x0000009b4b300000) (1024K)]
  0x00000243fb8387d0 JavaThread "Timer-20"                          [_thread_blocked, id=14540, stack(0x0000009b4c600000,0x0000009b4c700000) (1024K)]
  0x00000243fb47d140 JavaThread "Timer-21"                          [_thread_blocked, id=10016, stack(0x0000009b4c900000,0x0000009b4ca00000) (1024K)]
  0x00000243fba72360 JavaThread "Connection worker"                 [_thread_in_native, id=35992, stack(0x0000009b4c700000,0x0000009b4c800000) (1024K)]
  0x00000243efa22060 JavaThread "pool-38-thread-1"                  [_thread_blocked, id=6720, stack(0x0000009b4ca00000,0x0000009b4cb00000) (1024K)]
  0x00000243faee9b10 JavaThread "Connection worker"                 [_thread_in_native, id=43304, stack(0x0000009b4cb00000,0x0000009b4cc00000) (1024K)]
  0x00000243f855cab0 JavaThread "pool-39-thread-1"                  [_thread_blocked, id=14596, stack(0x0000009b4bd00000,0x0000009b4be00000) (1024K)]
  0x00000243fb837ab0 JavaThread "Timer-22"                          [_thread_blocked, id=41172, stack(0x0000009b4cf00000,0x0000009b4d000000) (1024K)]
  0x00000243fb0d46b0 JavaThread "Worker-24: Initialize workspace"        [_thread_blocked, id=35980, stack(0x0000009b4d100000,0x0000009b4d200000) (1024K)]
  0x00000243f79b0b30 JavaThread "Timer-23"                          [_thread_blocked, id=22564, stack(0x0000009b4cc00000,0x0000009b4cd00000) (1024K)]
  0x00000243fb0d6e10 JavaThread "Worker-25: Initialize workspace"        [_thread_blocked, id=37064, stack(0x0000009b4d300000,0x0000009b4d400000) (1024K)]
  0x00000243fb0d6780 JavaThread "Connection worker"                 [_thread_in_native, id=38332, stack(0x0000009b4c200000,0x0000009b4c300000) (1024K)]
  0x00000243fb838140 JavaThread "Worker-26: Initialize workspace"        [_thread_blocked, id=32888, stack(0x0000009b4c800000,0x0000009b4c900000) (1024K)]
  0x00000243fbcf4080 JavaThread "pool-43-thread-1"                  [_thread_blocked, id=2244, stack(0x0000009b4b300000,0x0000009b4b400000) (1024K)]
  0x00000243fb836d90 JavaThread "Timer-24"                          [_thread_blocked, id=37532, stack(0x0000009b4d500000,0x0000009b4d600000) (1024K)]
  0x00000243efa22d80 JavaThread "Connection worker"                 [_thread_in_native, id=42668, stack(0x0000009b4c100000,0x0000009b4c200000) (1024K)]
  0x00000243fa6be890 JavaThread "pool-44-thread-1"                  [_thread_blocked, id=43036, stack(0x0000009b4d400000,0x0000009b4d500000) (1024K)]
  0x00000243faee9480 JavaThread "Timer-25"                          [_thread_blocked, id=42436, stack(0x0000009b4c000000,0x0000009b4c100000) (1024K)]
  0x00000243fb836700 JavaThread "Worker-27: Initialize workspace"        [_thread_blocked, id=24804, stack(0x0000009b46e00000,0x0000009b46f00000) (1024K)]
  0x00000243fa6bb410 JavaThread "Timer-26"                          [_thread_blocked, id=35388, stack(0x0000009b4c500000,0x0000009b4c600000) (1024K)]
  0x00000243fb0d3990 JavaThread "Connection worker"                 [_thread_in_native, id=38380, stack(0x0000009b4be00000,0x0000009b4bf00000) (1024K)]
  0x00000243fb47b700 JavaThread "pool-46-thread-1"                  [_thread_blocked, id=12824, stack(0x0000009b4cd00000,0x0000009b4ce00000) (1024K)]
  0x00000243fb0d4020 JavaThread "Timer-27"                          [_thread_blocked, id=40792, stack(0x0000009b4bb00000,0x0000009b4bc00000) (1024K)]
  0x00000243f5ec7610 JavaThread "Worker-28: Initialize workspace"        [_thread_blocked, id=13340, stack(0x0000009b4d200000,0x0000009b4d300000) (1024K)]
  0x00000243faeeaec0 JavaThread "Worker-29: Initialize workspace"        [_thread_blocked, id=3020, stack(0x0000009b4d800000,0x0000009b4d900000) (1024K)]
  0x00000243f5ec7ca0 JavaThread "Timer-28"                          [_thread_blocked, id=29600, stack(0x0000009b4de00000,0x0000009b4df00000) (1024K)]
  0x00000243f6aee8b0 JavaThread "Connection worker"                 [_thread_in_native, id=41284, stack(0x0000009b48600000,0x0000009b48700000) (1024K)]
  0x00000243fbcf4da0 JavaThread "pool-51-thread-1"                  [_thread_blocked, id=19424, stack(0x0000009b4d700000,0x0000009b4d800000) (1024K)]
  0x00000243fa6bbaa0 JavaThread "Timer-29"                          [_thread_blocked, id=35780, stack(0x0000009b4d000000,0x0000009b4d100000) (1024K)]
  0x00000243fa6bce50 JavaThread "Worker-30: Initialize workspace"        [_thread_blocked, id=24072, stack(0x0000009b4d600000,0x0000009b4d700000) (1024K)]
  0x00000243f79b1850 JavaThread "Connection worker"                 [_thread_in_native, id=17056, stack(0x0000009b4df00000,0x0000009b4e000000) (1024K)]
  0x00000243fba70290 JavaThread "pool-55-thread-1"                  [_thread_blocked, id=39648, stack(0x0000009b4e300000,0x0000009b4e400000) (1024K)]
  0x00000243fba6f570 JavaThread "Timer-30"                          [_thread_blocked, id=36172, stack(0x0000009b4e500000,0x0000009b4e600000) (1024K)]
  0x00000243fb67a060 JavaThread "Worker-31: Initialize workspace"        [_thread_blocked, id=32168, stack(0x0000009b4e700000,0x0000009b4e800000) (1024K)]
  0x00000243f79b11c0 JavaThread "Connection worker"                 [_thread_in_native, id=6260, stack(0x0000009b4ce00000,0x0000009b4cf00000) (1024K)]
  0x00000243faeebbe0 JavaThread "pool-56-thread-1"                  [_thread_blocked, id=38468, stack(0x0000009b4d900000,0x0000009b4da00000) (1024K)]
  0x00000243fa6bc130 JavaThread "Connection worker"                 [_thread_in_native, id=36140, stack(0x0000009b4e000000,0x0000009b4e100000) (1024K)]
  0x00000243fb838e60 JavaThread "pool-57-thread-1"                  [_thread_blocked, id=40336, stack(0x0000009b4e200000,0x0000009b4e300000) (1024K)]
  0x00000243fb679340 JavaThread "Timer-31"                          [_thread_blocked, id=29992, stack(0x0000009b4e600000,0x0000009b4e700000) (1024K)]
  0x00000243efa23410 JavaThread "Worker-32: Initialize workspace"        [_thread_blocked, id=37112, stack(0x0000009b4eb00000,0x0000009b4ec00000) (1024K)]
  0x00000243fa6bc7c0 JavaThread "Connection worker"                 [_thread_in_native, id=28480, stack(0x0000009b4e100000,0x0000009b4e200000) (1024K)]
  0x00000243fa6bdb70 JavaThread "pool-61-thread-1"                  [_thread_blocked, id=34540, stack(0x0000009b4ed00000,0x0000009b4ee00000) (1024K)]
  0x00000243faeeb550 JavaThread "Timer-32"                          [_thread_blocked, id=27864, stack(0x0000009b4ef00000,0x0000009b4f000000) (1024K)]
  0x00000243fba70fb0 JavaThread "Worker-33: Initialize workspace"        [_thread_blocked, id=23228, stack(0x0000009b4f100000,0x0000009b4f200000) (1024K)]
  0x00000243faee8df0 JavaThread "Timer-33"                          [_thread_blocked, id=11888, stack(0x0000009b4f000000,0x0000009b4f100000) (1024K)]
  0x00000243fa6042c0 JavaThread "Worker-34: Initialize workspace"        [_thread_blocked, id=43720, stack(0x0000009b4f300000,0x0000009b4f400000) (1024K)]
  0x00000243fa6035a0 JavaThread "Timer-34"                          [_thread_blocked, id=14884, stack(0x0000009b4f500000,0x0000009b4f600000) (1024K)]
  0x00000243fb8394f0 JavaThread "Worker-35: Initialize workspace"        [_thread_blocked, id=11772, stack(0x0000009b4f600000,0x0000009b4f700000) (1024K)]
  0x00000243fa3a7650 JavaThread "Connection worker"                 [_thread_in_native, id=7800, stack(0x0000009b4e900000,0x0000009b4ea00000) (1024K)]
  0x00000243fbcf5430 JavaThread "pool-67-thread-1"                  [_thread_blocked, id=38188, stack(0x0000009b4f700000,0x0000009b4f800000) (1024K)]
  0x00000243fa604fe0 JavaThread "Timer-35"                          [_thread_blocked, id=33776, stack(0x0000009b4f900000,0x0000009b4fa00000) (1024K)]
  0x00000243fbdd5560 JavaThread "Worker-36: Initialize workspace"        [_thread_blocked, id=27656, stack(0x0000009b4fa00000,0x0000009b4fb00000) (1024K)]
  0x00000243f6b97e70 JavaThread "Timer-36"                          [_thread_blocked, id=35740, stack(0x0000009b4fc00000,0x0000009b4fd00000) (1024K)]
  0x00000243fa6021f0 JavaThread "Worker-37: Initialize workspace"        [_thread_blocked, id=9960, stack(0x0000009b4fe00000,0x0000009b4ff00000) (1024K)]
  0x00000243fa6be200 JavaThread "Connection worker"                 [_thread_in_native, id=15180, stack(0x0000009b4db00000,0x0000009b4dc00000) (1024K)]
  0x00000243f5ec8330 JavaThread "Connection worker"                 [_thread_in_native, id=33844, stack(0x0000009b4f800000,0x0000009b4f900000) (1024K)]
  0x00000243fa602880 JavaThread "pool-70-thread-1"                  [_thread_blocked, id=16492, stack(0x0000009b50100000,0x0000009b50200000) (1024K)]
  0x00000243fb67a6f0 JavaThread "Timer-37"                          [_thread_blocked, id=30012, stack(0x0000009b4dd00000,0x0000009b4de00000) (1024K)]
  0x00000243fab46050 JavaThread "Worker-38: Initialize workspace"        [_thread_blocked, id=39448, stack(0x0000009b50000000,0x0000009b50100000) (1024K)]
  0x00000243f6b98b90 JavaThread "Connection worker"                 [_thread_in_native, id=36844, stack(0x0000009b4ee00000,0x0000009b4ef00000) (1024K)]
  0x00000243fb836070 JavaThread "pool-71-thread-1"                  [_thread_blocked, id=1440, stack(0x0000009b4f200000,0x0000009b4f300000) (1024K)]
  0x00000243fb47e4f0 JavaThread "Timer-38"                          [_thread_blocked, id=620, stack(0x0000009b50500000,0x0000009b50600000) (1024K)]
  0x00000243fbdd4ed0 JavaThread "Worker-39: Initialize workspace"        [_thread_blocked, id=33364, stack(0x0000009b50700000,0x0000009b50800000) (1024K)]
  0x00000243fa602f10 JavaThread "Connection worker"                 [_thread_in_native, id=37060, stack(0x0000009b4ea00000,0x0000009b4eb00000) (1024K)]
  0x00000243fab45330 JavaThread "pool-75-thread-1"                  [_thread_blocked, id=12060, stack(0x0000009b4f400000,0x0000009b4f500000) (1024K)]
  0x00000243fbdd5bf0 JavaThread "Timer-39"                          [_thread_blocked, id=12492, stack(0x0000009b50300000,0x0000009b50400000) (1024K)]
  0x00000243fa3a4ef0 JavaThread "Worker-40"                         [_thread_blocked, id=37528, stack(0x0000009b50400000,0x0000009b50500000) (1024K)]
  0x00000243f8735da0 JavaThread "Connection worker"                 [_thread_in_native, id=44052, stack(0x0000009b4fb00000,0x0000009b4fc00000) (1024K)]
  0x00000243efa226f0 JavaThread "pool-76-thread-1"                  [_thread_blocked, id=44084, stack(0x0000009b50600000,0x0000009b50700000) (1024K)]
  0x00000243f8dbf640 JavaThread "Timer-40"                          [_thread_blocked, id=44224, stack(0x0000009b50900000,0x0000009b50a00000) (1024K)]
  0x00000243f9e3d270 JavaThread "Timer-41"                          [_thread_blocked, id=9356, stack(0x0000009b50e00000,0x0000009b50f00000) (1024K)]
  0x00000243f9f74280 JavaThread "Worker-42: Initialize workspace"        [_thread_blocked, id=37756, stack(0x0000009b50f00000,0x0000009b51000000) (1024K)]
  0x00000243fba70920 JavaThread "Connection worker"                 [_thread_in_native, id=36576, stack(0x0000009b51000000,0x0000009b51100000) (1024K)]
  0x00000243f6b98500 JavaThread "pool-80-thread-1"                  [_thread_blocked, id=6084, stack(0x0000009b51100000,0x0000009b51200000) (1024K)]
  0x00000243fb6799d0 JavaThread "Timer-42"                          [_thread_blocked, id=19300, stack(0x0000009b51300000,0x0000009b51400000) (1024K)]
  0x00000243fb47de60 JavaThread "Worker-43: Initialize workspace"        [_thread_blocked, id=44064, stack(0x0000009b51500000,0x0000009b51600000) (1024K)]
  0x00000243f8734360 JavaThread "Connection worker"                 [_thread_in_native, id=42908, stack(0x0000009b50d00000,0x0000009b50e00000) (1024K)]
  0x00000243f8dc09f0 JavaThread "pool-81-thread-1"                  [_thread_blocked, id=38560, stack(0x0000009b51700000,0x0000009b51800000) (1024K)]
  0x00000243fb47d7d0 JavaThread "Connection worker"                 [_thread_in_native, id=45356, stack(0x0000009b4fd00000,0x0000009b4fe00000) (1024K)]
  0x00000243fb47cab0 JavaThread "pool-82-thread-1"                  [_thread_blocked, id=45360, stack(0x0000009b4ff00000,0x0000009b50000000) (1024K)]
  0x00000243f6aac5d0 JavaThread "Timer-43"                          [_thread_blocked, id=45608, stack(0x0000009b50c00000,0x0000009b50d00000) (1024K)]
  0x00000243fb47b070 JavaThread "Worker-44: Initialize workspace"        [_thread_blocked, id=45664, stack(0x0000009b51b00000,0x0000009b51c00000) (1024K)]
  0x00000243f87349f0 JavaThread "Timer-44"                          [_thread_blocked, id=44236, stack(0x0000009b51c00000,0x0000009b51d00000) (1024K)]
  0x00000243f8dbfcd0 JavaThread "Worker-45: Initialize workspace"        [_thread_blocked, id=20356, stack(0x0000009b50a00000,0x0000009b50b00000) (1024K)]
  0x00000243f6aab8b0 JavaThread "Timer-45"                          [_thread_blocked, id=30100, stack(0x0000009b51800000,0x0000009b51900000) (1024K)]
  0x00000243fa601b60 JavaThread "Worker-46: Initialize workspace"        [_thread_blocked, id=45348, stack(0x0000009b50800000,0x0000009b50900000) (1024K)]
  0x00000243fa6c6230 JavaThread "Worker-47"                         [_thread_blocked, id=45928, stack(0x0000009b52300000,0x0000009b52400000) (1024K)]
  0x00000243f6aad2f0 JavaThread "Timer-46"                          [_thread_blocked, id=43440, stack(0x0000009b51400000,0x0000009b51500000) (1024K)]
  0x00000243f9e40060 JavaThread "Worker-48: Initialize workspace"        [_thread_blocked, id=16748, stack(0x0000009b51900000,0x0000009b51a00000) (1024K)]
  0x00000243f9e3f9d0 JavaThread "Timer-47"                          [_thread_blocked, id=46648, stack(0x0000009b52d00000,0x0000009b52e00000) (1024K)]
  0x00000243fc02d550 JavaThread "Worker-49: Initialize workspace"        [_thread_blocked, id=46800, stack(0x0000009b53000000,0x0000009b53100000) (1024K)]
  0x00000243f8735080 JavaThread "Timer-48"                          [_thread_blocked, id=28836, stack(0x0000009b53300000,0x0000009b53400000) (1024K)]
  0x00000243f6fc66c0 JavaThread "Timer-49"                          [_thread_blocked, id=26312, stack(0x0000009b53700000,0x0000009b53800000) (1024K)]
  0x00000243f6aad980 JavaThread "Connection worker"                 [_thread_blocked, id=46364, stack(0x0000009b4a500000,0x0000009b4a600000) (1024K)]
  0x00000243fc02e270 JavaThread "pool-113-thread-1"                 [_thread_blocked, id=29492, stack(0x0000009b52000000,0x0000009b52100000) (1024K)]
  0x00000243f9e3d900 JavaThread "Connection worker"                 [_thread_in_native, id=20888, stack(0x0000009b50200000,0x0000009b50300000) (1024K)]
  0x00000243f9136090 JavaThread "pool-116-thread-1"                 [_thread_blocked, id=7656, stack(0x0000009b52500000,0x0000009b52600000) (1024K)]
  0x00000243f79b1ee0 JavaThread "Exec process"                      [_thread_in_native, id=3748, stack(0x0000009b4e400000,0x0000009b4e500000) (1024K)]
  0x00000243fb402b00 JavaThread "Exec process Thread 2"             [_thread_blocked, id=17136, stack(0x0000009b52a00000,0x0000009b52b00000) (1024K)]
  0x00000243faaff330 JavaThread "Connection worker"                 [_thread_blocked, id=39636, stack(0x0000009b52200000,0x0000009b52300000) (1024K)]
  0x00000243f9f721b0 JavaThread "pool-123-thread-1"                 [_thread_blocked, id=9340, stack(0x0000009b52600000,0x0000009b52700000) (1024K)]
  0x00000243fb2227e0 JavaThread "Exec process"                      [_thread_in_native, id=44948, stack(0x0000009b52e00000,0x0000009b52f00000) (1024K)]
  0x00000243fa3a62a0 JavaThread "Exec process Thread 2"             [_thread_blocked, id=32244, stack(0x0000009b53a00000,0x0000009b53b00000) (1024K)]
  0x00000243fa3a8370 JavaThread "PatternSearchJob-worker-6"  daemon [_thread_blocked, id=4268, stack(0x0000009b53500000,0x0000009b53600000) (1024K)]
  0x00000243f6fc8100 JavaThread "PatternSearchJob-worker-7"  daemon [_thread_blocked, id=41460, stack(0x0000009b53b00000,0x0000009b53c00000) (1024K)]
  0x00000243fa5ffbb0 JavaThread "Connection worker"                 [_thread_blocked, id=44936, stack(0x0000009b46f00000,0x0000009b47000000) (1024K)]
  0x00000243fa5fee90 JavaThread "pool-129-thread-1"                 [_thread_blocked, id=46008, stack(0x0000009b49700000,0x0000009b49800000) (1024K)]
  0x00000243f6fc94b0 JavaThread "Connection worker"                 [_thread_blocked, id=44420, stack(0x0000009b51600000,0x0000009b51700000) (1024K)]
  0x00000243fb222e70 JavaThread "pool-130-thread-1"                 [_thread_blocked, id=45016, stack(0x0000009b51d00000,0x0000009b51e00000) (1024K)]
  0x00000243fa5ff520 JavaThread "Exec process"                      [_thread_in_native, id=11736, stack(0x0000009b53600000,0x0000009b53700000) (1024K)]
  0x00000243f8736430 JavaThread "Timer-50"                          [_thread_blocked, id=44884, stack(0x0000009b53800000,0x0000009b53900000) (1024K)]
  0x00000243f63a6e50 JavaThread "Exec process Thread 2"             [_thread_blocked, id=4472, stack(0x0000009b54300000,0x0000009b54400000) (1024K)]
  0x00000243f9136720 JavaThread "Connection worker"                 [_thread_blocked, id=13724, stack(0x0000009b49600000,0x0000009b49700000) (1024K)]
  0x00000243fb220da0 JavaThread "Exec process"                      [_thread_in_native, id=9436, stack(0x0000009b4ba00000,0x0000009b4bb00000) (1024K)]
  0x00000243fba71640 JavaThread "Exec process Thread 2"             [_thread_blocked, id=38916, stack(0x0000009b54600000,0x0000009b54700000) (1024K)]
  0x00000243f829e200 JavaThread "pool-133-thread-1"                 [_thread_blocked, id=30880, stack(0x0000009b54700000,0x0000009b54800000) (1024K)]
  0x00000243f6fc6d50 JavaThread "Exec process"                      [_thread_in_native, id=6568, stack(0x0000009b54800000,0x0000009b54900000) (1024K)]
  0x00000243f9f74fa0 JavaThread "Exec process Thread 2"             [_thread_blocked, id=39380, stack(0x0000009b54a00000,0x0000009b54b00000) (1024K)]
  0x00000243f8736ac0 JavaThread "Worker-52"                         [_thread_blocked, id=44752, stack(0x0000009b54c00000,0x0000009b54d00000) (1024K)]
  0x00000243fb4003a0 JavaThread "Connection worker"                 [_thread_blocked, id=11440, stack(0x0000009b4a100000,0x0000009b4a200000) (1024K)]
  0x00000243faeea1a0 JavaThread "pool-135-thread-1"                 [_thread_blocked, id=45596, stack(0x0000009b51a00000,0x0000009b51b00000) (1024K)]
  0x00000243f9e3f340 JavaThread "Connection worker"                 [_thread_blocked, id=45516, stack(0x0000009b4dc00000,0x0000009b4dd00000) (1024K)]
  0x00000243f6fc8790 JavaThread "pool-136-thread-1"                 [_thread_blocked, id=42060, stack(0x0000009b4ec00000,0x0000009b4ed00000) (1024K)]
  0x00000243f9e3ecb0 JavaThread "Exec process"                      [_thread_in_native, id=46312, stack(0x0000009b52900000,0x0000009b52a00000) (1024K)]
  0x00000243f6fc8e20 JavaThread "Exec process"                      [_thread_in_native, id=25064, stack(0x0000009b52c00000,0x0000009b52d00000) (1024K)]
  0x00000243f9f75630 JavaThread "Exec process Thread 2"             [_thread_blocked, id=8468, stack(0x0000009b53100000,0x0000009b53200000) (1024K)]
  0x00000243f82a0140 JavaThread "Exec process Thread 2"             [_thread_blocked, id=36000, stack(0x0000009b53900000,0x0000009b53a00000) (1024K)]
  0x00000243f829fab0 JavaThread "Connection worker"                 [_thread_blocked, id=44372, stack(0x0000009b4e800000,0x0000009b4e900000) (1024K)]
  0x00000243fb4010c0 JavaThread "pool-138-thread-1"                 [_thread_blocked, id=41940, stack(0x0000009b51e00000,0x0000009b51f00000) (1024K)]
  0x00000243fb401750 JavaThread "Exec process"                      [_thread_in_native, id=46700, stack(0x0000009b52f00000,0x0000009b53000000) (1024K)]
  0x00000243f9f73bf0 JavaThread "Exec process Thread 2"             [_thread_blocked, id=46756, stack(0x0000009b53e00000,0x0000009b53f00000) (1024K)]
  0x00000243fb221ac0 JavaThread "Connection worker"                 [_thread_blocked, id=44604, stack(0x0000009b48400000,0x0000009b48500000) (1024K)]
  0x00000243fa3a5580 JavaThread "pool-141-thread-1"                 [_thread_blocked, id=46052, stack(0x0000009b50b00000,0x0000009b50c00000) (1024K)]
  0x00000243fa6c47f0 JavaThread "Connection worker"                 [_thread_blocked, id=24084, stack(0x0000009b48300000,0x0000009b48400000) (1024K)]
  0x00000243fa3a5c10 JavaThread "Connection worker"                 [_thread_blocked, id=46788, stack(0x0000009b4bc00000,0x0000009b4bd00000) (1024K)]
  0x00000243f9e3df90 JavaThread "pool-142-thread-1"                 [_thread_blocked, id=32092, stack(0x0000009b51200000,0x0000009b51300000) (1024K)]
  0x00000243fab006e0 JavaThread "Connection worker"                 [_thread_blocked, id=33772, stack(0x0000009b51f00000,0x0000009b52000000) (1024K)]
  0x00000243fba71cd0 JavaThread "Connection worker"                 [_thread_blocked, id=27844, stack(0x0000009b4a900000,0x0000009b4aa00000) (1024K)]
  0x00000243fb223500 JavaThread "Exec process"                      [_thread_in_native, id=2804, stack(0x0000009b4da00000,0x0000009b4db00000) (1024K)]
  0x00000243fa3a6930 JavaThread "pool-143-thread-1"                 [_thread_blocked, id=41504, stack(0x0000009b52800000,0x0000009b52900000) (1024K)]
  0x00000243f9135370 JavaThread "Exec process Thread 2"             [_thread_blocked, id=39716, stack(0x0000009b53200000,0x0000009b53300000) (1024K)]
  0x00000243f8dc0360 JavaThread "pool-144-thread-1"                 [_thread_blocked, id=22728, stack(0x0000009b53400000,0x0000009b53500000) (1024K)]
  0x00000243f9e3e620 JavaThread "Exec process"                      [_thread_in_native, id=46252, stack(0x0000009b52b00000,0x0000009b52c00000) (1024K)]
  0x00000243f91332a0 JavaThread "Exec process"                      [_thread_in_native, id=3548, stack(0x0000009b53c00000,0x0000009b53d00000) (1024K)]
  0x00000243f9134ce0 JavaThread "Exec process Thread 2"             [_thread_blocked, id=28560, stack(0x0000009b53f00000,0x0000009b54000000) (1024K)]
  0x00000243fb220710 JavaThread "Exec process Thread 2"             [_thread_blocked, id=32580, stack(0x0000009b54000000,0x0000009b54100000) (1024K)]
  0x00000243f829f420 JavaThread "Exec process"                      [_thread_in_native, id=45120, stack(0x0000009b53d00000,0x0000009b53e00000) (1024K)]
  0x00000243f8dc2ac0 JavaThread "Exec process"                      [_thread_in_native, id=41916, stack(0x0000009b54100000,0x0000009b54200000) (1024K)]
  0x00000243fb222150 JavaThread "Connection worker"                 [_thread_blocked, id=39196, stack(0x0000009b48800000,0x0000009b48900000) (1024K)]
  0x00000243fa3a6fc0 JavaThread "Connection worker"                 [_thread_blocked, id=44264, stack(0x0000009b48b00000,0x0000009b48c00000) (1024K)]
  0x00000243f9e3cbe0 JavaThread "pool-145-thread-1"                 [_thread_blocked, id=41136, stack(0x0000009b4b400000,0x0000009b4b500000) (1024K)]
  0x00000243fb3ffd10 JavaThread "pool-146-thread-1"                 [_thread_blocked, id=43552, stack(0x0000009b52700000,0x0000009b52800000) (1024K)]
  0x00000243f9133fc0 JavaThread "Exec process Thread 2"             [_thread_blocked, id=29484, stack(0x0000009b54900000,0x0000009b54a00000) (1024K)]
  0x00000243fb221430 JavaThread "Exec process Thread 2"             [_thread_blocked, id=14460, stack(0x0000009b54b00000,0x0000009b54c00000) (1024K)]
  0x00000243f855d7d0 JavaThread "Exec process"                      [_thread_in_native, id=9512, stack(0x0000009b54200000,0x0000009b54300000) (1024K)]
  0x00000243faeea830 JavaThread "Connection worker"                 [_thread_blocked, id=43656, stack(0x0000009b4ab00000,0x0000009b4ac00000) (1024K)]
  0x00000243faaff9c0 JavaThread "pool-147-thread-1"                 [_thread_blocked, id=38536, stack(0x0000009b4b000000,0x0000009b4b100000) (1024K)]
  0x00000243faeec270 JavaThread "Exec process"                      [_thread_blocked, id=46752, stack(0x0000009b54d00000,0x0000009b54e00000) (1024K)]
Total: 249

Other Threads:
  0x00000243ad4a6520 VMThread "VM Thread"                           [id=25860, stack(0x0000009b44a00000,0x0000009b44b00000) (1024K)]
  0x00000243ad39cb30 WatcherThread "VM Periodic Task Thread"        [id=37176, stack(0x0000009b44900000,0x0000009b44a00000) (1024K)]
  0x0000024396a32920 WorkerThread "GC Thread#0"                     [id=35616, stack(0x0000009b44800000,0x0000009b44900000) (1024K)]
  0x00000243f53c6510 WorkerThread "GC Thread#1"                     [id=28592, stack(0x0000009b45700000,0x0000009b45800000) (1024K)]
  0x00000243f57a83e0 WorkerThread "GC Thread#2"                     [id=16996, stack(0x0000009b45800000,0x0000009b45900000) (1024K)]
  0x00000243f57a8790 WorkerThread "GC Thread#3"                     [id=14228, stack(0x0000009b45900000,0x0000009b45a00000) (1024K)]
  0x00000243f57a8b40 WorkerThread "GC Thread#4"                     [id=4116, stack(0x0000009b45a00000,0x0000009b45b00000) (1024K)]
  0x00000243f57a8ef0 WorkerThread "GC Thread#5"                     [id=9664, stack(0x0000009b45b00000,0x0000009b45c00000) (1024K)]
  0x00000243f57a9ab0 WorkerThread "GC Thread#6"                     [id=29784, stack(0x0000009b45c00000,0x0000009b45d00000) (1024K)]
  0x00000243f59635b0 WorkerThread "GC Thread#7"                     [id=42128, stack(0x0000009b45d00000,0x0000009b45e00000) (1024K)]
  0x00000243f60b7930 WorkerThread "GC Thread#8"                     [id=38148, stack(0x0000009b46200000,0x0000009b46300000) (1024K)]
  0x00000243f60b7ce0 WorkerThread "GC Thread#9"                     [id=39664, stack(0x0000009b46300000,0x0000009b46400000) (1024K)]
Total: 12

Threads with active compile tasks:
C2 CompilerThread0  369439 15617       4       org.gradle.api.internal.classpath.EffectiveClassPath::addClasspathFile (34 bytes)
Total: 1

VM state: not at safepoint (normal execution)

VM Mutex/Monitor currently owned by a thread: None

Heap address: 0x0000000080000000, size: 2048 MB, Compressed Oops mode: 32-bit

CDS archive(s) mapped at: [0x00000243ae000000-0x00000243aeba0000-0x00000243aeba0000), size 12189696, SharedBaseAddress: 0x00000243ae000000, ArchiveRelocationMode: 1.
Compressed class space mapped at: 0x00000243af000000-0x00000243ef000000, reserved size: 1073741824
Narrow klass base: 0x00000243ae000000, Narrow klass shift: 0, Narrow klass range: 0x100000000

GC Precious Log:
 CardTable entry size: 512
 CPUs: 12 total, 12 available
 Memory: 15754M
 Large Page Support: Disabled
 NUMA Support: Disabled
 Compressed Oops: Enabled (32-bit)
 Alignments: Space 512K, Generation 512K, Heap 2M
 Heap Min Capacity: 100M
 Heap Initial Capacity: 100M
 Heap Max Capacity: 2G
 Pre-touch: Disabled
 Parallel Workers: 10

Heap:
 PSYoungGen      total 2048K, used 1094K [0x00000000d5580000, 0x00000000d5980000, 0x0000000100000000)
  eden space 1536K, 56% used [0x00000000d5580000,0x00000000d5659928,0x00000000d5700000)
  from space 512K, 43% used [0x00000000d5900000,0x00000000d5938000,0x00000000d5980000)
  to   space 512K, 0% used [0x00000000d5880000,0x00000000d5880000,0x00000000d5900000)
 ParOldGen       total 444928K, used 444868K [0x0000000080000000, 0x000000009b280000, 0x00000000d5580000)
  object space 444928K, 99% used [0x0000000080000000,0x000000009b271290,0x000000009b280000)
 Metaspace       used 78298K, committed 80128K, reserved 1179648K
  class space    used 9289K, committed 10112K, reserved 1048576K

Card table byte_map: [0x00000243963b0000,0x00000243967c0000] _byte_map_base: 0x0000024395fb0000

Marking Bits: (ParMarkBitMap*) 0x00007ff9a9d944a0
 Begin Bits: [0x00000243a8ec0000, 0x00000243aaec0000)
 End Bits:   [0x00000243aaec0000, 0x00000243acec0000)

Polling page: 0x0000024394870000

Metaspace:

Usage:
  Non-class:     67.39 MB used.
      Class:      9.07 MB used.
       Both:     76.46 MB used.

Virtual space:
  Non-class space:      128.00 MB reserved,      68.38 MB ( 53%) committed,  2 nodes.
      Class space:        1.00 GB reserved,       9.88 MB ( <1%) committed,  1 nodes.
             Both:        1.12 GB reserved,      78.25 MB (  7%) committed. 

Chunk freelists:
   Non-Class:  11.34 MB
       Class:  6.06 MB
        Both:  17.41 MB

MaxMetaspaceSize: unlimited
CompressedClassSpaceSize: 1.00 GB
Initial GC threshold: 21.00 MB
Current GC threshold: 97.31 MB
CDS: on
 - commit_granule_bytes: 65536.
 - commit_granule_words: 8192.
 - virtual_space_node_default_size: 8388608.
 - enlarge_chunks_in_place: 1.
 - use_allocation_guard: 0.


Internal statistics:

num_allocs_failed_limit: 9.
num_arena_births: 1788.
num_arena_deaths: 14.
num_vsnodes_births: 3.
num_vsnodes_deaths: 0.
num_space_committed: 1252.
num_space_uncommitted: 0.
num_chunks_returned_to_freelist: 23.
num_chunks_taken_from_freelist: 5341.
num_chunk_merges: 8.
num_chunk_splits: 3272.
num_chunks_enlarged: 1858.
num_inconsistent_stats: 0.

CodeHeap 'non-profiled nmethods': size=120000Kb used=10869Kb max_used=10869Kb free=109130Kb
 bounds [0x00000243a16e0000, 0x00000243a2180000, 0x00000243a8c10000]
CodeHeap 'profiled nmethods': size=120000Kb used=30888Kb max_used=30888Kb free=89111Kb
 bounds [0x0000024399c10000, 0x000002439ba40000, 0x00000243a1140000]
CodeHeap 'non-nmethods': size=5760Kb used=1443Kb max_used=1509Kb free=4317Kb
 bounds [0x00000243a1140000, 0x00000243a13b0000, 0x00000243a16e0000]
CodeCache: size=245760Kb, used=43200Kb, max_used=43266Kb, free=202558Kb
 total_blobs=15605, nmethods=14853, adapters=658, full_count=0
Compilation: enabled, stopped_count=0, restarted_count=0

Compilation events (20 events):
Event: 364.657 Thread 0x0000024396acab00 nmethod 15611 0x00000243a2179b90 code [0x00000243a2179d60, 0x00000243a217a348]
Event: 364.826 Thread 0x0000024396acc1c0 15612       1       org.gradle.launcher.daemon.configuration.DaemonParameters::getPriority (5 bytes)
Event: 364.826 Thread 0x0000024396acc1c0 nmethod 15612 0x00000243a217a690 code [0x00000243a217a820, 0x00000243a217a8e8]
Event: 366.007 Thread 0x0000024396acc1c0 15613       3       org.gradle.internal.serialize.ClassLoaderObjectInputStream::<init> (11 bytes)
Event: 366.008 Thread 0x0000024396acc1c0 nmethod 15613 0x000002439ba33e10 code [0x000002439ba33fc0, 0x000002439ba34130]
Event: 367.095 Thread 0x0000024396acc1c0 15614       3       org.apache.commons.io.FilenameUtils::doNormalize (530 bytes)
Event: 367.100 Thread 0x0000024396acc1c0 nmethod 15614 0x000002439ba34210 code [0x000002439ba345c0, 0x000002439ba35fc0]
Event: 367.765 Thread 0x0000024396acab00 15615       4       java.io.DataOutputStream::writeLong (30 bytes)
Event: 367.795 Thread 0x0000024396acab00 nmethod 15615 0x00000243a217a990 code [0x00000243a217ac40, 0x00000243a217bba0]
Event: 367.795 Thread 0x0000024396acab00 15616   !   4       org.gradle.internal.classpath.DefaultClassPath::toURL (14 bytes)
Event: 367.803 Thread 0x0000024396acab00 nmethod 15616 0x00000243a217c810 code [0x00000243a217ca20, 0x00000243a217cff0]
Event: 368.250 Thread 0x0000024396acab00 15617       4       org.gradle.api.internal.classpath.EffectiveClassPath::addClasspathFile (34 bytes)
Event: 368.511 Thread 0x0000024396acc1c0 15618   !   3       org.eclipse.core.internal.resources.NatureManager::lazyInitialize (131 bytes)
Event: 368.538 Thread 0x0000024396acc1c0 nmethod 15618 0x000002439ba36790 code [0x000002439ba36b60, 0x000002439ba38580]
Event: 368.612 Thread 0x0000024396acc1c0 15619       3       org.gradle.internal.event.BroadcastDispatch::access$100 (6 bytes)
Event: 368.612 Thread 0x0000024396acc1c0 nmethod 15619 0x000002439ba39010 code [0x000002439ba391c0, 0x000002439ba39450]
Event: 368.612 Thread 0x0000024396acc1c0 15620       3       org.gradle.internal.event.BroadcastDispatch::sameOrEquals (19 bytes)
Event: 368.612 Thread 0x0000024396acc1c0 nmethod 15620 0x000002439ba39590 code [0x000002439ba39740, 0x000002439ba39978]
Event: 368.612 Thread 0x0000024396acc1c0 15621       3       org.gradle.internal.time.DefaultTimer::<init> (14 bytes)
Event: 368.612 Thread 0x0000024396acc1c0 nmethod 15621 0x000002439ba39a90 code [0x000002439ba39c60, 0x000002439ba39fa8]

GC Heap History (20 events):
Event: 365.530 GC heap before
{Heap before GC invocations=2767 (full 3):
 PSYoungGen      total 2048K, used 1792K [0x00000000d5580000, 0x00000000d5980000, 0x0000000100000000)
  eden space 1536K, 100% used [0x00000000d5580000,0x00000000d5700000,0x00000000d5700000)
  from space 512K, 50% used [0x00000000d5880000,0x00000000d58c0000,0x00000000d5900000)
  to   space 512K, 0% used [0x00000000d5900000,0x00000000d5900000,0x00000000d5980000)
 ParOldGen       total 443904K, used 443751K [0x0000000080000000, 0x000000009b180000, 0x00000000d5580000)
  object space 443904K, 99% used [0x0000000080000000,0x000000009b159d50,0x000000009b180000)
 Metaspace       used 78285K, committed 80064K, reserved 1179648K
  class space    used 9289K, committed 10112K, reserved 1048576K
}
Event: 365.545 GC heap after
{Heap after GC invocations=2767 (full 3):
 PSYoungGen      total 2048K, used 288K [0x00000000d5580000, 0x00000000d5980000, 0x0000000100000000)
  eden space 1536K, 0% used [0x00000000d5580000,0x00000000d5580000,0x00000000d5700000)
  from space 512K, 56% used [0x00000000d5900000,0x00000000d5948000,0x00000000d5980000)
  to   space 512K, 0% used [0x00000000d5880000,0x00000000d5880000,0x00000000d5900000)
 ParOldGen       total 443904K, used 443829K [0x0000000080000000, 0x000000009b180000, 0x00000000d5580000)
  object space 443904K, 99% used [0x0000000080000000,0x000000009b16d440,0x000000009b180000)
 Metaspace       used 78285K, committed 80064K, reserved 1179648K
  class space    used 9289K, committed 10112K, reserved 1048576K
}
Event: 366.008 GC heap before
{Heap before GC invocations=2768 (full 3):
 PSYoungGen      total 2048K, used 1824K [0x00000000d5580000, 0x00000000d5980000, 0x0000000100000000)
  eden space 1536K, 100% used [0x00000000d5580000,0x00000000d5700000,0x00000000d5700000)
  from space 512K, 56% used [0x00000000d5900000,0x00000000d5948000,0x00000000d5980000)
  to   space 512K, 0% used [0x00000000d5880000,0x00000000d5880000,0x00000000d5900000)
 ParOldGen       total 443904K, used 443829K [0x0000000080000000, 0x000000009b180000, 0x00000000d5580000)
  object space 443904K, 99% used [0x0000000080000000,0x000000009b16d440,0x000000009b180000)
 Metaspace       used 78286K, committed 80064K, reserved 1179648K
  class space    used 9289K, committed 10112K, reserved 1048576K
}
Event: 366.015 GC heap after
{Heap after GC invocations=2768 (full 3):
 PSYoungGen      total 2048K, used 464K [0x00000000d5580000, 0x00000000d5980000, 0x0000000100000000)
  eden space 1536K, 0% used [0x00000000d5580000,0x00000000d5580000,0x00000000d5700000)
  from space 512K, 90% used [0x00000000d5880000,0x00000000d58f4020,0x00000000d5900000)
  to   space 512K, 0% used [0x00000000d5900000,0x00000000d5900000,0x00000000d5980000)
 ParOldGen       total 444416K, used 443913K [0x0000000080000000, 0x000000009b200000, 0x00000000d5580000)
  object space 444416K, 99% used [0x0000000080000000,0x000000009b182450,0x000000009b200000)
 Metaspace       used 78286K, committed 80064K, reserved 1179648K
  class space    used 9289K, committed 10112K, reserved 1048576K
}
Event: 367.073 GC heap before
{Heap before GC invocations=2769 (full 3):
 PSYoungGen      total 2048K, used 2000K [0x00000000d5580000, 0x00000000d5980000, 0x0000000100000000)
  eden space 1536K, 99% used [0x00000000d5580000,0x00000000d56ffff0,0x00000000d5700000)
  from space 512K, 90% used [0x00000000d5880000,0x00000000d58f4020,0x00000000d5900000)
  to   space 512K, 0% used [0x00000000d5900000,0x00000000d5900000,0x00000000d5980000)
 ParOldGen       total 444416K, used 443913K [0x0000000080000000, 0x000000009b200000, 0x00000000d5580000)
  object space 444416K, 99% used [0x0000000080000000,0x000000009b182450,0x000000009b200000)
 Metaspace       used 78286K, committed 80064K, reserved 1179648K
  class space    used 9289K, committed 10112K, reserved 1048576K
}
Event: 367.075 GC heap after
{Heap after GC invocations=2769 (full 3):
 PSYoungGen      total 2048K, used 256K [0x00000000d5580000, 0x00000000d5980000, 0x0000000100000000)
  eden space 1536K, 0% used [0x00000000d5580000,0x00000000d5580000,0x00000000d5700000)
  from space 512K, 50% used [0x00000000d5900000,0x00000000d5940000,0x00000000d5980000)
  to   space 512K, 0% used [0x00000000d5880000,0x00000000d5880000,0x00000000d5900000)
 ParOldGen       total 444416K, used 443958K [0x0000000080000000, 0x000000009b200000, 0x00000000d5580000)
  object space 444416K, 99% used [0x0000000080000000,0x000000009b18db40,0x000000009b200000)
 Metaspace       used 78286K, committed 80064K, reserved 1179648K
  class space    used 9289K, committed 10112K, reserved 1048576K
}
Event: 367.751 GC heap before
{Heap before GC invocations=2770 (full 3):
 PSYoungGen      total 2048K, used 1791K [0x00000000d5580000, 0x00000000d5980000, 0x0000000100000000)
  eden space 1536K, 99% used [0x00000000d5580000,0x00000000d56fff98,0x00000000d5700000)
  from space 512K, 50% used [0x00000000d5900000,0x00000000d5940000,0x00000000d5980000)
  to   space 512K, 0% used [0x00000000d5880000,0x00000000d5880000,0x00000000d5900000)
 ParOldGen       total 444416K, used 443958K [0x0000000080000000, 0x000000009b200000, 0x00000000d5580000)
  object space 444416K, 99% used [0x0000000080000000,0x000000009b18db40,0x000000009b200000)
 Metaspace       used 78290K, committed 80064K, reserved 1179648K
  class space    used 9289K, committed 10112K, reserved 1048576K
}
Event: 367.754 GC heap after
{Heap after GC invocations=2770 (full 3):
 PSYoungGen      total 2048K, used 256K [0x00000000d5580000, 0x00000000d5980000, 0x0000000100000000)
  eden space 1536K, 0% used [0x00000000d5580000,0x00000000d5580000,0x00000000d5700000)
  from space 512K, 50% used [0x00000000d5880000,0x00000000d58c0000,0x00000000d5900000)
  to   space 512K, 0% used [0x00000000d5900000,0x00000000d5900000,0x00000000d5980000)
 ParOldGen       total 444416K, used 444046K [0x0000000080000000, 0x000000009b200000, 0x00000000d5580000)
  object space 444416K, 99% used [0x0000000080000000,0x000000009b1a3b40,0x000000009b200000)
 Metaspace       used 78290K, committed 80064K, reserved 1179648K
  class space    used 9289K, committed 10112K, reserved 1048576K
}
Event: 367.779 GC heap before
{Heap before GC invocations=2771 (full 3):
 PSYoungGen      total 2048K, used 1791K [0x00000000d5580000, 0x00000000d5980000, 0x0000000100000000)
  eden space 1536K, 99% used [0x00000000d5580000,0x00000000d56fff98,0x00000000d5700000)
  from space 512K, 50% used [0x00000000d5880000,0x00000000d58c0000,0x00000000d5900000)
  to   space 512K, 0% used [0x00000000d5900000,0x00000000d5900000,0x00000000d5980000)
 ParOldGen       total 444416K, used 444046K [0x0000000080000000, 0x000000009b200000, 0x00000000d5580000)
  object space 444416K, 99% used [0x0000000080000000,0x000000009b1a3b40,0x000000009b200000)
 Metaspace       used 78290K, committed 80064K, reserved 1179648K
  class space    used 9289K, committed 10112K, reserved 1048576K
}
Event: 367.781 GC heap after
{Heap after GC invocations=2771 (full 3):
 PSYoungGen      total 2048K, used 256K [0x00000000d5580000, 0x00000000d5980000, 0x0000000100000000)
  eden space 1536K, 0% used [0x00000000d5580000,0x00000000d5580000,0x00000000d5700000)
  from space 512K, 50% used [0x00000000d5900000,0x00000000d5940000,0x00000000d5980000)
  to   space 512K, 0% used [0x00000000d5880000,0x00000000d5880000,0x00000000d5900000)
 ParOldGen       total 444416K, used 444182K [0x0000000080000000, 0x000000009b200000, 0x00000000d5580000)
  object space 444416K, 99% used [0x0000000080000000,0x000000009b1c5b80,0x000000009b200000)
 Metaspace       used 78290K, committed 80064K, reserved 1179648K
  class space    used 9289K, committed 10112K, reserved 1048576K
}
Event: 367.933 GC heap before
{Heap before GC invocations=2772 (full 3):
 PSYoungGen      total 2048K, used 1787K [0x00000000d5580000, 0x00000000d5980000, 0x0000000100000000)
  eden space 1536K, 99% used [0x00000000d5580000,0x00000000d56fedc8,0x00000000d5700000)
  from space 512K, 50% used [0x00000000d5900000,0x00000000d5940000,0x00000000d5980000)
  to   space 512K, 0% used [0x00000000d5880000,0x00000000d5880000,0x00000000d5900000)
 ParOldGen       total 444416K, used 444182K [0x0000000080000000, 0x000000009b200000, 0x00000000d5580000)
  object space 444416K, 99% used [0x0000000080000000,0x000000009b1c5b80,0x000000009b200000)
 Metaspace       used 78290K, committed 80064K, reserved 1179648K
  class space    used 9289K, committed 10112K, reserved 1048576K
}
Event: 367.936 GC heap after
{Heap after GC invocations=2772 (full 3):
 PSYoungGen      total 2048K, used 224K [0x00000000d5580000, 0x00000000d5980000, 0x0000000100000000)
  eden space 1536K, 0% used [0x00000000d5580000,0x00000000d5580000,0x00000000d5700000)
  from space 512K, 43% used [0x00000000d5880000,0x00000000d58b8000,0x00000000d5900000)
  to   space 512K, 0% used [0x00000000d5900000,0x00000000d5900000,0x00000000d5980000)
 ParOldGen       total 444416K, used 444286K [0x0000000080000000, 0x000000009b200000, 0x00000000d5580000)
  object space 444416K, 99% used [0x0000000080000000,0x000000009b1dfb80,0x000000009b200000)
 Metaspace       used 78290K, committed 80064K, reserved 1179648K
  class space    used 9289K, committed 10112K, reserved 1048576K
}
Event: 367.964 GC heap before
{Heap before GC invocations=2773 (full 3):
 PSYoungGen      total 2048K, used 1760K [0x00000000d5580000, 0x00000000d5980000, 0x0000000100000000)
  eden space 1536K, 100% used [0x00000000d5580000,0x00000000d5700000,0x00000000d5700000)
  from space 512K, 43% used [0x00000000d5880000,0x00000000d58b8000,0x00000000d5900000)
  to   space 512K, 0% used [0x00000000d5900000,0x00000000d5900000,0x00000000d5980000)
 ParOldGen       total 444416K, used 444286K [0x0000000080000000, 0x000000009b200000, 0x00000000d5580000)
  object space 444416K, 99% used [0x0000000080000000,0x000000009b1dfb80,0x000000009b200000)
 Metaspace       used 78290K, committed 80064K, reserved 1179648K
  class space    used 9289K, committed 10112K, reserved 1048576K
}
Event: 367.968 GC heap after
{Heap after GC invocations=2773 (full 3):
 PSYoungGen      total 2048K, used 192K [0x00000000d5580000, 0x00000000d5980000, 0x0000000100000000)
  eden space 1536K, 0% used [0x00000000d5580000,0x00000000d5580000,0x00000000d5700000)
  from space 512K, 37% used [0x00000000d5900000,0x00000000d5930000,0x00000000d5980000)
  to   space 512K, 0% used [0x00000000d5880000,0x00000000d5880000,0x00000000d5900000)
 ParOldGen       total 444416K, used 444374K [0x0000000080000000, 0x000000009b200000, 0x00000000d5580000)
  object space 444416K, 99% used [0x0000000080000000,0x000000009b1f5b80,0x000000009b200000)
 Metaspace       used 78290K, committed 80064K, reserved 1179648K
  class space    used 9289K, committed 10112K, reserved 1048576K
}
Event: 368.254 GC heap before
{Heap before GC invocations=2774 (full 3):
 PSYoungGen      total 2048K, used 1728K [0x00000000d5580000, 0x00000000d5980000, 0x0000000100000000)
  eden space 1536K, 100% used [0x00000000d5580000,0x00000000d5700000,0x00000000d5700000)
  from space 512K, 37% used [0x00000000d5900000,0x00000000d5930000,0x00000000d5980000)
  to   space 512K, 0% used [0x00000000d5880000,0x00000000d5880000,0x00000000d5900000)
 ParOldGen       total 444416K, used 444374K [0x0000000080000000, 0x000000009b200000, 0x00000000d5580000)
  object space 444416K, 99% used [0x0000000080000000,0x000000009b1f5b80,0x000000009b200000)
 Metaspace       used 78290K, committed 80064K, reserved 1179648K
  class space    used 9289K, committed 10112K, reserved 1048576K
}
Event: 368.256 GC heap after
{Heap after GC invocations=2774 (full 3):
 PSYoungGen      total 2048K, used 242K [0x00000000d5580000, 0x00000000d5980000, 0x0000000100000000)
  eden space 1536K, 0% used [0x00000000d5580000,0x00000000d5580000,0x00000000d5700000)
  from space 512K, 47% used [0x00000000d5880000,0x00000000d58bca18,0x00000000d5900000)
  to   space 512K, 0% used [0x00000000d5900000,0x00000000d5900000,0x00000000d5980000)
 ParOldGen       total 444928K, used 444422K [0x0000000080000000, 0x000000009b280000, 0x00000000d5580000)
  object space 444928K, 99% used [0x0000000080000000,0x000000009b201b80,0x000000009b280000)
 Metaspace       used 78290K, committed 80064K, reserved 1179648K
  class space    used 9289K, committed 10112K, reserved 1048576K
}
Event: 368.378 GC heap before
{Heap before GC invocations=2775 (full 3):
 PSYoungGen      total 2048K, used 1778K [0x00000000d5580000, 0x00000000d5980000, 0x0000000100000000)
  eden space 1536K, 100% used [0x00000000d5580000,0x00000000d5700000,0x00000000d5700000)
  from space 512K, 47% used [0x00000000d5880000,0x00000000d58bca18,0x00000000d5900000)
  to   space 512K, 0% used [0x00000000d5900000,0x00000000d5900000,0x00000000d5980000)
 ParOldGen       total 444928K, used 444422K [0x0000000080000000, 0x000000009b280000, 0x00000000d5580000)
  object space 444928K, 99% used [0x0000000080000000,0x000000009b201b80,0x000000009b280000)
 Metaspace       used 78290K, committed 80064K, reserved 1179648K
  class space    used 9289K, committed 10112K, reserved 1048576K
}
Event: 368.380 GC heap after
{Heap after GC invocations=2775 (full 3):
 PSYoungGen      total 2048K, used 224K [0x00000000d5580000, 0x00000000d5980000, 0x0000000100000000)
  eden space 1536K, 0% used [0x00000000d5580000,0x00000000d5580000,0x00000000d5700000)
  from space 512K, 43% used [0x00000000d5900000,0x00000000d5938000,0x00000000d5980000)
  to   space 512K, 0% used [0x00000000d5880000,0x00000000d5880000,0x00000000d5900000)
 ParOldGen       total 444928K, used 444478K [0x0000000080000000, 0x000000009b280000, 0x00000000d5580000)
  object space 444928K, 99% used [0x0000000080000000,0x000000009b20fb80,0x000000009b280000)
 Metaspace       used 78290K, committed 80064K, reserved 1179648K
  class space    used 9289K, committed 10112K, reserved 1048576K
}
Event: 368.596 GC heap before
{Heap before GC invocations=2776 (full 3):
 PSYoungGen      total 2048K, used 1759K [0x00000000d5580000, 0x00000000d5980000, 0x0000000100000000)
  eden space 1536K, 99% used [0x00000000d5580000,0x00000000d56ffff8,0x00000000d5700000)
  from space 512K, 43% used [0x00000000d5900000,0x00000000d5938000,0x00000000d5980000)
  to   space 512K, 0% used [0x00000000d5880000,0x00000000d5880000,0x00000000d5900000)
 ParOldGen       total 444928K, used 444478K [0x0000000080000000, 0x000000009b280000, 0x00000000d5580000)
  object space 444928K, 99% used [0x0000000080000000,0x000000009b20fb80,0x000000009b280000)
 Metaspace       used 78296K, committed 80128K, reserved 1179648K
  class space    used 9289K, committed 10112K, reserved 1048576K
}
Event: 368.599 GC heap after
{Heap after GC invocations=2776 (full 3):
 PSYoungGen      total 2048K, used 288K [0x00000000d5580000, 0x00000000d5980000, 0x0000000100000000)
  eden space 1536K, 0% used [0x00000000d5580000,0x00000000d5580000,0x00000000d5700000)
  from space 512K, 56% used [0x00000000d5880000,0x00000000d58c8000,0x00000000d5900000)
  to   space 512K, 0% used [0x00000000d5900000,0x00000000d5900000,0x00000000d5980000)
 ParOldGen       total 444928K, used 444584K [0x0000000080000000, 0x000000009b280000, 0x00000000d5580000)
  object space 444928K, 99% used [0x0000000080000000,0x000000009b22a280,0x000000009b280000)
 Metaspace       used 78296K, committed 80128K, reserved 1179648K
  class space    used 9289K, committed 10112K, reserved 1048576K
}

Dll operation events (20 events):
Event: 0.196 Attempting to load shared library C:\Users\Lucas Hernandez\.vscode\extensions\redhat.java-1.56.0-win32-x64\jre\21.0.12.1-win32-x86_64\bin\jimage.dll
Event: 0.196 Loaded shared library C:\Users\Lucas Hernandez\.vscode\extensions\redhat.java-1.56.0-win32-x64\jre\21.0.12.1-win32-x86_64\bin\jimage.dll
Event: 0.341 Attempting to load shared library c:\Users\Lucas Hernandez\.vscode\extensions\redhat.java-1.56.0-win32-x64\jre\21.0.12.1-win32-x86_64\bin\verify.dll
Event: 0.341 Loaded shared library c:\Users\Lucas Hernandez\.vscode\extensions\redhat.java-1.56.0-win32-x64\jre\21.0.12.1-win32-x86_64\bin\verify.dll
Event: 2.929 Attempting to load shared library C:\Users\Lucas Hernandez\AppData\Roaming\Code\User\globalStorage\redhat.java\1.56.0\config_win\org.eclipse.equinox.launcher\org.eclipse.equinox.launcher.win32.win32.x86_64_1.3.100.v20260804-1928\eclipse_11924.dll
Event: 2.936 Loaded shared library C:\Users\Lucas Hernandez\AppData\Roaming\Code\User\globalStorage\redhat.java\1.56.0\config_win\org.eclipse.equinox.launcher\org.eclipse.equinox.launcher.win32.win32.x86_64_1.3.100.v20260804-1928\eclipse_11924.dll
Event: 7.435 Attempting to load shared library C:\Users\Lucas Hernandez\AppData\Local\Temp\jna-2034376383\jna14417197259189342004.dll
Event: 7.572 Loaded shared library C:\Users\Lucas Hernandez\AppData\Local\Temp\jna-2034376383\jna14417197259189342004.dll
Event: 15.116 Attempting to load shared library C:\Users\Lucas Hernandez\.gradle\native\1def1411415f61bf3af743bc5b6707747c0891f09f0c88961ee8f79bc544acac\windows-amd64\native-platform.dll
Event: 15.117 Loaded shared library C:\Users\Lucas Hernandez\.gradle\native\1def1411415f61bf3af743bc5b6707747c0891f09f0c88961ee8f79bc544acac\windows-amd64\native-platform.dll
Event: 17.357 Attempting to load shared library C:\Users\Lucas Hernandez\.vscode\extensions\redhat.java-1.56.0-win32-x64\jre\21.0.12.1-win32-x86_64\bin\management.dll
Event: 17.358 Loaded shared library C:\Users\Lucas Hernandez\.vscode\extensions\redhat.java-1.56.0-win32-x64\jre\21.0.12.1-win32-x86_64\bin\management.dll
Event: 17.361 Attempting to load shared library C:\Users\Lucas Hernandez\.vscode\extensions\redhat.java-1.56.0-win32-x64\jre\21.0.12.1-win32-x86_64\bin\management_ext.dll
Event: 17.362 Loaded shared library C:\Users\Lucas Hernandez\.vscode\extensions\redhat.java-1.56.0-win32-x64\jre\21.0.12.1-win32-x86_64\bin\management_ext.dll
Event: 17.579 Attempting to load shared library C:\Users\Lucas Hernandez\.vscode\extensions\redhat.java-1.56.0-win32-x64\jre\21.0.12.1-win32-x86_64\bin\sunmscapi.dll
Event: 17.582 Loaded shared library C:\Users\Lucas Hernandez\.vscode\extensions\redhat.java-1.56.0-win32-x64\jre\21.0.12.1-win32-x86_64\bin\sunmscapi.dll
Event: 18.071 Attempting to load shared library C:\Users\Lucas Hernandez\.vscode\extensions\redhat.java-1.56.0-win32-x64\jre\21.0.12.1-win32-x86_64\bin\extnet.dll
Event: 18.072 Loaded shared library C:\Users\Lucas Hernandez\.vscode\extensions\redhat.java-1.56.0-win32-x64\jre\21.0.12.1-win32-x86_64\bin\extnet.dll
Event: 34.884 Attempting to load shared library C:\Users\Lucas Hernandez\.gradle\native\c067742578af261105cb4f569cf0c3c89f3d7b1fecec35dd04571415982c5e48\windows-amd64\native-platform.dll
Event: 34.884 Loaded shared library C:\Users\Lucas Hernandez\.gradle\native\c067742578af261105cb4f569cf0c3c89f3d7b1fecec35dd04571415982c5e48\windows-amd64\native-platform.dll

Deoptimization events (20 events):
Event: 349.302 Thread 0x00000243fb401de0 Uncommon trap: trap_request=0xffffff45 fr.pc=0x00000243a1f54530 relative=0x0000000000000170
Event: 349.302 Thread 0x00000243fb401de0 Uncommon trap: reason=unstable_if action=reinterpret pc=0x00000243a1f54530 method=com.esotericsoftware.kryo.io.Input.require(I)I @ 180 c2
Event: 349.302 Thread 0x00000243fb401de0 DEOPT PACKING pc=0x00000243a1f54530 sp=0x0000009b4abfe490
Event: 349.302 Thread 0x00000243fb401de0 DEOPT UNPACKING pc=0x00000243a1193aa2 sp=0x0000009b4abfe438 mode 2
Event: 352.617 Thread 0x00000243fa6c6230 DEOPT PACKING pc=0x000002439b4d9c5e sp=0x0000009b523fed60
Event: 352.617 Thread 0x00000243fa6c6230 DEOPT UNPACKING pc=0x00000243a1194242 sp=0x0000009b523fe278 mode 0
Event: 353.718 Thread 0x00000243fb838e60 DEOPT PACKING pc=0x000002439b2ec9ef sp=0x0000009b4e2fef40
Event: 353.718 Thread 0x00000243fb838e60 DEOPT UNPACKING pc=0x00000243a1194242 sp=0x0000009b4e2fe478 mode 0
Event: 361.045 Thread 0x00000243fb3ffd10 Uncommon trap: trap_request=0xffffff45 fr.pc=0x00000243a1f972f4 relative=0x00000000000001f4
Event: 361.045 Thread 0x00000243fb3ffd10 Uncommon trap: reason=unstable_if action=reinterpret pc=0x00000243a1f972f4 method=java.util.concurrent.locks.AbstractQueuedSynchronizer.tryInitializeHead()Ljava/util/concurrent/locks/AbstractQueuedSynchronizer$Node; @ 56 c2
Event: 361.046 Thread 0x00000243fb3ffd10 DEOPT PACKING pc=0x00000243a1f972f4 sp=0x0000009b541ff240
Event: 361.046 Thread 0x00000243fb3ffd10 DEOPT UNPACKING pc=0x00000243a1193aa2 sp=0x0000009b541ff160 mode 2
Event: 365.183 Thread 0x00000243fb220080 Uncommon trap: trap_request=0xffffff45 fr.pc=0x00000243a1f38df8 relative=0x0000000000000158
Event: 365.183 Thread 0x00000243fb220080 Uncommon trap: reason=unstable_if action=reinterpret pc=0x00000243a1f38df8 method=java.util.concurrent.locks.AbstractQueuedSynchronizer.tryInitializeHead()Ljava/util/concurrent/locks/AbstractQueuedSynchronizer$Node; @ 56 c2
Event: 365.183 Thread 0x00000243fb220080 DEOPT PACKING pc=0x00000243a1f38df8 sp=0x0000009b53dff3a0
Event: 365.183 Thread 0x00000243fb220080 DEOPT UNPACKING pc=0x00000243a1193aa2 sp=0x0000009b53dff328 mode 2
Event: 365.679 Thread 0x00000243fad1bd30 Uncommon trap: trap_request=0xffffff45 fr.pc=0x00000243a2014cf4 relative=0x00000000000002f4
Event: 365.679 Thread 0x00000243fad1bd30 Uncommon trap: reason=unstable_if action=reinterpret pc=0x00000243a2014cf4 method=com.esotericsoftware.kryo.io.Input.require(I)I @ 180 c2
Event: 365.679 Thread 0x00000243fad1bd30 DEOPT PACKING pc=0x00000243a2014cf4 sp=0x0000009b488fe530
Event: 365.679 Thread 0x00000243fad1bd30 DEOPT UNPACKING pc=0x00000243a1193aa2 sp=0x0000009b488fe398 mode 2

Classes loaded (20 events):
Event: 40.406 Loading class java/io/ObjectStreamClass$5
Event: 40.406 Loading class java/io/ObjectStreamClass$5 done
Event: 40.456 Loading class java/io/ObjectStreamClass$ExceptionInfo
Event: 40.456 Loading class java/io/ObjectStreamClass$ExceptionInfo done
Event: 40.647 Loading class java/util/AbstractList$RandomAccessSubList
Event: 40.648 Loading class java/util/AbstractList$SubList
Event: 40.648 Loading class java/util/AbstractList$SubList done
Event: 40.648 Loading class java/util/AbstractList$RandomAccessSubList done
Event: 40.648 Loading class java/util/AbstractList$SubList$1
Event: 40.649 Loading class java/util/AbstractList$SubList$1 done
Event: 48.073 Loading class java/util/regex/Matcher$ImmutableMatchResult
Event: 48.073 Loading class java/util/regex/Matcher$ImmutableMatchResult done
Event: 48.940 Loading class java/net/DatagramPacket
Event: 48.941 Loading class java/net/DatagramPacket done
Event: 65.775 Loading class sun/reflect/generics/tree/IntSignature
Event: 65.776 Loading class sun/reflect/generics/tree/IntSignature done
Event: 93.933 Loading class java/lang/invoke/MethodHandleImpl$CountingWrapper$1
Event: 93.934 Loading class java/lang/invoke/MethodHandleImpl$CountingWrapper$1 done
Event: 310.076 Loading class sun/net/ConnectionResetException
Event: 310.081 Loading class sun/net/ConnectionResetException done

Classes unloaded (7 events):
Event: 8.643 Thread 0x00000243ad4a6520 Unloading class 0x00000243af1a4000 'java/lang/invoke/LambdaForm$MH+0x00000243af1a4000'
Event: 8.643 Thread 0x00000243ad4a6520 Unloading class 0x00000243af1a3c00 'java/lang/invoke/LambdaForm$MH+0x00000243af1a3c00'
Event: 8.643 Thread 0x00000243ad4a6520 Unloading class 0x00000243af1a3800 'java/lang/invoke/LambdaForm$MH+0x00000243af1a3800'
Event: 8.643 Thread 0x00000243ad4a6520 Unloading class 0x00000243af1a3400 'java/lang/invoke/LambdaForm$MH+0x00000243af1a3400'
Event: 8.643 Thread 0x00000243ad4a6520 Unloading class 0x00000243af1a3000 'java/lang/invoke/LambdaForm$BMH+0x00000243af1a3000'
Event: 8.643 Thread 0x00000243ad4a6520 Unloading class 0x00000243af1a2c00 'java/lang/invoke/LambdaForm$DMH+0x00000243af1a2c00'
Event: 8.643 Thread 0x00000243ad4a6520 Unloading class 0x00000243af1a1800 'java/lang/invoke/LambdaForm$DMH+0x00000243af1a1800'

Classes redefined (0 events):
No events

Internal exceptions (20 events):
Event: 361.368 Thread 0x00000243fa3a4ef0 Exception <a 'sun/nio/fs/WindowsException'{0x00000000d56e8890}> (0x00000000d56e8890) 
thrown [s\src\hotspot\share\prims\jni.cpp, line 520]
Event: 361.372 Thread 0x00000243fa3a4ef0 Exception <a 'sun/nio/fs/WindowsException'{0x00000000d56f2aa8}> (0x00000000d56f2aa8) 
thrown [s\src\hotspot\share\prims\jni.cpp, line 520]
Event: 361.379 Thread 0x00000243fa3a4ef0 Exception <a 'sun/nio/fs/WindowsException'{0x00000000d56fca78}> (0x00000000d56fca78) 
thrown [s\src\hotspot\share\prims\jni.cpp, line 520]
Event: 361.460 Thread 0x00000243fa3a4ef0 Exception <a 'sun/nio/fs/WindowsException'{0x00000000d5597678}> (0x00000000d5597678) 
thrown [s\src\hotspot\share\prims\jni.cpp, line 520]
Event: 361.461 Thread 0x00000243fa3a4ef0 Exception <a 'sun/nio/fs/WindowsException'{0x00000000d55a6da0}> (0x00000000d55a6da0) 
thrown [s\src\hotspot\share\prims\jni.cpp, line 520]
Event: 361.462 Thread 0x00000243fa3a4ef0 Exception <a 'sun/nio/fs/WindowsException'{0x00000000d55b21e0}> (0x00000000d55b21e0) 
thrown [s\src\hotspot\share\prims\jni.cpp, line 520]
Event: 361.463 Thread 0x00000243fa3a4ef0 Exception <a 'sun/nio/fs/WindowsException'{0x00000000d55bbf20}> (0x00000000d55bbf20) 
thrown [s\src\hotspot\share\prims\jni.cpp, line 520]
Event: 361.464 Thread 0x00000243fa3a4ef0 Exception <a 'sun/nio/fs/WindowsException'{0x00000000d55c5da0}> (0x00000000d55c5da0) 
thrown [s\src\hotspot\share\prims\jni.cpp, line 520]
Event: 361.464 Thread 0x00000243fa3a4ef0 Exception <a 'sun/nio/fs/WindowsException'{0x00000000d55d0078}> (0x00000000d55d0078) 
thrown [s\src\hotspot\share\prims\jni.cpp, line 520]
Event: 361.465 Thread 0x00000243fa3a4ef0 Exception <a 'sun/nio/fs/WindowsException'{0x00000000d55da230}> (0x00000000d55da230) 
thrown [s\src\hotspot\share\prims\jni.cpp, line 520]
Event: 361.473 Thread 0x00000243fa3a4ef0 Exception <a 'sun/nio/fs/WindowsException'{0x00000000d55e4a00}> (0x00000000d55e4a00) 
thrown [s\src\hotspot\share\prims\jni.cpp, line 520]
Event: 361.474 Thread 0x00000243fa3a4ef0 Exception <a 'sun/nio/fs/WindowsException'{0x00000000d55ee708}> (0x00000000d55ee708) 
thrown [s\src\hotspot\share\prims\jni.cpp, line 520]
Event: 363.497 Thread 0x00000243f9135370 Exception <a 'sun/net/ConnectionResetException'{0x00000000d5610850}: Connection reset> (0x00000000d5610850) 
thrown [s\src\hotspot\share\prims\jni.cpp, line 539]
Event: 363.500 Thread 0x00000243f9135370 Exception <a 'java/io/IOException'{0x00000000d5641280}: Connection reset by peer> (0x00000000d5641280) 
thrown [s\src\hotspot\share\prims\jni.cpp, line 539]
Event: 363.516 Thread 0x00000243f9e40060 Exception <a 'sun/nio/fs/WindowsException'{0x00000000d564a168}> (0x00000000d564a168) 
thrown [s\src\hotspot\share\prims\jni.cpp, line 520]
Event: 363.698 Thread 0x00000243f6fc9b40 Exception <a 'sun/net/ConnectionResetException'{0x00000000d55f58e8}: Connection reset> (0x00000000d55f58e8) 
thrown [s\src\hotspot\share\prims\jni.cpp, line 539]
Event: 363.716 Thread 0x00000243f6fc9b40 Exception <a 'java/io/IOException'{0x00000000d56282d8}: Connection reset by peer> (0x00000000d56282d8) 
thrown [s\src\hotspot\share\prims\jni.cpp, line 539]
Event: 365.679 Thread 0x00000243fad1bd30 Exception <a 'sun/net/ConnectionResetException'{0x00000000d55ac8c0}: Connection reset> (0x00000000d55ac8c0) 
thrown [s\src\hotspot\share\prims\jni.cpp, line 539]
Event: 365.714 Thread 0x00000243fad1bd30 Exception <a 'java/io/IOException'{0x00000000d55cd778}: Connection reset by peer> (0x00000000d55cd778) 
thrown [s\src\hotspot\share\prims\jni.cpp, line 539]
Event: 366.224 Thread 0x00000243fb47de60 Exception <a 'sun/nio/fs/WindowsException'{0x00000000d5593a10}> (0x00000000d5593a10) 
thrown [s\src\hotspot\share\prims\jni.cpp, line 520]

ZGC Phase Switch (0 events):
No events

VM Operations (20 events):
Event: 365.530 Executing safepoint VM operation: ParallelGCFailedAllocation (Allocation Failure)
Event: 365.545 Executing safepoint VM operation: ParallelGCFailedAllocation (Allocation Failure) done
Event: 366.008 Executing safepoint VM operation: ParallelGCFailedAllocation (Allocation Failure)
Event: 366.015 Executing safepoint VM operation: ParallelGCFailedAllocation (Allocation Failure) done
Event: 367.068 Executing safepoint VM operation: ParallelGCFailedAllocation (Allocation Failure)
Event: 367.075 Executing safepoint VM operation: ParallelGCFailedAllocation (Allocation Failure) done
Event: 367.751 Executing safepoint VM operation: ParallelGCFailedAllocation (Allocation Failure)
Event: 367.754 Executing safepoint VM operation: ParallelGCFailedAllocation (Allocation Failure) done
Event: 367.779 Executing safepoint VM operation: ParallelGCFailedAllocation (Allocation Failure)
Event: 367.781 Executing safepoint VM operation: ParallelGCFailedAllocation (Allocation Failure) done
Event: 367.933 Executing safepoint VM operation: ParallelGCFailedAllocation (Allocation Failure)
Event: 367.936 Executing safepoint VM operation: ParallelGCFailedAllocation (Allocation Failure) done
Event: 367.964 Executing safepoint VM operation: ParallelGCFailedAllocation (Allocation Failure)
Event: 367.968 Executing safepoint VM operation: ParallelGCFailedAllocation (Allocation Failure) done
Event: 368.254 Executing safepoint VM operation: ParallelGCFailedAllocation (Allocation Failure)
Event: 368.256 Executing safepoint VM operation: ParallelGCFailedAllocation (Allocation Failure) done
Event: 368.378 Executing safepoint VM operation: ParallelGCFailedAllocation (Allocation Failure)
Event: 368.380 Executing safepoint VM operation: ParallelGCFailedAllocation (Allocation Failure) done
Event: 368.596 Executing safepoint VM operation: ParallelGCFailedAllocation (Allocation Failure)
Event: 368.599 Executing safepoint VM operation: ParallelGCFailedAllocation (Allocation Failure) done

Memory protections (0 events):
No events

Nmethod flushes (20 events):
Event: 18.194 Thread 0x00000243ad4a6520 flushing  nmethod 0x000002439a50df90
Event: 18.194 Thread 0x00000243ad4a6520 flushing  nmethod 0x000002439a50f510
Event: 18.194 Thread 0x00000243ad4a6520 flushing  nmethod 0x000002439a511790
Event: 18.194 Thread 0x00000243ad4a6520 flushing  nmethod 0x000002439a513910
Event: 18.194 Thread 0x00000243ad4a6520 flushing  nmethod 0x000002439a515310
Event: 18.194 Thread 0x00000243ad4a6520 flushing  nmethod 0x000002439a521c10
Event: 18.194 Thread 0x00000243ad4a6520 flushing  nmethod 0x000002439a529790
Event: 18.194 Thread 0x00000243ad4a6520 flushing  nmethod 0x000002439a52e010
Event: 18.194 Thread 0x00000243ad4a6520 flushing  nmethod 0x000002439a535e90
Event: 18.194 Thread 0x00000243ad4a6520 flushing  nmethod 0x000002439a536b10
Event: 18.194 Thread 0x00000243ad4a6520 flushing  nmethod 0x000002439a537990
Event: 18.194 Thread 0x00000243ad4a6520 flushing  nmethod 0x000002439a538890
Event: 18.194 Thread 0x00000243ad4a6520 flushing  nmethod 0x000002439a538c90
Event: 18.194 Thread 0x00000243ad4a6520 flushing  nmethod 0x000002439a539090
Event: 18.194 Thread 0x00000243ad4a6520 flushing  nmethod 0x000002439a53b990
Event: 18.194 Thread 0x00000243ad4a6520 flushing  nmethod 0x000002439a544410
Event: 18.194 Thread 0x00000243ad4a6520 flushing  nmethod 0x000002439a558910
Event: 18.194 Thread 0x00000243ad4a6520 flushing  nmethod 0x000002439a55ec10
Event: 18.194 Thread 0x00000243ad4a6520 flushing  nmethod 0x000002439a560f10
Event: 18.194 Thread 0x00000243ad4a6520 flushing  nmethod 0x000002439a57b490

Events (20 events):
Event: 365.802 Thread 0x00000243fad1bd30 Thread exited: 0x00000243fad1bd30
Event: 365.815 Thread 0x00000243f74d3e30 Thread exited: 0x00000243f74d3e30
Event: 366.004 Thread 0x00000243f9133fc0 Thread exited: 0x00000243f9133fc0
Event: 366.017 Thread 0x00000243fb222150 Thread exited: 0x00000243fb222150
Event: 366.192 Thread 0x00000243f63a67c0 Thread added: 0x00000243fb222150
Event: 366.235 Thread 0x00000243fb47de60 Thread added: 0x00000243fa3a6fc0
Event: 367.056 Thread 0x00000243fb222150 Thread added: 0x00000243f9e3cbe0
Event: 367.097 Thread 0x00000243fa3a6fc0 Thread added: 0x00000243fb3ffd10
Event: 367.411 Thread 0x00000243f829f420 Thread added: 0x00000243f9133930
Event: 367.411 Thread 0x00000243f829f420 Thread added: 0x00000243f9133fc0
Event: 367.418 Thread 0x00000243f9133930 Thread exited: 0x00000243f9133930
Event: 367.423 Thread 0x00000243f8dc2ac0 Thread added: 0x00000243fb220080
Event: 367.423 Thread 0x00000243f8dc2ac0 Thread added: 0x00000243fb221430
Event: 367.713 Thread 0x00000243fb220080 Thread exited: 0x00000243fb220080
Event: 368.286 Thread 0x00000243fb222150 Thread added: 0x00000243f855d7d0
Event: 368.510 Thread 0x00000243f9f72ed0 Thread exited: 0x00000243f9f72ed0
Event: 368.510 Thread 0x00000243fb403190 Thread exited: 0x00000243fb403190
Event: 368.517 Thread 0x00000243fb47b070 Thread added: 0x00000243faeea830
Event: 368.610 Thread 0x00000243faeea830 Thread added: 0x00000243faaff9c0
Event: 368.617 Thread 0x00000243fa3a6fc0 Thread added: 0x00000243faeec270


Dynamic libraries:
0x00007ff61a400000 - 0x00007ff61a40e000 	c:\Users\Lucas Hernandez\.vscode\extensions\redhat.java-1.56.0-win32-x64\jre\21.0.12.1-win32-x86_64\bin\java.exe
0x00007ffa77d80000 - 0x00007ffa77fe7000 	C:\WINDOWS\SYSTEM32\ntdll.dll
0x00007ffa765c0000 - 0x00007ffa7668b000 	C:\WINDOWS\System32\KERNEL32.DLL
0x00007ffa74f80000 - 0x00007ffa75382000 	C:\WINDOWS\System32\KERNELBASE.dll
0x00007ffa75940000 - 0x00007ffa75a8c000 	C:\WINDOWS\System32\ucrtbase.dll
0x00007ffa54440000 - 0x00007ffa54458000 	c:\Users\Lucas Hernandez\.vscode\extensions\redhat.java-1.56.0-win32-x64\jre\21.0.12.1-win32-x86_64\bin\jli.dll
0x00007ffa76d80000 - 0x00007ffa76f4f000 	C:\WINDOWS\System32\USER32.dll
0x00007ffa75630000 - 0x00007ffa75657000 	C:\WINDOWS\System32\win32u.dll
0x00007ffa76590000 - 0x00007ffa765bb000 	C:\WINDOWS\System32\GDI32.dll
0x00007ffa75390000 - 0x00007ffa754b9000 	C:\WINDOWS\System32\gdi32full.dll
0x00007ffa55230000 - 0x00007ffa5524e000 	c:\Users\Lucas Hernandez\.vscode\extensions\redhat.java-1.56.0-win32-x64\jre\21.0.12.1-win32-x86_64\bin\VCRUNTIME140.dll
0x00007ffa75580000 - 0x00007ffa75623000 	C:\WINDOWS\System32\msvcp_win.dll
0x00007ffa626a0000 - 0x00007ffa62930000 	C:\WINDOWS\WinSxS\amd64_microsoft.windows.common-controls_6595b64144ccf1df_6.0.26100.9278_none_3e0d1ba8e3303201\COMCTL32.dll
0x00007ffa77060000 - 0x00007ffa77109000 	C:\WINDOWS\System32\msvcrt.dll
0x00007ffa75db0000 - 0x00007ffa75de1000 	C:\WINDOWS\System32\IMM32.DLL
0x00007ffa60070000 - 0x00007ffa6007c000 	c:\Users\Lucas Hernandez\.vscode\extensions\redhat.java-1.56.0-win32-x64\jre\21.0.12.1-win32-x86_64\bin\vcruntime140_1.dll
0x00007ffa258a0000 - 0x00007ffa2592d000 	c:\Users\Lucas Hernandez\.vscode\extensions\redhat.java-1.56.0-win32-x64\jre\21.0.12.1-win32-x86_64\bin\msvcp140.dll
0x00007ff9a90d0000 - 0x00007ff9a9e72000 	c:\Users\Lucas Hernandez\.vscode\extensions\redhat.java-1.56.0-win32-x64\jre\21.0.12.1-win32-x86_64\bin\server\jvm.dll
0x00007ffa76b60000 - 0x00007ffa76c1c000 	C:\WINDOWS\System32\ADVAPI32.dll
0x00007ffa771a0000 - 0x00007ffa77249000 	C:\WINDOWS\System32\sechost.dll
0x00007ffa76a40000 - 0x00007ffa76b58000 	C:\WINDOWS\System32\RPCRT4.dll
0x00007ffa75c10000 - 0x00007ffa75c90000 	C:\WINDOWS\System32\WS2_32.dll
0x00007ffa74e00000 - 0x00007ffa74e5e000 	C:\WINDOWS\SYSTEM32\POWRPROF.dll
0x00007ffa6c150000 - 0x00007ffa6c186000 	C:\WINDOWS\SYSTEM32\WINMM.dll
0x00007ffa6cd30000 - 0x00007ffa6cd3b000 	C:\WINDOWS\SYSTEM32\VERSION.dll
0x00007ffa74de0000 - 0x00007ffa74df5000 	C:\WINDOWS\SYSTEM32\UMPDC.dll
0x00007ffa73c30000 - 0x00007ffa73c4b000 	C:\WINDOWS\SYSTEM32\kernel.appcore.dll
0x00007ffa5ff20000 - 0x00007ffa5ff2a000 	c:\Users\Lucas Hernandez\.vscode\extensions\redhat.java-1.56.0-win32-x64\jre\21.0.12.1-win32-x86_64\bin\jimage.dll
0x00007ffa68aa0000 - 0x00007ffa68cec000 	C:\WINDOWS\SYSTEM32\DBGHELP.DLL
0x00007ffa766b0000 - 0x00007ffa76a35000 	C:\WINDOWS\System32\combase.dll
0x00007ffa776e0000 - 0x00007ffa777b9000 	C:\WINDOWS\System32\OLEAUT32.dll
0x00007ffa5e7b0000 - 0x00007ffa5e7eb000 	C:\WINDOWS\SYSTEM32\dbgcore.DLL
0x00007ffa75880000 - 0x00007ffa7592c000 	C:\WINDOWS\System32\bcryptPrimitives.dll
0x00007ffa58db0000 - 0x00007ffa58dbf000 	c:\Users\Lucas Hernandez\.vscode\extensions\redhat.java-1.56.0-win32-x64\jre\21.0.12.1-win32-x86_64\bin\instrument.dll
0x00007ffa54380000 - 0x00007ffa543a0000 	c:\Users\Lucas Hernandez\.vscode\extensions\redhat.java-1.56.0-win32-x64\jre\21.0.12.1-win32-x86_64\bin\java.dll
0x00007ffa75df0000 - 0x00007ffa76588000 	C:\WINDOWS\System32\SHELL32.dll
0x00007ffa729c0000 - 0x00007ffa7326e000 	C:\WINDOWS\SYSTEM32\windows.storage.dll
0x00007ffa76f60000 - 0x00007ffa7705b000 	C:\WINDOWS\System32\SHCORE.dll
0x00007ffa77b40000 - 0x00007ffa77ba6000 	C:\WINDOWS\System32\shlwapi.dll
0x00007ffa74ea0000 - 0x00007ffa74ec9000 	C:\WINDOWS\SYSTEM32\profapi.dll
0x00007ffa54120000 - 0x00007ffa54138000 	c:\Users\Lucas Hernandez\.vscode\extensions\redhat.java-1.56.0-win32-x64\jre\21.0.12.1-win32-x86_64\bin\zip.dll
0x00007ffa5f810000 - 0x00007ffa5f820000 	C:\Users\Lucas Hernandez\.vscode\extensions\redhat.java-1.56.0-win32-x64\jre\21.0.12.1-win32-x86_64\bin\net.dll
0x00007ffa6ca10000 - 0x00007ffa6cb3a000 	C:\WINDOWS\SYSTEM32\WINHTTP.dll
0x00007ffa74210000 - 0x00007ffa7427c000 	C:\WINDOWS\system32\mswsock.dll
0x00007ffa53680000 - 0x00007ffa53696000 	C:\Users\Lucas Hernandez\.vscode\extensions\redhat.java-1.56.0-win32-x64\jre\21.0.12.1-win32-x86_64\bin\nio.dll
0x00007ffa57e70000 - 0x00007ffa57e80000 	c:\Users\Lucas Hernandez\.vscode\extensions\redhat.java-1.56.0-win32-x64\jre\21.0.12.1-win32-x86_64\bin\verify.dll
0x00007ffa6c5a0000 - 0x00007ffa6c5e5000 	C:\Users\Lucas Hernandez\AppData\Roaming\Code\User\globalStorage\redhat.java\1.56.0\config_win\org.eclipse.equinox.launcher\org.eclipse.equinox.launcher.win32.win32.x86_64_1.3.100.v20260804-1928\eclipse_11924.dll
0x00007ffa779a0000 - 0x00007ffa77b3a000 	C:\WINDOWS\System32\ole32.dll
0x00007ffa74520000 - 0x00007ffa7453b000 	C:\WINDOWS\SYSTEM32\CRYPTSP.dll
0x00007ffa73b90000 - 0x00007ffa73bc9000 	C:\WINDOWS\system32\rsaenh.dll
0x00007ffa742c0000 - 0x00007ffa742f4000 	C:\WINDOWS\SYSTEM32\USERENV.dll
0x00007ffa74e70000 - 0x00007ffa74e9a000 	C:\WINDOWS\SYSTEM32\bcrypt.dll
0x00007ffa74500000 - 0x00007ffa7450c000 	C:\WINDOWS\SYSTEM32\CRYPTBASE.dll
0x00007ffa735d0000 - 0x00007ffa73603000 	C:\WINDOWS\SYSTEM32\IPHLPAPI.DLL
0x00007ffa77c10000 - 0x00007ffa77c1a000 	C:\WINDOWS\System32\NSI.dll
0x00007ffa2c7b0000 - 0x00007ffa2c7f9000 	C:\Users\Lucas Hernandez\AppData\Local\Temp\jna-2034376383\jna14417197259189342004.dll
0x00007ffa77c00000 - 0x00007ffa77c08000 	C:\WINDOWS\System32\PSAPI.DLL
0x00007ffa6c9e0000 - 0x00007ffa6c9fd000 	C:\WINDOWS\SYSTEM32\dhcpcsvc6.DLL
0x00007ffa6c9b0000 - 0x00007ffa6c9d5000 	C:\WINDOWS\SYSTEM32\dhcpcsvc.DLL
0x00007ffa47ff0000 - 0x00007ffa48017000 	C:\Users\Lucas Hernandez\.gradle\native\1def1411415f61bf3af743bc5b6707747c0891f09f0c88961ee8f79bc544acac\windows-amd64\native-platform.dll
0x00007ffa6fe70000 - 0x00007ffa6fe7a000 	C:\Users\Lucas Hernandez\.vscode\extensions\redhat.java-1.56.0-win32-x64\jre\21.0.12.1-win32-x86_64\bin\management.dll
0x00007ffa6fe60000 - 0x00007ffa6fe6c000 	C:\Users\Lucas Hernandez\.vscode\extensions\redhat.java-1.56.0-win32-x64\jre\21.0.12.1-win32-x86_64\bin\management_ext.dll
0x00007ffa60950000 - 0x00007ffa6095e000 	C:\Users\Lucas Hernandez\.vscode\extensions\redhat.java-1.56.0-win32-x64\jre\21.0.12.1-win32-x86_64\bin\sunmscapi.dll
0x00007ffa756f0000 - 0x00007ffa7586e000 	C:\WINDOWS\System32\CRYPT32.dll
0x00007ffa74740000 - 0x00007ffa74770000 	C:\WINDOWS\SYSTEM32\ncrypt.dll
0x00007ffa746f0000 - 0x00007ffa7472f000 	C:\WINDOWS\SYSTEM32\NTASN1.dll
0x00007ffa73610000 - 0x00007ffa73768000 	C:\WINDOWS\SYSTEM32\DNSAPI.dll
0x00007ffa73ff0000 - 0x00007ffa73ffd000 	C:\WINDOWS\SYSTEM32\DSPARSE.dll
0x00007ffa69850000 - 0x00007ffa6985b000 	C:\Windows\System32\rasadhlp.dll
0x00007ffa6a000000 - 0x00007ffa6a086000 	C:\WINDOWS\System32\fwpuclnt.dll
0x00007ffa60960000 - 0x00007ffa60969000 	C:\Users\Lucas Hernandez\.vscode\extensions\redhat.java-1.56.0-win32-x64\jre\21.0.12.1-win32-x86_64\bin\extnet.dll
0x00007ffa3a230000 - 0x00007ffa3a238000 	C:\WINDOWS\system32\wshunix.dll
0x00007ffa3c3e0000 - 0x00007ffa3c407000 	C:\Users\Lucas Hernandez\.gradle\native\c067742578af261105cb4f569cf0c3c89f3d7b1fecec35dd04571415982c5e48\windows-amd64\native-platform.dll

JVMTI agents:
c:\Users\Lucas Hernandez\.vscode\extensions\redhat.java-1.56.0-win32-x64\lombok\lombok-1.18.39-4050.jar path:c:\Users\Lucas Hernandez\.vscode\extensions\redhat.java-1.56.0-win32-x64\jre\21.0.12.1-win32-x86_64\bin\instrument.dll, loaded, initialized, instrumentlib options:none

dbghelp: loaded successfully - version: 4.0.5 - missing functions: none
symbol engine: initialized successfully - sym options: 0x614 - pdb path: .;c:\Users\Lucas Hernandez\.vscode\extensions\redhat.java-1.56.0-win32-x64\jre\21.0.12.1-win32-x86_64\bin;C:\WINDOWS\SYSTEM32;C:\WINDOWS\WinSxS\amd64_microsoft.windows.common-controls_6595b64144ccf1df_6.0.26100.9278_none_3e0d1ba8e3303201;c:\Users\Lucas Hernandez\.vscode\extensions\redhat.java-1.56.0-win32-x64\jre\21.0.12.1-win32-x86_64\bin\server;C:\Users\Lucas Hernandez\AppData\Roaming\Code\User\globalStorage\redhat.java\1.56.0\config_win\org.eclipse.equinox.launcher\org.eclipse.equinox.launcher.win32.win32.x86_64_1.3.100.v20260804-1928;C:\Users\Lucas Hernandez\AppData\Local\Temp\jna-2034376383;C:\Users\Lucas Hernandez\.gradle\native\1def1411415f61bf3af743bc5b6707747c0891f09f0c88961ee8f79bc544acac\windows-amd64;C:\Users\Lucas Hernandez\.gradle\native\c067742578af261105cb4f569cf0c3c89f3d7b1fecec35dd04571415982c5e48\windows-amd64

VM Arguments:
jvm_args: --add-modules=ALL-SYSTEM --add-opens=java.base/java.util=ALL-UNNAMED --add-opens=java.base/java.lang=ALL-UNNAMED --add-opens=java.base/sun.nio.fs=ALL-UNNAMED -Declipse.application=org.eclipse.jdt.ls.core.id1 -Dosgi.bundles.defaultStartLevel=4 -Declipse.product=org.eclipse.jdt.ls.core.product -Djava.import.generatesMetadataFilesAtProjectRoot=false -Dm2e.project.cache.size=50 -DDetectVMInstallationsJob.disabled=true -Dfile.encoding=utf8 -XX:+UseParallelGC -XX:GCTimeRatio=4 -XX:AdaptiveSizePolicyWeight=90 -Dsun.zip.disableMemoryMapping=true -Xmx2G -Xms100m -Xlog:disable -javaagent:c:\Users\Lucas Hernandez\.vscode\extensions\redhat.java-1.56.0-win32-x64\lombok\lombok-1.18.39-4050.jar -XX:+HeapDumpOnOutOfMemoryError -XX:HeapDumpPath=c:\Users\Lucas Hernandez\AppData\Roaming\Code\User\workspaceStorage\4e5dc968995267bbb6b107250eb45139\redhat.java -Daether.dependencyCollector.impl=bf 
java_command: c:\Users\Lucas Hernandez\.vscode\extensions\redhat.java-1.56.0-win32-x64\server\plugins\org.eclipse.equinox.launcher_1.8.0.v20260804-1928.jar -configuration c:\Users\Lucas Hernandez\AppData\Roaming\Code\User\globalStorage\redhat.java\1.56.0\config_win -data c:\Users\Lucas Hernandez\AppData\Roaming\Code\User\workspaceStorage\4e5dc968995267bbb6b107250eb45139\redhat.java\jdt_ws --stdio
java_class_path (initial): c:\Users\Lucas Hernandez\.vscode\extensions\redhat.java-1.56.0-win32-x64\server\plugins\org.eclipse.equinox.launcher_1.8.0.v20260804-1928.jar
Launcher Type: SUN_STANDARD

[Global flags]
    uintx AdaptiveSizePolicyWeight                 = 90                                        {product} {command line}
     intx CICompilerCount                          = 4                                         {product} {ergonomic}
    uintx GCTimeRatio                              = 4                                         {product} {command line}
     bool HeapDumpOnOutOfMemoryError               = true                                   {manageable} {command line}
    ccstr HeapDumpPath                             = c:\Users\Lucas Hernandez\AppData\Roaming\Code\User\workspaceStorage\4e5dc968995267bbb6b107250eb45139\redhat.java         {manageable} {command line}
   size_t InitialHeapSize                          = 104857600                                 {product} {command line}
   size_t MaxHeapSize                              = 2147483648                                {product} {command line}
   size_t MaxNewSize                               = 715653120                                 {product} {ergonomic}
   size_t MinHeapDeltaBytes                        = 524288                                    {product} {ergonomic}
   size_t MinHeapSize                              = 104857600                                 {product} {command line}
   size_t NewSize                                  = 34603008                                  {product} {ergonomic}
    uintx NonNMethodCodeHeapSize                   = 5839372                                {pd product} {ergonomic}
    uintx NonProfiledCodeHeapSize                  = 122909434                              {pd product} {ergonomic}
   size_t OldSize                                  = 70254592                                  {product} {ergonomic}
    uintx ProfiledCodeHeapSize                     = 122909434                              {pd product} {ergonomic}
    uintx ReservedCodeCacheSize                    = 251658240                              {pd product} {ergonomic}
     bool SegmentedCodeCache                       = true                                      {product} {ergonomic}
   size_t SoftMaxHeapSize                          = 2147483648                             {manageable} {ergonomic}
     bool UseCompressedOops                        = true                           {product lp64_product} {ergonomic}
     bool UseLargePagesIndividualAllocation        = false                                  {pd product} {ergonomic}
     bool UseParallelGC                            = true                                      {product} {command line}

Logging:
Log output configuration:
 #0: stdout all=off uptime,level,tags foldmultilines=false
 #1: stderr all=off uptime,level,tags foldmultilines=false

Release file:
JAVA_VERSION="21.0.12.1" 
MODULES="java.base java.compiler java.datatransfer java.xml java.prefs java.desktop java.instrument java.logging java.management java.security.sasl java.naming java.rmi java.management.rmi java.net.http java.scripting java.security.jgss java.transaction.xa java.sql java.sql.rowset java.xml.crypto java.se java.smartcardio jdk.accessibility jdk.internal.jvmstat jdk.attach jdk.charsets jdk.internal.opt jdk.zipfs jdk.compiler jdk.crypto.ec jdk.crypto.cryptoki jdk.crypto.mscapi jdk.dynalink jdk.internal.ed jdk.editpad jdk.hotspot.agent jdk.httpserver jdk.internal.le jdk.internal.vm.ci jdk.internal.vm.compiler jdk.internal.vm.compiler.management jdk.jartool jdk.javadoc jdk.jcmd jdk.management jdk.management.agent jdk.jconsole jdk.jdeps jdk.jdwp.agent jdk.jdi jdk.jfr jdk.jshell jdk.jsobject jdk.jstatd jdk.localedata jdk.management.jfr jdk.naming.dns jdk.naming.rmi jdk.net jdk.nio.mapmode jdk.random jdk.sctp jdk.security.auth jdk.security.jgss jdk.unsupported jdk.unsupported.desktop jdk.xml.dom" 

Environment Variables:
JAVA_HOME=C:\Program Files\Eclipse Adoptium\jdk-17.0.20.101-hotspot\
PATH=C:\Program Files\Eclipse Adoptium\jdk-17.0.20.101-hotspot\bin;C:\Users\Lucas Hernandez\AppData\Local\Programs\Python\Python314\Scripts\;C:\Users\Lucas Hernandez\AppData\Local\Programs\Python\Python314\;C:\app\dbhomeXE\bin;C:\WINDOWS\system32;C:\WINDOWS;C:\WINDOWS\System32\Wbem;C:\WINDOWS\System32\WindowsPowerShell\v1.0\;C:\WINDOWS\System32\OpenSSH\;C:\Program Files\Docker\Docker\resources\bin;C:\Program Files\nodejs\;C:\ProgramData\chocolatey\bin;C:\Program Files\dotnet\;C:\Program Files\Git\cmd;C:\Program Files\MySQL\MySQL Shell 8.0\bin\;C:\Users\Lucas Hernandez\AppData\Local\Microsoft\WindowsApps;C:\Program Files\JetBrains\IntelliJ IDEA 2025.2.2\bin;C:\Users\Lucas Hernandez\AppData\Local\GitHubDesktop\bin;C:\Users\Lucas Hernandez\AppData\Local\Programs\Microsoft VS Code\bin;C:\Users\Lucas Hernandez\AppData\Local\Python\bin;C:\Users\Lucas Hernandez\AppData\Local\Programs\cursor\resources\app\bin;C:\Users\Lucas Hernandez\AppData\Roaming\npm;C:\src\flutter\bin;;C:\Android\sdk\platform-tools;C:\Android\sdk\cmdline-tools\latest\bin;C:\Android\sdk\emulator
USERNAME=Lucas Hernandez
OS=Windows_NT
PROCESSOR_IDENTIFIER=AMD64 Family 23 Model 104 Stepping 1, AuthenticAMD
TMP=C:\Users\LUCASH~1\AppData\Local\Temp
TEMP=C:\Users\LUCASH~1\AppData\Local\Temp




Periodic native trim disabled

---------------  S Y S T E M  ---------------

OS:
 Windows 11 , 64 bit Build 26100 (10.0.26100.9444)
OS uptime: 11 days 19:09 hours
Hyper-V role detected

CPU: total 12 (initial active 12) (12 cores per cpu, 2 threads per core) family 23 model 104 stepping 1 microcode 0x8608103, cx8, cmov, fxsr, ht, mmx, 3dnowpref, sse, sse2, sse3, ssse3, sse4a, sse4.1, sse4.2, popcnt, lzcnt, tsc, tscinvbit, avx, avx2, aes, clmul, bmi1, bmi2, adx, sha, fma, vzeroupper, clflush, clflushopt, hv, rdtscp, rdpid, f16c
Processor Information for the first 12 processors :
  Max Mhz: 2100, Current Mhz: 2100, Mhz Limit: 2100

Memory: 4k page, system-wide physical 15754M (352M free)
TotalPageFile size 64906M (AvailPageFile size 9M)
current process WorkingSet (physical memory assigned to process): 229M, peak: 421M
current process commit charge ("private bytes"): 832M, peak: 833M

vm_info: OpenJDK 64-Bit Server VM (21.0.12.1+1-LTS) for windows-amd64 JRE (21.0.12.1+1-LTS), built on 2026-08-18T00:00:00Z by "admin" with MS VC++ 17.12 (VS2022)

END.
