#
# There is insufficient memory for the Java Runtime Environment to continue.
# Native memory allocation (mmap) failed to map 65536 bytes. Error detail: Failed to commit metaspace.
# Possible reasons:
#   The system is out of physical RAM or swap space
#   This process is running with CompressedOops enabled, and the Java Heap may be blocking the growth of the native heap
# Possible solutions:
#   Reduce memory load on the system
#   Increase physical memory or swap space
#   Check if swap backing store is full
#   Decrease Java heap size (-Xmx/-Xms)
#   Decrease number of Java threads
#   Decrease Java thread stack sizes (-Xss)
#   Set larger code cache with -XX:ReservedCodeCacheSize=
#   JVM is running with Unscaled Compressed Oops mode in which the Java heap is
#     placed in the first 4GB address space. The Java Heap base address is the
#     maximum limit for the native heap growth. Please use -XX:HeapBaseMinAddress
#     to set the Java Heap base and to place the Java Heap above 4GB virtual address.
# This output file may be truncated or incomplete.
#
#  Out of Memory Error (virtualSpaceNode.cpp:113), pid=46596, tid=34720
#
# JRE version: OpenJDK Runtime Environment Temurin-21.0.12.1+1 (21.0.12.1+1) (build 21.0.12.1+1-LTS)
# Java VM: OpenJDK 64-Bit Server VM Temurin-21.0.12.1+1 (21.0.12.1+1-LTS, mixed mode, sharing, tiered, compressed oops, compressed class ptrs, g1 gc, windows-amd64)
# No core dump will be written. Minidumps are not enabled by default on client versions of Windows
#

---------------  S U M M A R Y ------------

Command Line: --add-opens=java.base/java.lang=ALL-UNNAMED --add-opens=java.base/java.lang.invoke=ALL-UNNAMED --add-opens=java.base/java.util=ALL-UNNAMED --add-opens=java.prefs/java.util.prefs=ALL-UNNAMED --add-exports=jdk.compiler/com.sun.tools.javac.api=ALL-UNNAMED --add-exports=jdk.compiler/com.sun.tools.javac.util=ALL-UNNAMED --add-opens=java.base/java.util=ALL-UNNAMED --add-opens=java.prefs/java.util.prefs=ALL-UNNAMED --add-opens=java.base/java.nio.charset=ALL-UNNAMED --add-opens=java.base/java.net=ALL-UNNAMED --add-opens=java.base/java.util.concurrent.atomic=ALL-UNNAMED --add-opens=java.xml/javax.xml.namespace=ALL-UNNAMED -Xmx1536m -Dfile.encoding=UTF-8 -Duser.country=ES -Duser.language=es -Duser.variant -javaagent:C:\Users\Lucas Hernandez\.gradle\wrapper\dists\gradle-8.14.3-all\10utluxaxniiv4wxiphsi49nj\gradle-8.14.3\lib\agents\gradle-instrumentation-agent-8.14.3.jar org.gradle.launcher.daemon.bootstrap.GradleDaemon 8.14.3

Host: AMD Ryzen 5 7430U with Radeon Graphics, 12 cores, 15G,  Windows 11 , 64 bit Build 26100 (10.0.26100.9444)
Time: Wed Oct  7 16:17:14 2026 Hora de verano romance elapsed time: 30.635891 seconds (0d 0h 0m 30s)

---------------  T H R E A D  ---------------

Current thread (0x000002836ef84f20):  JavaThread "Daemon worker"        [_thread_in_vm, id=34720, stack(0x000000fe43f00000,0x000000fe44000000) (1024K)]

Stack: [0x000000fe43f00000,0x000000fe44000000]
Native frames: (J=compiled Java code, j=interpreted, Vv=VM code, C=native code)
V  [jvm.dll+0x6d83e9]
V  [jvm.dll+0x8b5736]
V  [jvm.dll+0x8b7cee]
V  [jvm.dll+0x8b83d3]
V  [jvm.dll+0x284596]
V  [jvm.dll+0x8b147e]
V  [jvm.dll+0x679ad4]
V  [jvm.dll+0x1e849b]
V  [jvm.dll+0x1e825e]
V  [jvm.dll+0x67c3d2]
V  [jvm.dll+0x67c202]
V  [jvm.dll+0x67a4ae]
V  [jvm.dll+0x26f864]
V  [jvm.dll+0x21a11f]
V  [jvm.dll+0x20f80e]
V  [jvm.dll+0x5b6a7f]
V  [jvm.dll+0x82f606]
V  [jvm.dll+0x4792f8]
V  [jvm.dll+0x47f128]
C  [java.dll+0x17ec]

Java frames: (J=compiled Java code, j=interpreted, Vv=VM code)
J 894  java.lang.ClassLoader.defineClass1(Ljava/lang/ClassLoader;Ljava/lang/String;[BIILjava/security/ProtectionDomain;Ljava/lang/String;)Ljava/lang/Class; java.base@21.0.12.1 (0 bytes) @ 0x000002835cb38591 [0x000002835cb384c0+0x00000000000000d1]
J 1135 c1 java.lang.ClassLoader.defineClass(Ljava/lang/String;[BIILjava/security/ProtectionDomain;)Ljava/lang/Class; java.base@21.0.12.1 (43 bytes) @ 0x00000283551f2374 [0x00000283551f2020+0x0000000000000354]
J 1225 c1 java.security.SecureClassLoader.defineClass(Ljava/lang/String;[BIILjava/security/CodeSource;)Ljava/lang/Class; java.base@21.0.12.1 (16 bytes) @ 0x000002835521019c [0x00000283552100c0+0x00000000000000dc]
J 1601 c1 java.net.URLClassLoader.defineClass(Ljava/lang/String;Ljdk/internal/loader/Resource;)Ljava/lang/Class; java.base@21.0.12.1 (224 bytes) @ 0x000002835530ee44 [0x000002835530d700+0x0000000000001744]
J 994 c1 java.net.URLClassLoader$1.run()Ljava/lang/Class; java.base@21.0.12.1 (81 bytes) @ 0x00000283551aee6c [0x00000283551ae240+0x0000000000000c2c]
J 993 c1 java.net.URLClassLoader$1.run()Ljava/lang/Object; java.base@21.0.12.1 (5 bytes) @ 0x00000283551adcd4 [0x00000283551adc40+0x0000000000000094]
J 778 c1 java.security.AccessController.doPrivileged(Ljava/security/PrivilegedExceptionAction;Ljava/security/AccessControlContext;)Ljava/lang/Object; java.base@21.0.12.1 (26 bytes) @ 0x000002835514c10c [0x000002835514bf20+0x00000000000001ec]
J 944 c1 java.net.URLClassLoader.findClass(Ljava/lang/String;)Ljava/lang/Class; java.base@21.0.12.1 (47 bytes) @ 0x000002835519b8c4 [0x000002835519b720+0x00000000000001a4]
J 896 c1 java.lang.ClassLoader.loadClass(Ljava/lang/String;Z)Ljava/lang/Class; java.base@21.0.12.1 (121 bytes) @ 0x000002835517f6a4 [0x000002835517f0e0+0x00000000000005c4]
J 914 c1 java.lang.ClassLoader.loadClass(Ljava/lang/String;)Ljava/lang/Class; java.base@21.0.12.1 (7 bytes) @ 0x000002835518ce54 [0x000002835518cd40+0x0000000000000114]
v  ~StubRoutines::call_stub 0x000002835c53100d
J 2757  java.lang.Class.getDeclaredMethods0(Z)[Ljava/lang/reflect/Method; java.base@21.0.12.1 (0 bytes) @ 0x000002835cc1cc13 [0x000002835cc1cbc0+0x0000000000000053]
J 2716 c1 java.lang.Class.privateGetDeclaredMethods(Z)[Ljava/lang/reflect/Method; java.base@21.0.12.1 (64 bytes) @ 0x000002835553b8bc [0x000002835553b740+0x000000000000017c]
j  java.lang.Class.getDeclaredMethods()[Ljava/lang/reflect/Method;+20 java.base@21.0.12.1
j  org.gradle.internal.service.RelevantMethods$RelevantMethodsBuilder.build()Lorg/gradle/internal/service/RelevantMethods;+18
j  org.gradle.internal.service.RelevantMethods.getMethods(Ljava/lang/Class;)Lorg/gradle/internal/service/RelevantMethods;+25
j  org.gradle.internal.service.DefaultServiceRegistry.findProviderMethods(Lorg/gradle/internal/service/ServiceRegistrationProvider;Lorg/gradle/internal/service/ServiceAccessToken;)V+6
j  org.gradle.internal.service.DefaultServiceRegistry.addProvider(Lorg/gradle/internal/service/ServiceRegistrationProvider;)Lorg/gradle/internal/service/DefaultServiceRegistry;+18
j  org.gradle.internal.service.DefaultServiceRegistry$1.addProvider(Lorg/gradle/internal/service/ServiceRegistrationProvider;)V+5
j  org.gradle.kotlin.dsl.services.KotlinScriptServices.registerGradleUserHomeServices(Lorg/gradle/internal/service/ServiceRegistration;)V+25
j  org.gradle.internal.service.scopes.GradleUserHomeScopeServices.configure(Lorg/gradle/internal/service/ServiceRegistration;)V+140
j  java.lang.invoke.DirectMethodHandle$Holder.invokeVirtual(Ljava/lang/Object;Ljava/lang/Object;Ljava/lang/Object;)V+11 java.base@21.0.12.1
j  java.lang.invoke.LambdaForm$MH+0x0000028301036000.invoke(Ljava/lang/Object;Ljava/lang/Object;)Ljava/lang/Object;+39 java.base@21.0.12.1
j  java.lang.invoke.LambdaForm$MH+0x0000028301035800.invoke(Ljava/lang/Object;Ljava/lang/Object;Ljava/lang/Object;)Ljava/lang/Object;+45 java.base@21.0.12.1
j  java.lang.invoke.Invokers$Holder.invokeExact_MT(Ljava/lang/Object;Ljava/lang/Object;Ljava/lang/Object;Ljava/lang/Object;)Ljava/lang/Object;+20 java.base@21.0.12.1
j  java.lang.invoke.MethodHandle.invokeWithArguments([Ljava/lang/Object;)Ljava/lang/Object;+28 java.base@21.0.12.1
j  org.gradle.internal.service.MethodHandleBasedServiceMethod.invoke(Ljava/lang/Object;[Ljava/lang/Object;)Ljava/lang/Object;+9
j  org.gradle.internal.service.DefaultServiceRegistry.applyConfigureMethod(Lorg/gradle/internal/service/ServiceAccessToken;Lorg/gradle/internal/service/ServiceMethod;Ljava/lang/Object;)V+146
j  org.gradle.internal.service.DefaultServiceRegistry.findProviderMethods(Lorg/gradle/internal/service/ServiceRegistrationProvider;Lorg/gradle/internal/service/ServiceAccessToken;)V+215
j  org.gradle.internal.service.DefaultServiceRegistry.addProvider(Lorg/gradle/internal/service/ServiceRegistrationProvider;)Lorg/gradle/internal/service/DefaultServiceRegistry;+18
j  org.gradle.internal.service.ServiceRegistryBuilder.build()Lorg/gradle/internal/service/CloseableServiceRegistry;+93
j  org.gradle.internal.service.scopes.DefaultGradleUserHomeScopeServiceRegistry.getServicesFor(Ljava/io/File;)Lorg/gradle/internal/service/ServiceRegistry;+152
j  org.gradle.internal.session.BuildSessionState.<init>(Lorg/gradle/internal/service/scopes/GradleUserHomeScopeServiceRegistry;Lorg/gradle/internal/session/CrossBuildSessionState;Lorg/gradle/api/internal/StartParameterInternal;Lorg/gradle/initialization/BuildRequestMetaData;Lorg/gradle/internal/classpath/ClassPath;Lorg/gradle/initialization/BuildCancellationToken;Lorg/gradle/initialization/BuildClientMetaData;Lorg/gradle/initialization/BuildEventConsumer;)V+15
j  org.gradle.internal.buildprocess.execution.BuildSessionLifecycleBuildActionExecutor.execute(Lorg/gradle/internal/invocation/BuildAction;Lorg/gradle/launcher/exec/BuildActionParameters;Lorg/gradle/initialization/BuildRequestContext;)Lorg/gradle/launcher/exec/BuildActionResult;+86
j  org.gradle.internal.buildprocess.execution.BuildSessionLifecycleBuildActionExecutor.execute(Lorg/gradle/internal/invocation/BuildAction;Ljava/lang/Object;Ljava/lang/Object;)Lorg/gradle/launcher/exec/BuildActionResult;+10
j  org.gradle.internal.buildprocess.execution.StartParamsValidatingActionExecutor.execute(Lorg/gradle/internal/invocation/BuildAction;Lorg/gradle/launcher/exec/BuildActionParameters;Lorg/gradle/initialization/BuildRequestContext;)Lorg/gradle/launcher/exec/BuildActionResult;+203
j  org.gradle.internal.buildprocess.execution.StartParamsValidatingActionExecutor.execute(Lorg/gradle/internal/invocation/BuildAction;Ljava/lang/Object;Ljava/lang/Object;)Lorg/gradle/launcher/exec/BuildActionResult;+10
j  org.gradle.internal.buildprocess.execution.SessionFailureReportingActionExecutor.execute(Lorg/gradle/internal/invocation/BuildAction;Lorg/gradle/launcher/exec/BuildActionParameters;Lorg/gradle/initialization/BuildRequestContext;)Lorg/gradle/launcher/exec/BuildActionResult;+7
j  org.gradle.internal.buildprocess.execution.SessionFailureReportingActionExecutor.execute(Lorg/gradle/internal/invocation/BuildAction;Ljava/lang/Object;Ljava/lang/Object;)Lorg/gradle/launcher/exec/BuildActionResult;+10
j  org.gradle.internal.buildprocess.execution.SetupLoggingActionExecutor.execute(Lorg/gradle/internal/invocation/BuildAction;Lorg/gradle/launcher/exec/BuildActionParameters;Lorg/gradle/initialization/BuildRequestContext;)Lorg/gradle/launcher/exec/BuildActionResult;+50
j  org.gradle.internal.buildprocess.execution.SetupLoggingActionExecutor.execute(Lorg/gradle/internal/invocation/BuildAction;Ljava/lang/Object;Ljava/lang/Object;)Lorg/gradle/launcher/exec/BuildActionResult;+10
j  org.gradle.launcher.daemon.server.exec.ExecuteBuild.doBuild(Lorg/gradle/launcher/daemon/server/api/DaemonCommandExecution;Lorg/gradle/launcher/daemon/protocol/Build;)V+147
j  org.gradle.launcher.daemon.server.exec.BuildCommandOnly.execute(Lorg/gradle/launcher/daemon/server/api/DaemonCommandExecution;)V+49
j  org.gradle.launcher.daemon.server.api.DaemonCommandExecution.proceed()Z+23
j  org.gradle.launcher.daemon.server.exec.WatchForDisconnection.execute(Lorg/gradle/launcher/daemon/server/api/DaemonCommandExecution;)V+19
j  org.gradle.launcher.daemon.server.api.DaemonCommandExecution.proceed()Z+23
j  org.gradle.launcher.daemon.server.exec.ResetDeprecationLogger.execute(Lorg/gradle/launcher/daemon/server/api/DaemonCommandExecution;)V+7
j  org.gradle.launcher.daemon.server.api.DaemonCommandExecution.proceed()Z+23
j  org.gradle.launcher.daemon.server.exec.RequestStopIfSingleUsedDaemon.execute(Lorg/gradle/launcher/daemon/server/api/DaemonCommandExecution;)V+33
j  org.gradle.launcher.daemon.server.api.DaemonCommandExecution.proceed()Z+23
j  org.gradle.launcher.daemon.server.exec.ForwardClientInput.lambda$execute$0(Lorg/gradle/launcher/daemon/server/api/DaemonCommandExecution;Lorg/gradle/internal/daemon/clientinput/StdinHandler;)Ljava/lang/Object;+11
j  org.gradle.launcher.daemon.server.exec.ForwardClientInput$$Lambda+0x000002830118f150.apply(Ljava/lang/Object;)Ljava/lang/Object;+8
j  org.gradle.internal.daemon.clientinput.ClientInputForwarder.forwardInput(Ljava/util/function/Function;)Ljava/lang/Object;+46
j  org.gradle.launcher.daemon.server.exec.ForwardClientInput.execute(Lorg/gradle/launcher/daemon/server/api/DaemonCommandExecution;)V+10
j  org.gradle.launcher.daemon.server.api.DaemonCommandExecution.proceed()Z+23
j  org.gradle.launcher.daemon.server.exec.LogAndCheckHealth.execute(Lorg/gradle/launcher/daemon/server/api/DaemonCommandExecution;)V+51
j  org.gradle.launcher.daemon.server.api.DaemonCommandExecution.proceed()Z+23
j  org.gradle.launcher.daemon.server.exec.LogToClient.doBuild(Lorg/gradle/launcher/daemon/server/api/DaemonCommandExecution;Lorg/gradle/launcher/daemon/protocol/Build;)V+87
j  org.gradle.launcher.daemon.server.exec.BuildCommandOnly.execute(Lorg/gradle/launcher/daemon/server/api/DaemonCommandExecution;)V+49
j  org.gradle.launcher.daemon.server.api.DaemonCommandExecution.proceed()Z+23
j  org.gradle.launcher.daemon.server.exec.EstablishBuildEnvironment.doBuild(Lorg/gradle/launcher/daemon/server/api/DaemonCommandExecution;Lorg/gradle/launcher/daemon/protocol/Build;)V+356
j  org.gradle.launcher.daemon.server.exec.BuildCommandOnly.execute(Lorg/gradle/launcher/daemon/server/api/DaemonCommandExecution;)V+49
j  org.gradle.launcher.daemon.server.api.DaemonCommandExecution.proceed()Z+23
j  org.gradle.launcher.daemon.server.exec.StartBuildOrRespondWithBusy$1.run()V+44
j  org.gradle.launcher.daemon.server.DaemonStateCoordinator.lambda$runCommand$0(Ljava/lang/Runnable;)V+1
j  org.gradle.launcher.daemon.server.DaemonStateCoordinator$$Lambda+0x000002830118dce0.run()V+8
j  org.gradle.internal.concurrent.ExecutorPolicy$CatchAndRecordFailures.onExecute(Ljava/lang/Runnable;)V+1
j  org.gradle.internal.concurrent.AbstractManagedExecutor$1.run()V+25
j  java.util.concurrent.ThreadPoolExecutor.runWorker(Ljava/util/concurrent/ThreadPoolExecutor$Worker;)V+92 java.base@21.0.12.1
j  java.util.concurrent.ThreadPoolExecutor$Worker.run()V+5 java.base@21.0.12.1
j  java.lang.Thread.runWith(Ljava/lang/Object;Ljava/lang/Runnable;)V+5 java.base@21.0.12.1
j  java.lang.Thread.run()V+19 java.base@21.0.12.1
v  ~StubRoutines::call_stub 0x000002835c53100d

Compiled method (n/a) 30878  894     n 0       java.lang.ClassLoader::defineClass1 (native)
 total in heap  [0x000002835cb38310,0x000002835cb388a8] = 1432
 relocation     [0x000002835cb38470,0x000002835cb384a8] = 56
 main code      [0x000002835cb384c0,0x000002835cb388a1] = 993
 stub code      [0x000002835cb388a1,0x000002835cb388a8] = 7

[Constant Pool (empty)]

[MachCode]
[Entry Point]
  # {method} {0x0000028300434c38} 'defineClass1' '(Ljava/lang/ClassLoader;Ljava/lang/String;[BIILjava/security/ProtectionDomain;Ljava/lang/String;)Ljava/lang/Class;' in 'java/lang/ClassLoader'
  # parm0:    rdx:rdx   = 'java/lang/ClassLoader'
  # parm1:    r8:r8     = 'java/lang/String'
  # parm2:    r9:r9     = '[B'
  # parm3:    rdi       = int
  # parm4:    rsi       = int
  # parm5:    rcx:rcx   = 'java/security/ProtectionDomain'
  # parm6:    [sp+0xa0]   = 'java/lang/String'  (sp of caller)
  0x000002835cb384c0: 448b 5208 | 49bb 0000 | 0000 8302 | 0000 4d03 | d349 3bc2 | 0f84 0600 

  0x000002835cb384d8: ;   {runtime_call ic_miss_stub}
  0x000002835cb384d8: 0000 e9a1 | 62a4 ff90 
[Verified Entry Point]
  0x000002835cb384e0: 8984 2400 | 80ff ff55 | 488b ec48 | 81ec 9000 | 0000 6690 | 4181 7f20 | 0100 0000 

  0x000002835cb384fc: ;   {runtime_call StubRoutines (final stubs)}
  0x000002835cb384fc: 7405 e89d | dfa2 ff48 | 837d 1000 | 488d 4510 | 480f 4445 | 1048 8944 | 2440 4889 | 4c24 7048 
  0x000002835cb3851c: 83f9 0048 | 8d44 2470 | 480f 4444 | 2470 4889 | 4424 3848 | 8974 2430 | 4889 7c24 | 284c 894c 
  0x000002835cb3853c: 2458 4983 | f900 488d | 4424 5848 | 0f44 4424 | 5848 8944 | 2420 4c89 | 4424 5049 | 83f8 004c 
  0x000002835cb3855c: 8d4c 2450 | 4c0f 444c | 2450 4889 | 5424 4848 | 83fa 004c | 8d44 2448 | 4c0f 4444 

  0x000002835cb38578: ;   {oop(a 'java/lang/Class'{0x00000000ad14a800} = 'java/lang/ClassLoader')}
  0x000002835cb38578: 2448 49be | 00a8 14ad | 0000 0000 | 4c89 7424 | 784c 8d74 | 2478 498b | d6c5 f877 

  0x000002835cb38594: ;   {internal_word}
  0x000002835cb38594: 49ba 9185 | b35c 8302 | 0000 4d89 | 97a8 0300 | 0049 89a7 | a003 0000 

  0x000002835cb385ac: ;   {external_word}
  0x000002835cb385ac: 49ba 066d | d7a9 f97f | 0000 4180 | 3a00 0f84 | 4e00 0000 | 5241 5041 

  0x000002835cb385c4: ;   {metadata({method} {0x0000028300434c38} 'defineClass1' '(Ljava/lang/ClassLoader;Ljava/lang/String;[BIILjava/security/ProtectionDomain;Ljava/lang/String;)Ljava/lang/Class;' in 'java/lang/ClassLoader')}
  0x000002835cb385c4: 5148 ba30 | 4c43 0083 | 0200 0049 | 8bcf 4883 | ec20 40f6 | c40f 0f84 | 1900 0000 | 4883 ec08 
  0x000002835cb385e4: ;   {runtime_call}
  0x000002835cb385e4: 48b8 e0ea | 80a9 f97f | 0000 ffd0 | 4883 c408 | e90c 0000 

  0x000002835cb385f8: ;   {runtime_call}
  0x000002835cb385f8: 0048 b8e0 | ea80 a9f9 | 7f00 00ff | d048 83c4 | 2041 5941 | 585a 498d | 8fc0 0300 | 0041 c787 
  0x000002835cb38618: 4c04 0000 | 0400 0000 

  0x000002835cb38620: ;   {runtime_call}
  0x000002835cb38620: 48b8 ac16 | 3854 fa7f | 0000 ffd0 | c5f8 7741 | c787 4c04 | 0000 0500 | 0000 f083 | 4424 c000 
  0x000002835cb38640: 493b af50 | 0400 000f | 870e 0000 | 0041 83bf | 4804 0000 | 000f 842b | 0000 00c5 | f877 4889 
  0x000002835cb38660: 45f8 498b | cf4c 8be4 | 4883 ec20 | 4883 e4f0 

  0x000002835cb38670: ;   {runtime_call}
  0x000002835cb38670: 48b8 0058 | 4ca9 f97f | 0000 ffd0 | 498b e44d | 33e4 488b | 45f8 41c7 | 874c 0400 | 0008 0000 
  0x000002835cb38690: 0041 83bf | c804 0000 | 020f 84d5 

  0x000002835cb3869c: ;   {external_word}
  0x000002835cb3869c: 0100 0049 | ba06 6dd7 | a9f9 7f00 | 0041 803a | 000f 844c | 0000 0048 

  0x000002835cb386b4: ;   {metadata({method} {0x0000028300434c38} 'defineClass1' '(Ljava/lang/ClassLoader;Ljava/lang/String;[BIILjava/security/ProtectionDomain;Ljava/lang/String;)Ljava/lang/Class;' in 'java/lang/ClassLoader')}
  0x000002835cb386b4: 8945 f848 | ba30 4c43 | 0083 0200 | 0049 8bcf | 4883 ec20 | 40f6 c40f | 0f84 1900 | 0000 4883 
  0x000002835cb386d4: ;   {runtime_call}
  0x000002835cb386d4: ec08 48b8 | e0ea 80a9 | f97f 0000 | ffd0 4883 | c408 e90c 

  0x000002835cb386e8: ;   {runtime_call}
  0x000002835cb386e8: 0000 0048 | b8e0 ea80 | a9f9 7f00 | 00ff d048 | 83c4 2048 | 8b45 f849 | c787 a003 | 0000 0000 
  0x000002835cb38708: 0000 49c7 | 87a8 0300 | 0000 0000 | 00c5 f877 | 4885 c00f | 8430 0100 | 00a8 030f | 8508 0000 
  0x000002835cb38728: 0048 8b00 | e920 0100 | 00a8 010f | 8509 0000 | 0048 8b40 | fee9 0f01 | 0000 488b | 40ff 4180 
  0x000002835cb38748: 7f40 000f | 8400 0100 | 0048 83f8 | 000f 84f6 | 0000 0049 | 8b4f 2848 | 83f9 000f | 8414 0000 
  0x000002835cb38768: 0048 83e9 | 0849 894f | 2849 034f | 3848 8901 | e9d4 0000 | 0048 83ec | 7048 8904 | 2448 894c 
  0x000002835cb38788: 2408 4889 | 5424 104c | 8944 2418 | 4c89 4c24 | 204c 8954 | 2428 4c89 | 5c24 30c5 | fb11 4424 
  0x000002835cb387a8: 40c5 fb11 | 4c24 48c5 | fb11 5424 | 50c5 fb11 | 5c24 58c5 | fb11 6424 | 60c5 fb11 | 6c24 6849 
  0x000002835cb387c8: 8bd7 488b | c848 83ec | 2040 f6c4 | 0f0f 8419 | 0000 0048 

  0x000002835cb387dc: ;   {runtime_call}
  0x000002835cb387dc: 83ec 0848 | b820 a43f | a9f9 7f00 | 00ff d048 | 83c4 08e9 | 0c00 0000 

  0x000002835cb387f4: ;   {runtime_call}
  0x000002835cb387f4: 48b8 20a4 | 3fa9 f97f | 0000 ffd0 | 4883 c420 | c5fb 106c | 2468 c5fb | 1064 2460 | c5fb 105c 
  0x000002835cb38814: 2458 c5fb | 1054 2450 | c5fb 104c | 2448 c5fb | 1044 2440 | 4c8b 5c24 | 304c 8b54 | 2428 4c8b 
  0x000002835cb38834: 4c24 204c | 8b44 2418 | 488b 5424 | 1048 8b4c | 2408 488b | 0424 4883 | c470 c5f8 | 7749 8b8f 
  0x000002835cb38854: 3004 0000 | c781 0001 | 0000 0000 | 0000 c949 | 837f 0800 | 0f85 0100 

  0x000002835cb3886c: ;   {runtime_call StubRoutines (initial stubs)}
  0x000002835cb3886c: 0000 c3e9 | 8c86 9fff | c5f8 7748 | 8945 f84c | 8be4 4883 | ec20 4883 

  0x000002835cb38884: ;   {runtime_call}
  0x000002835cb38884: e4f0 48b8 | 3022 81a9 | f97f 0000 | ffd0 498b | e44d 33e4 | 488b 45f8 | e9fe fdff | fff4 f4f4 
  0x000002835cb388a4: f4f4 f4f4 
[/MachCode]


Compiled method (c1) 31015 1135       3       java.lang.ClassLoader::defineClass (43 bytes)
 total in heap  [0x00000283551f1e10,0x00000283551f2760] = 2384
 relocation     [0x00000283551f1f70,0x00000283551f2010] = 160
 main code      [0x00000283551f2020,0x00000283551f24b8] = 1176
 stub code      [0x00000283551f24b8,0x00000283551f2530] = 120
 metadata       [0x00000283551f2530,0x00000283551f2560] = 48
 scopes data    [0x00000283551f2560,0x00000283551f2650] = 240
 scopes pcs     [0x00000283551f2650,0x00000283551f2730] = 224
 dependencies   [0x00000283551f2730,0x00000283551f2738] = 8
 nul chk table  [0x00000283551f2738,0x00000283551f2760] = 40

[Constant Pool (empty)]

[MachCode]
[Entry Point]
  # {method} {0x0000028300434fb8} 'defineClass' '(Ljava/lang/String;[BIILjava/security/ProtectionDomain;)Ljava/lang/Class;' in 'java/lang/ClassLoader'
  # this:     rdx:rdx   = 'java/lang/ClassLoader'
  # parm0:    r8:r8     = 'java/lang/String'
  # parm1:    r9:r9     = '[B'
  # parm2:    rdi       = int
  # parm3:    rsi       = int
  # parm4:    rcx:rcx   = 'java/security/ProtectionDomain'
  #           [sp+0xc0]  (sp of caller)
  0x00000283551f2020: 448b 5208 | 49bb 0000 | 0000 8302 | 0000 4d03 | d34c 3bd0 

  0x00000283551f2034: ;   {runtime_call ic_miss_stub}
  0x00000283551f2034: 0f85 46c7 | 3807 660f | 1f44 0000 
[Verified Entry Point]
  0x00000283551f2040: 8984 2400 | 80ff ff55 | 4881 ecb0 | 0000 0090 | 4181 7f20 | 0100 0000 

  0x00000283551f2058: ;   {runtime_call StubRoutines (final stubs)}
  0x00000283551f2058: 7405 e841 | 4437 0748 | 8954 2478 

  0x00000283551f2064: ;   {metadata(method data for {method} {0x0000028300434fb8} 'defineClass' '(Ljava/lang/String;[BIILjava/security/ProtectionDomain;)Ljava/lang/Class;' in 'java/lang/ClassLoader')}
  0x00000283551f2064: 48bb 8087 | 186a 8302 | 0000 8b83 | cc00 0000 | 83c0 0289 | 83cc 0000 | 0025 fe07 | 0000 85c0 
  0x00000283551f2084: 0f84 5003 | 0000 89b4 | 2494 0000 | 0089 bc24 | 9000 0000 | 4c89 8c24 | 8800 0000 

  0x00000283551f20a0: ;   {metadata(method data for {method} {0x0000028300434fb8} 'defineClass' '(Ljava/lang/String;[BIILjava/security/ProtectionDomain;)Ljava/lang/Class;' in 'java/lang/ClassLoader')}
  0x00000283551f20a0: 488b da48 | b880 8718 | 6a83 0200 | 0048 8380 | 1001 0000 | 0149 8bd8 | 4c8b c34c | 8bc9 488b 
  0x00000283551f20c0: ca48 8bd1 | 4889 9c24 | 8000 0000 

  0x00000283551f20cc: ;   {optimized virtual_call}
  0x00000283551f20cc: 6666 90e8 

  0x00000283551f20d0: ; ImmutableOopMap {[120]=Oop [128]=Oop [136]=Oop }
                      ;*invokevirtual preDefineClass {reexecute=0 rethrow=0 return_oop=0}
                      ; - java.lang.ClassLoader::defineClass@4
  0x00000283551f20d0: 4c4c 0200 

  0x00000283551f20d4: ;   {other}
  0x00000283551f20d4: 0f1f 8400 | c402 0000 | 4889 8424 | 9800 0000 | 488b 5424 

  0x00000283551f20e8: ;   {metadata(method data for {method} {0x0000028300434fb8} 'defineClass' '(Ljava/lang/String;[BIILjava/security/ProtectionDomain;)Ljava/lang/Class;' in 'java/lang/ClassLoader')}
  0x00000283551f20e8: 7849 b880 | 8718 6a83 | 0200 0049 | 8380 4801 

  0x00000283551f20f8: ;   {metadata(method data for {method} {0x0000028300434ca0} 'defineClassSourceLocation' '(Ljava/security/ProtectionDomain;)Ljava/lang/String;' in 'java/lang/ClassLoader')}
  0x00000283551f20f8: 0000 0149 | b898 8e18 | 6a83 0200 | 0041 8b90 | cc00 0000 | 83c2 0241 | 8990 cc00 | 0000 81e2 
  0x00000283551f2118: feff 1f00 | 85d2 0f84 | d702 0000 

  0x00000283551f2124: ; implicit exception: dispatches to 0x00000283551f241c
  0x00000283551f2124: 483b 004c 

  0x00000283551f2128: ;   {metadata(method data for {method} {0x0000028300434ca0} 'defineClassSourceLocation' '(Ljava/security/ProtectionDomain;)Ljava/lang/String;' in 'java/lang/ClassLoader')}
  0x00000283551f2128: 8bc0 48ba | 988e 186a | 8302 0000 | 4883 8210 | 0100 0001 | 448b 4010 

  0x00000283551f2140: ;   {metadata(method data for {method} {0x0000028300434ca0} 'defineClassSourceLocation' '(Ljava/security/ProtectionDomain;)Ljava/lang/String;' in 'java/lang/ClassLoader')}
  0x00000283551f2140: 4d85 c048 | ba98 8e18 | 6a83 0200 | 0048 c7c6 | 5801 0000 | 7507 48c7 | c648 0100 | 0048 8b3c 
  0x00000283551f2160: 3248 8d7f | 0148 893c | 320f 850f 

  0x00000283551f216c: ;   {oop(nullptr)}
  0x00000283551f216c: 0000 0048 | bb00 0000 | 0000 0000 | 00e9 a101 | 0000 493b | 0049 8bd0 

  0x00000283551f2184: ;   {metadata(method data for {method} {0x0000028300434ca0} 'defineClassSourceLocation' '(Ljava/security/ProtectionDomain;)Ljava/lang/String;' in 'java/lang/ClassLoader')}
  0x00000283551f2184: 48be 988e | 186a 8302 | 0000 4883 | 8668 0100 | 0001 418b | 500c 4885 

  0x00000283551f219c: ;   {metadata(method data for {method} {0x0000028300434ca0} 'defineClassSourceLocation' '(Ljava/security/ProtectionDomain;)Ljava/lang/String;' in 'java/lang/ClassLoader')}
  0x00000283551f219c: d248 be98 | 8e18 6a83 | 0200 0048 | c7c7 b001 | 0000 7507 | 48c7 c7a0 | 0100 0048 | 8b1c 3e48 
  0x00000283551f21bc: 8d5b 0148 | 891c 3e0f | 850f 0000 

  0x00000283551f21c8: ;   {oop(nullptr)}
  0x00000283551f21c8: 0048 bb00 | 0000 0000 | 0000 00e9 | 4701 0000 

  0x00000283551f21d8: ;   {metadata(method data for {method} {0x0000028300434ca0} 'defineClassSourceLocation' '(Ljava/security/ProtectionDomain;)Ljava/lang/String;' in 'java/lang/ClassLoader')}
  0x00000283551f21d8: 48be 988e | 186a 8302 | 0000 4883 | 86c0 0100 | 0001 483b | 024c 8bc2 

  0x00000283551f21f0: ;   {metadata(method data for {method} {0x0000028300434ca0} 'defineClassSourceLocation' '(Ljava/security/ProtectionDomain;)Ljava/lang/String;' in 'java/lang/ClassLoader')}
  0x00000283551f21f0: 48be 988e | 186a 8302 | 0000 4883 | 86f8 0100 

  0x00000283551f2200: ;   {metadata(method data for {method} {0x000002830001abf0} 'toString' '()Ljava/lang/String;' in 'java/net/URL')}
  0x00000283551f2200: 0001 49b8 | 3066 0e6a | 8302 0000 | 418b b0cc | 0000 0083 | c602 4189 | b0cc 0000 | 0081 e6fe 
  0x00000283551f2220: ff1f 0085 | f60f 8400 | 0200 004c 

  0x00000283551f222c: ;   {metadata(method data for {method} {0x000002830001abf0} 'toString' '()Ljava/lang/String;' in 'java/net/URL')}
  0x00000283551f222c: 8bc2 48be | 3066 0e6a | 8302 0000 | 4883 8610 | 0100 0001 

  0x00000283551f2240: ;   {metadata(method data for {method} {0x0000028300428840} 'toExternalForm' '()Ljava/lang/String;' in 'java/net/URL')}
  0x00000283551f2240: 49b8 b867 | 0e6a 8302 | 0000 418b | b0cc 0000 | 0083 c602 | 4189 b0cc | 0000 0081 | e6fe ff1f 
  0x00000283551f2260: 0085 f60f | 84e3 0100 | 008b 7238 

  0x00000283551f226c: ; implicit exception: dispatches to 0x00000283551f246d
  0x00000283551f226c: 483b 064c 

  0x00000283551f2270: ;   {metadata(method data for {method} {0x0000028300428840} 'toExternalForm' '()Ljava/lang/String;' in 'java/net/URL')}
  0x00000283551f2270: 8bc6 48bf | b867 0e6a | 8302 0000 | 458b 4008 | 49ba 0000 | 0000 8302 | 0000 4d03 | c24c 3b87 
  0x00000283551f2290: 2001 0000 | 750d 4883 | 8728 0100 | 0001 e960 | 0000 004c | 3b87 3001 | 0000 750d | 4883 8738 
  0x00000283551f22b0: 0100 0001 | e94a 0000 | 0048 83bf | 2001 0000 | 0075 174c | 8987 2001 | 0000 48c7 | 8728 0100 
  0x00000283551f22d0: 0001 0000 | 00e9 2900 | 0000 4883 | bf30 0100 | 0000 7517 | 4c89 8730 | 0100 0048 | c787 3801 
  0x00000283551f22f0: 0000 0100 | 0000 e908 | 0000 0048 | 8387 1001 | 0000 014c | 8bc2 488b | d666 0f1f 

  0x00000283551f230c: ;   {optimized virtual_call}
  0x00000283551f230c: 4400 00e8 

  0x00000283551f2310: ; ImmutableOopMap {[120]=Oop [128]=Oop [136]=Oop [152]=Oop }
                      ;*invokevirtual toExternalForm {reexecute=0 rethrow=0 return_oop=0}
                      ; - java.net.URL::toExternalForm@5
                      ; - java.net.URL::toString@1
                      ; - java.lang.ClassLoader::defineClassSourceLocation@22
                      ; - java.lang.ClassLoader::defineClass@12
  0x00000283551f2310: 8cc1 faff 

  0x00000283551f2314: ;   {other}
  0x00000283551f2314: 0f1f 8400 | 0405 0001 | 488b d848 | 8b84 2498 | 0000 008b | b424 9400 | 0000 8bbc | 2490 0000 
  0x00000283551f2334: 004c 8b8c | 2488 0000 | 004c 8b84 | 2480 0000 | 0048 8b54 

  0x00000283551f2348: ;   {metadata(method data for {method} {0x0000028300434fb8} 'defineClass' '(Ljava/lang/String;[BIILjava/security/ProtectionDomain;)Ljava/lang/Class;' in 'java/lang/ClassLoader')}
  0x00000283551f2348: 2478 48b9 | 8087 186a | 8302 0000 | 4883 8180 | 0100 0001 | 4c8b da49 | 8bd3 488b | c848 891c 
  0x00000283551f2368: 2466 0f1f 

  0x00000283551f236c: ;   {static_call}
  0x00000283551f236c: 4400 00e8 

  0x00000283551f2370: ; ImmutableOopMap {[120]=Oop [152]=Oop }
                      ;*invokestatic defineClass1 {reexecute=0 rethrow=0 return_oop=0}
                      ; - java.lang.ClassLoader::defineClass@27
  0x00000283551f2370: 6c61 9407 

  0x00000283551f2374: ;   {other}
  0x00000283551f2374: 0f1f 8400 | 6405 0002 | 488b 5424 

  0x00000283551f2380: ;   {metadata(method data for {method} {0x0000028300434fb8} 'defineClass' '(Ljava/lang/String;[BIILjava/security/ProtectionDomain;)Ljava/lang/Class;' in 'java/lang/ClassLoader')}
  0x00000283551f2380: 7849 b880 | 8718 6a83 | 0200 0049 | 8380 9001 | 0000 014c | 8bc0 4c8b | 8c24 9800 | 0000 488b 
  0x00000283551f23a0: 5424 7848 | 8984 24a0 | 0000 000f 

  0x00000283551f23ac: ;   {optimized virtual_call}
  0x00000283551f23ac: 1f40 00e8 

  0x00000283551f23b0: ; ImmutableOopMap {[160]=Oop }
                      ;*invokevirtual postDefineClass {reexecute=0 rethrow=0 return_oop=0}
                      ; - java.lang.ClassLoader::defineClass@37
  0x00000283551f23b0: ec31 0200 

  0x00000283551f23b4: ;   {other}
  0x00000283551f23b4: 0f1f 8400 | a405 0003 | 488b 8424 | a000 0000 | 4881 c4b0 | 0000 005d 

  0x00000283551f23cc: ;   {poll_return}
  0x00000283551f23cc: 493b a750 | 0400 000f | 8799 0000 

  0x00000283551f23d8: ;   {metadata({method} {0x0000028300434fb8} 'defineClass' '(Ljava/lang/String;[BIILjava/security/ProtectionDomain;)Ljava/lang/Class;' in 'java/lang/ClassLoader')}
  0x00000283551f23d8: 00c3 49ba | b04f 4300 | 8302 0000 | 4c89 5424 | 0848 c704 | 24ff ffff 

  0x00000283551f23f0: ;   {runtime_call counter_overflow Runtime1 stub}
  0x00000283551f23f0: ffe8 8a24 

  0x00000283551f23f4: ; ImmutableOopMap {rdx=Oop r8=Oop r9=Oop rcx=Oop [120]=Oop }
                      ;*synchronization entry
                      ; - java.lang.ClassLoader::defineClass@-1
  0x00000283551f23f4: 4507 e98f 

  0x00000283551f23f8: ;   {metadata({method} {0x0000028300434ca0} 'defineClassSourceLocation' '(Ljava/security/ProtectionDomain;)Ljava/lang/String;' in 'java/lang/ClassLoader')}
  0x00000283551f23f8: fcff ff49 | ba98 4c43 | 0083 0200 | 004c 8954 | 2408 48c7 | 0424 ffff 

  0x00000283551f2410: ;   {runtime_call counter_overflow Runtime1 stub}
  0x00000283551f2410: ffff e869 

  0x00000283551f2414: ; ImmutableOopMap {rax=Oop [120]=Oop [128]=Oop [136]=Oop [152]=Oop }
                      ;*synchronization entry
                      ; - java.lang.ClassLoader::defineClassSourceLocation@-1
                      ; - java.lang.ClassLoader::defineClass@12
  0x00000283551f2414: 2445 07e9 | 08fd ffff 

  0x00000283551f241c: ;   {runtime_call throw_null_pointer_exception Runtime1 stub}
  0x00000283551f241c: e8df b63b 

  0x00000283551f2420: ; ImmutableOopMap {rax=Oop [120]=Oop [128]=Oop [136]=Oop [152]=Oop }
                      ;*invokevirtual getCodeSource {reexecute=0 rethrow=0 return_oop=0}
                      ; - java.lang.ClassLoader::defineClassSourceLocation@1
                      ; - java.lang.ClassLoader::defineClass@12
                      ;   {runtime_call throw_null_pointer_exception Runtime1 stub}
  0x00000283551f2420: 07e8 dab6 

  0x00000283551f2424: ; ImmutableOopMap {rax=Oop r8=Oop [120]=Oop [128]=Oop [136]=Oop [152]=Oop }
                      ;*invokevirtual getLocation {reexecute=0 rethrow=0 return_oop=0}
                      ; - java.lang.ClassLoader::defineClassSourceLocation@12
                      ; - java.lang.ClassLoader::defineClass@12
                      ;   {runtime_call throw_null_pointer_exception Runtime1 stub}
  0x00000283551f2424: 3b07 e8d5 

  0x00000283551f2428: ; ImmutableOopMap {rdx=Oop [120]=Oop [128]=Oop [136]=Oop [152]=Oop }
                      ;*invokevirtual toString {reexecute=0 rethrow=0 return_oop=0}
                      ; - java.lang.ClassLoader::defineClassSourceLocation@22
                      ; - java.lang.ClassLoader::defineClass@12
                      ;   {metadata({method} {0x000002830001abf0} 'toString' '()Ljava/lang/String;' in 'java/net/URL')}
  0x00000283551f2428: b63b 0749 | bae8 ab01 | 0083 0200 | 004c 8954 | 2408 48c7 | 0424 ffff 

  0x00000283551f2440: ;   {runtime_call counter_overflow Runtime1 stub}
  0x00000283551f2440: ffff e839 

  0x00000283551f2444: ; ImmutableOopMap {rdx=Oop [120]=Oop [128]=Oop [136]=Oop [152]=Oop }
                      ;*synchronization entry
                      ; - java.net.URL::toString@-1
                      ; - java.lang.ClassLoader::defineClassSourceLocation@22
                      ; - java.lang.ClassLoader::defineClass@12
  0x00000283551f2444: 2445 07e9 | dffd ffff 

  0x00000283551f244c: ;   {metadata({method} {0x0000028300428840} 'toExternalForm' '()Ljava/lang/String;' in 'java/net/URL')}
  0x00000283551f244c: 49ba 3888 | 4200 8302 | 0000 4c89 | 5424 0848 | c704 24ff 

  0x00000283551f2460: ;   {runtime_call counter_overflow Runtime1 stub}
  0x00000283551f2460: ffff ffe8 

  0x00000283551f2464: ; ImmutableOopMap {rdx=Oop [120]=Oop [128]=Oop [136]=Oop [152]=Oop }
                      ;*synchronization entry
                      ; - java.net.URL::toExternalForm@-1
                      ; - java.net.URL::toString@1
                      ; - java.lang.ClassLoader::defineClassSourceLocation@22
                      ; - java.lang.ClassLoader::defineClass@12
  0x00000283551f2464: 1824 4507 | e9fc fdff 

  0x00000283551f246c: ;   {runtime_call throw_null_pointer_exception Runtime1 stub}
  0x00000283551f246c: ffe8 8eb6 

  0x00000283551f2470: ; ImmutableOopMap {rdx=Oop rsi=Oop [120]=Oop [128]=Oop [136]=Oop [152]=Oop }
                      ;*invokevirtual toExternalForm {reexecute=0 rethrow=0 return_oop=0}
                      ; - java.net.URL::toExternalForm@5
                      ; - java.net.URL::toString@1
                      ; - java.lang.ClassLoader::defineClassSourceLocation@22
                      ; - java.lang.ClassLoader::defineClass@12
                      ;   {internal_word}
  0x00000283551f2470: 3b07 49ba | cc23 1f55 | 8302 0000 | 4d89 9768 

  0x00000283551f2480: ;   {runtime_call SafepointBlob}
  0x00000283551f2480: 0400 00e9 | f82f 3907 | 498b 8700 | 0500 0049 | c787 0005 | 0000 0000 | 0000 49c7 | 8708 0500 
  0x00000283551f24a0: 0000 0000 | 0048 81c4 | b000 0000 

  0x00000283551f24ac: ;   {runtime_call unwind_exception Runtime1 stub}
  0x00000283551f24ac: 5de9 4ec5 | 3b07 f4f4 | f4f4 f4f4 
[Stub Code]
  0x00000283551f24b8: ;   {no_reloc}
  0x00000283551f24b8: 0f1f 4400 

  0x00000283551f24bc: ;   {static_stub}
  0x00000283551f24bc: 0048 bb00 | 0000 0000 

  0x00000283551f24c4: ;   {runtime_call nmethod}
  0x00000283551f24c4: 0000 00e9 | fbff ffff 

  0x00000283551f24cc: ;   {static_stub}
  0x00000283551f24cc: 48bb f04c | 4300 8302 

  0x00000283551f24d4: ;   {runtime_call I2C/C2I adapters}
  0x00000283551f24d4: 0000 e990 

  0x00000283551f24d8: ;   {static_stub}
  0x00000283551f24d8: 8938 0748 | bb00 0000 | 0000 0000 

  0x00000283551f24e4: ;   {runtime_call nmethod}
  0x00000283551f24e4: 00e9 fbff 

  0x00000283551f24e8: ;   {static_stub}
  0x00000283551f24e8: ffff 48bb | d84b 4300 | 8302 0000 

  0x00000283551f24f4: ;   {runtime_call I2C/C2I adapters}
  0x00000283551f24f4: e972 8938 

  0x00000283551f24f8: ;   {runtime_call handle_exception_from_callee Runtime1 stub}
  0x00000283551f24f8: 07e8 82dc 

  0x00000283551f24fc: ;   {external_word}
  0x00000283551f24fc: 4407 48b9 | 5063 ada9 | f97f 0000 | 4883 e4f0 

  0x00000283551f250c: ;   {runtime_call}
  0x00000283551f250c: 48b8 c0c9 | 6fa9 f97f | 0000 ffd0 

  0x00000283551f2518: ;   {section_word}
  0x00000283551f2518: f449 ba19 | 251f 5583 | 0200 0041 

  0x00000283551f2524: ;   {runtime_call DeoptimizationBlob}
  0x00000283551f2524: 52e9 f621 | 3907 f4f4 | f4f4 f4f4 
[/MachCode]


Compiled method (c1) 31054 1225       3       java.security.SecureClassLoader::defineClass (16 bytes)
 total in heap  [0x000002835520ff10,0x0000028355210310] = 1024
 relocation     [0x0000028355210070,0x00000283552100c0] = 80
 main code      [0x00000283552100c0,0x0000028355210218] = 344
 stub code      [0x0000028355210218,0x0000028355210268] = 80
 metadata       [0x0000028355210268,0x0000028355210270] = 8
 scopes data    [0x0000028355210270,0x00000283552102b8] = 72
 scopes pcs     [0x00000283552102b8,0x0000028355210308] = 80
 dependencies   [0x0000028355210308,0x0000028355210310] = 8

[Constant Pool (empty)]

[MachCode]
[Entry Point]
  # {method} {0x000002830004e0e8} 'defineClass' '(Ljava/lang/String;[BIILjava/security/CodeSource;)Ljava/lang/Class;' in 'java/security/SecureClassLoader'
  # this:     rdx:rdx   = 'java/security/SecureClassLoader'
  # parm0:    r8:r8     = 'java/lang/String'
  # parm1:    r9:r9     = '[B'
  # parm2:    rdi       = int
  # parm3:    rsi       = int
  # parm4:    rcx:rcx   = 'java/security/CodeSource'
  #           [sp+0x80]  (sp of caller)
  0x00000283552100c0: 448b 5208 | 49bb 0000 | 0000 8302 | 0000 4d03 | d34c 3bd0 

  0x00000283552100d4: ;   {runtime_call ic_miss_stub}
  0x00000283552100d4: 0f85 a6e6 | 3607 660f | 1f44 0000 
[Verified Entry Point]
  0x00000283552100e0: 8984 2400 | 80ff ff55 | 4883 ec70 | 4181 7f20 | 0100 0000 

  0x00000283552100f4: ;   {runtime_call StubRoutines (final stubs)}
  0x00000283552100f4: 7405 e8a5 

  0x00000283552100f8: ;   {metadata(method data for {method} {0x000002830004e0e8} 'defineClass' '(Ljava/lang/String;[BIILjava/security/CodeSource;)Ljava/lang/Class;' in 'java/security/SecureClassLoader')}
  0x00000283552100f8: 6335 0748 | bb60 4a18 | 6a83 0200 | 008b 83cc | 0000 0083 | c002 8983 | cc00 0000 | 25fe 0700 
  0x0000028355210118: 0085 c00f | 8496 0000 | 0089 7424 | 5c89 7c24 | 584c 894c | 2450 4c89 | 4424 4848 

  0x0000028355210134: ;   {metadata(method data for {method} {0x000002830004e0e8} 'defineClass' '(Ljava/lang/String;[BIILjava/security/CodeSource;)Ljava/lang/Class;' in 'java/security/SecureClassLoader')}
  0x0000028355210134: 8bda 48b8 | 604a 186a | 8302 0000 | 4883 8010 | 0100 0001 | 4c8b c148 | 8bc2 488b | d048 8944 
  0x0000028355210154: ;   {optimized virtual_call}
  0x0000028355210154: 2440 90e8 

  0x0000028355210158: ; ImmutableOopMap {[64]=Oop [72]=Oop [80]=Oop }
                      ;*invokevirtual getProtectionDomain {reexecute=0 rethrow=0 return_oop=0}
                      ; - java.security.SecureClassLoader::defineClass@9
  0x0000028355210158: c406 feff 

  0x000002835521015c: ;   {other}
  0x000002835521015c: 0f1f 8400 | 4c02 0000 | 488b 5424 

  0x0000028355210168: ;   {metadata(method data for {method} {0x000002830004e0e8} 'defineClass' '(Ljava/lang/String;[BIILjava/security/CodeSource;)Ljava/lang/Class;' in 'java/security/SecureClassLoader')}
  0x0000028355210168: 4049 b860 | 4a18 6a83 | 0200 0049 | 8380 4801 | 0000 014c | 8b44 2448 | 4c8b 4c24 | 508b 7c24 
  0x0000028355210188: 588b 7424 | 5c48 8bc8 | 488b 5424 

  0x0000028355210194: ;   {optimized virtual_call}
  0x0000028355210194: 4066 90e8 

  0x0000028355210198: ; ImmutableOopMap {}
                      ;*invokevirtual defineClass {reexecute=0 rethrow=0 return_oop=0}
                      ; - java.security.SecureClassLoader::defineClass@12
  0x0000028355210198: a41e feff 

  0x000002835521019c: ;   {other}
  0x000002835521019c: 0f1f 8400 | 8c02 0001 | 4883 c470 

  0x00000283552101a8: ;   {poll_return}
  0x00000283552101a8: 5d49 3ba7 | 5004 0000 | 0f87 2200 

  0x00000283552101b4: ;   {metadata({method} {0x000002830004e0e8} 'defineClass' '(Ljava/lang/String;[BIILjava/security/CodeSource;)Ljava/lang/Class;' in 'java/security/SecureClassLoader')}
  0x00000283552101b4: 0000 c349 | bae0 e004 | 0083 0200 | 004c 8954 | 2408 48c7 | 0424 ffff 

  0x00000283552101cc: ;   {runtime_call counter_overflow Runtime1 stub}
  0x00000283552101cc: ffff e8ad 

  0x00000283552101d0: ; ImmutableOopMap {rdx=Oop r8=Oop r9=Oop rcx=Oop }
                      ;*synchronization entry
                      ; - java.security.SecureClassLoader::defineClass@-1
  0x00000283552101d0: 4643 07e9 | 49ff ffff 

  0x00000283552101d8: ;   {internal_word}
  0x00000283552101d8: 49ba a901 | 2155 8302 | 0000 4d89 | 9768 0400 

  0x00000283552101e8: ;   {runtime_call SafepointBlob}
  0x00000283552101e8: 00e9 9252 | 3707 498b | 8700 0500 | 0049 c787 | 0005 0000 | 0000 0000 | 49c7 8708 | 0500 0000 
  0x0000028355210208: 0000 0048 | 83c4 705d 

  0x0000028355210210: ;   {runtime_call unwind_exception Runtime1 stub}
  0x0000028355210210: e9eb e739 | 07f4 f4f4 
[Stub Code]
  0x0000028355210218: ;   {no_reloc}
  0x0000028355210218: 48bb 0000 | 0000 0000 

  0x0000028355210220: ;   {runtime_call nmethod}
  0x0000028355210220: 0000 e9fb 

  0x0000028355210224: ;   {static_stub}
  0x0000028355210224: ffff ff48 | bb00 0000 | 0000 0000 

  0x0000028355210230: ;   {runtime_call nmethod}
  0x0000028355210230: 00e9 fbff 

  0x0000028355210234: ;   {runtime_call handle_exception_from_callee Runtime1 stub}
  0x0000028355210234: ffff e845 

  0x0000028355210238: ;   {external_word}
  0x0000028355210238: ff42 0748 | b950 63ad | a9f9 7f00 | 0048 83e4 

  0x0000028355210248: ;   {runtime_call}
  0x0000028355210248: f048 b8c0 | c96f a9f9 | 7f00 00ff 

  0x0000028355210254: ;   {section_word}
  0x0000028355210254: d0f4 49ba | 5602 2155 | 8302 0000 

  0x0000028355210260: ;   {runtime_call DeoptimizationBlob}
  0x0000028355210260: 4152 e9b9 | 4437 07f4 
[/MachCode]


---------------  P R O C E S S  ---------------

Threads class SMR info:
_java_thread_list=0x00000283693c2ab0, length=21, elements={
0x000002834f90c0f0, 0x0000028369045cd0, 0x0000028369047f80, 0x00000283690489e0,
0x000002836904b450, 0x000002836904e2c0, 0x000002836904ed20, 0x000002836904fab0,
0x00000283690bb850, 0x00000283692770a0, 0x00000283692fd450, 0x000002836ef52580,
0x000002836e32d410, 0x000002836e2ff1a0, 0x0000028369b55d50, 0x000002836e5192a0,
0x000002836ef83b70, 0x000002836ef84f20, 0x000002836ef84200, 0x000002836ef862d0,
0x000002836ef84890
}

Java Threads: ( => current thread )
  0x000002834f90c0f0 JavaThread "main"                              [_thread_blocked, id=41848, stack(0x000000fe42300000,0x000000fe42400000) (1024K)]
  0x0000028369045cd0 JavaThread "Reference Handler"          daemon [_thread_blocked, id=44272, stack(0x000000fe42b00000,0x000000fe42c00000) (1024K)]
  0x0000028369047f80 JavaThread "Finalizer"                  daemon [_thread_blocked, id=6172, stack(0x000000fe42c00000,0x000000fe42d00000) (1024K)]
  0x00000283690489e0 JavaThread "Signal Dispatcher"          daemon [_thread_blocked, id=23788, stack(0x000000fe42d00000,0x000000fe42e00000) (1024K)]
  0x000002836904b450 JavaThread "Attach Listener"            daemon [_thread_blocked, id=25268, stack(0x000000fe42e00000,0x000000fe42f00000) (1024K)]
  0x000002836904e2c0 JavaThread "Service Thread"             daemon [_thread_blocked, id=44776, stack(0x000000fe42f00000,0x000000fe43000000) (1024K)]
  0x000002836904ed20 JavaThread "Monitor Deflation Thread"   daemon [_thread_blocked, id=42216, stack(0x000000fe43000000,0x000000fe43100000) (1024K)]
  0x000002836904fab0 JavaThread "C2 CompilerThread0"         daemon [_thread_blocked, id=42420, stack(0x000000fe43100000,0x000000fe43200000) (1024K)]
  0x00000283690bb850 JavaThread "C1 CompilerThread0"         daemon [_thread_blocked, id=17108, stack(0x000000fe43200000,0x000000fe43300000) (1024K)]
  0x00000283692770a0 JavaThread "Common-Cleaner"             daemon [_thread_blocked, id=15604, stack(0x000000fe43300000,0x000000fe43400000) (1024K)]
  0x00000283692fd450 JavaThread "Notification Thread"        daemon [_thread_blocked, id=24588, stack(0x000000fe43400000,0x000000fe43500000) (1024K)]
  0x000002836ef52580 JavaThread "Daemon health stats"               [_thread_blocked, id=11192, stack(0x000000fe43900000,0x000000fe43a00000) (1024K)]
  0x000002836e32d410 JavaThread "Incoming local TCP Connector on port 58120"        [_thread_in_native, id=46212, stack(0x000000fe43a00000,0x000000fe43b00000) (1024K)]
  0x000002836e2ff1a0 JavaThread "Daemon periodic checks"            [_thread_blocked, id=46588, stack(0x000000fe43b00000,0x000000fe43c00000) (1024K)]
  0x0000028369b55d50 JavaThread "Daemon"                            [_thread_blocked, id=21316, stack(0x000000fe43c00000,0x000000fe43d00000) (1024K)]
  0x000002836e5192a0 JavaThread "Handler for socket connection from /127.0.0.1:58120 to /127.0.0.1:58122"        [_thread_in_native, id=43816, stack(0x000000fe43d00000,0x000000fe43e00000) (1024K)]
  0x000002836ef83b70 JavaThread "Cancel handler"                    [_thread_blocked, id=46136, stack(0x000000fe43e00000,0x000000fe43f00000) (1024K)]
=>0x000002836ef84f20 JavaThread "Daemon worker"                     [_thread_in_vm, id=34720, stack(0x000000fe43f00000,0x000000fe44000000) (1024K)]
  0x000002836ef84200 JavaThread "Asynchronous log dispatcher for DefaultDaemonConnection: socket connection from /127.0.0.1:58120 to /127.0.0.1:58122"        [_thread_blocked, id=45064, stack(0x000000fe44000000,0x000000fe44100000) (1024K)]
  0x000002836ef862d0 JavaThread "Stdin handler"                     [_thread_blocked, id=18448, stack(0x000000fe44100000,0x000000fe44200000) (1024K)]
  0x000002836ef84890 JavaThread "Daemon client event forwarder"        [_thread_blocked, id=24388, stack(0x000000fe44200000,0x000000fe44300000) (1024K)]
Total: 21

Other Threads:
  0x000002836901e560 VMThread "VM Thread"                           [id=45784, stack(0x000000fe42a00000,0x000000fe42b00000) (1024K)]
  0x0000028369010760 WatcherThread "VM Periodic Task Thread"        [id=31516, stack(0x000000fe42900000,0x000000fe42a00000) (1024K)]
  0x0000028351e4cb90 WorkerThread "GC Thread#0"                     [id=36652, stack(0x000000fe42400000,0x000000fe42500000) (1024K)]
  0x0000028369387b00 WorkerThread "GC Thread#1"                     [id=14908, stack(0x000000fe43500000,0x000000fe43600000) (1024K)]
  0x000002836939c200 WorkerThread "GC Thread#2"                     [id=42480, stack(0x000000fe43600000,0x000000fe43700000) (1024K)]
  0x000002836939c5b0 WorkerThread "GC Thread#3"                     [id=30788, stack(0x000000fe43700000,0x000000fe43800000) (1024K)]
  0x000002836939c960 WorkerThread "GC Thread#4"                     [id=25920, stack(0x000000fe43800000,0x000000fe43900000) (1024K)]
  0x0000028351e59990 ConcurrentGCThread "G1 Main Marker"            [id=46300, stack(0x000000fe42500000,0x000000fe42600000) (1024K)]
  0x0000028351e5a2b0 WorkerThread "G1 Conc#0"                       [id=42992, stack(0x000000fe42600000,0x000000fe42700000) (1024K)]
  0x0000028368ee52b0 ConcurrentGCThread "G1 Refine#0"               [id=41576, stack(0x000000fe42700000,0x000000fe42800000) (1024K)]
  0x0000028368ee5ae0 ConcurrentGCThread "G1 Service"                [id=17712, stack(0x000000fe42800000,0x000000fe42900000) (1024K)]
Total: 11

Threads with active compile tasks:
Total: 0

VM state: not at safepoint (normal execution)

VM Mutex/Monitor currently owned by a thread:  ([mutex/lock_event])
[0x00007ff9a9d8d530] Metaspace_lock - owner thread: 0x000002836ef84f20

Heap address: 0x00000000a0000000, size: 1536 MB, Compressed Oops mode: 32-bit

CDS archive(s) mapped at: [0x0000028300000000-0x0000028300ba0000-0x0000028300ba0000), size 12189696, SharedBaseAddress: 0x0000028300000000, ArchiveRelocationMode: 1.
Compressed class space mapped at: 0x0000028301000000-0x0000028341000000, reserved size: 1073741824
Narrow klass base: 0x0000028300000000, Narrow klass shift: 0, Narrow klass range: 0x100000000

GC Precious Log:
 CardTable entry size: 512
 Card Set container configuration: InlinePtr #cards 5 size 8 Array Of Cards #cards 12 size 40 Howl #buckets 4 coarsen threshold 1843 Howl Bitmap #cards 512 size 80 coarsen threshold 460 Card regions per heap region 1 cards per card region 2048
 CPUs: 12 total, 12 available
 Memory: 15754M
 Large Page Support: Disabled
 NUMA Support: Disabled
 Compressed Oops: Enabled (32-bit)
 Heap Region Size: 1M
 Heap Min Capacity: 8M
 Heap Initial Capacity: 248M
 Heap Max Capacity: 1536M
 Pre-touch: Disabled
 Parallel Workers: 10
 Concurrent Workers: 3
 Concurrent Refinement Workers: 10
 Periodic GC: Disabled

Heap:
 garbage-first heap   total 253952K, used 106878K [0x00000000a0000000, 0x0000000100000000)
  region size 1024K, 99 young (101376K), 5 survivors (5120K)
 Metaspace       used 13987K, committed 14336K, reserved 1114112K
  class space    used 1939K, committed 2112K, reserved 1048576K

Heap Regions: E=young(eden), S=young(survivor), O=old, HS=humongous(starts), HC=humongous(continues), CS=collection set, F=free, TAMS=top-at-mark-start, PB=parsable bottom
|   0|0x00000000a0000000, 0x00000000a0100000, 0x00000000a0100000|100%|HS|  |TAMS 0x00000000a0000000| PB 0x00000000a0000000| Complete 
|   1|0x00000000a0100000, 0x00000000a0200000, 0x00000000a0200000|100%|HC|  |TAMS 0x00000000a0100000| PB 0x00000000a0100000| Complete 
|   2|0x00000000a0200000, 0x00000000a0300000, 0x00000000a0300000|100%|HC|  |TAMS 0x00000000a0200000| PB 0x00000000a0200000| Complete 
|   3|0x00000000a0300000, 0x00000000a0400000, 0x00000000a0400000|100%| O|  |TAMS 0x00000000a0300000| PB 0x00000000a0300000| Untracked 
|   4|0x00000000a0400000, 0x00000000a0500000, 0x00000000a0500000|100%| O|  |TAMS 0x00000000a0400000| PB 0x00000000a0400000| Untracked 
|   5|0x00000000a0500000, 0x00000000a055fbd0, 0x00000000a0600000| 37%| O|  |TAMS 0x00000000a0500000| PB 0x00000000a0500000| Untracked 
|   6|0x00000000a0600000, 0x00000000a0700000, 0x00000000a0700000|100%|HS|  |TAMS 0x00000000a0600000| PB 0x00000000a0600000| Complete 
|   7|0x00000000a0700000, 0x00000000a0800000, 0x00000000a0800000|100%|HS|  |TAMS 0x00000000a0700000| PB 0x00000000a0700000| Complete 
|   8|0x00000000a0800000, 0x00000000a0800000, 0x00000000a0900000|  0%| F|  |TAMS 0x00000000a0800000| PB 0x00000000a0800000| Untracked 
|   9|0x00000000a0900000, 0x00000000a0900000, 0x00000000a0a00000|  0%| F|  |TAMS 0x00000000a0900000| PB 0x00000000a0900000| Untracked 
|  10|0x00000000a0a00000, 0x00000000a0a00000, 0x00000000a0b00000|  0%| F|  |TAMS 0x00000000a0a00000| PB 0x00000000a0a00000| Untracked 
|  11|0x00000000a0b00000, 0x00000000a0b00000, 0x00000000a0c00000|  0%| F|  |TAMS 0x00000000a0b00000| PB 0x00000000a0b00000| Untracked 
|  12|0x00000000a0c00000, 0x00000000a0c00000, 0x00000000a0d00000|  0%| F|  |TAMS 0x00000000a0c00000| PB 0x00000000a0c00000| Untracked 
|  13|0x00000000a0d00000, 0x00000000a0d00000, 0x00000000a0e00000|  0%| F|  |TAMS 0x00000000a0d00000| PB 0x00000000a0d00000| Untracked 
|  14|0x00000000a0e00000, 0x00000000a0e00000, 0x00000000a0f00000|  0%| F|  |TAMS 0x00000000a0e00000| PB 0x00000000a0e00000| Untracked 
|  15|0x00000000a0f00000, 0x00000000a0f00000, 0x00000000a1000000|  0%| F|  |TAMS 0x00000000a0f00000| PB 0x00000000a0f00000| Untracked 
|  16|0x00000000a1000000, 0x00000000a1000000, 0x00000000a1100000|  0%| F|  |TAMS 0x00000000a1000000| PB 0x00000000a1000000| Untracked 
|  17|0x00000000a1100000, 0x00000000a1100000, 0x00000000a1200000|  0%| F|  |TAMS 0x00000000a1100000| PB 0x00000000a1100000| Untracked 
|  18|0x00000000a1200000, 0x00000000a1200000, 0x00000000a1300000|  0%| F|  |TAMS 0x00000000a1200000| PB 0x00000000a1200000| Untracked 
|  19|0x00000000a1300000, 0x00000000a1300000, 0x00000000a1400000|  0%| F|  |TAMS 0x00000000a1300000| PB 0x00000000a1300000| Untracked 
|  20|0x00000000a1400000, 0x00000000a1400000, 0x00000000a1500000|  0%| F|  |TAMS 0x00000000a1400000| PB 0x00000000a1400000| Untracked 
|  21|0x00000000a1500000, 0x00000000a1500000, 0x00000000a1600000|  0%| F|  |TAMS 0x00000000a1500000| PB 0x00000000a1500000| Untracked 
|  22|0x00000000a1600000, 0x00000000a1600000, 0x00000000a1700000|  0%| F|  |TAMS 0x00000000a1600000| PB 0x00000000a1600000| Untracked 
|  23|0x00000000a1700000, 0x00000000a1700000, 0x00000000a1800000|  0%| F|  |TAMS 0x00000000a1700000| PB 0x00000000a1700000| Untracked 
|  24|0x00000000a1800000, 0x00000000a1800000, 0x00000000a1900000|  0%| F|  |TAMS 0x00000000a1800000| PB 0x00000000a1800000| Untracked 
|  25|0x00000000a1900000, 0x00000000a1900000, 0x00000000a1a00000|  0%| F|  |TAMS 0x00000000a1900000| PB 0x00000000a1900000| Untracked 
|  26|0x00000000a1a00000, 0x00000000a1a00000, 0x00000000a1b00000|  0%| F|  |TAMS 0x00000000a1a00000| PB 0x00000000a1a00000| Untracked 
|  27|0x00000000a1b00000, 0x00000000a1b00000, 0x00000000a1c00000|  0%| F|  |TAMS 0x00000000a1b00000| PB 0x00000000a1b00000| Untracked 
|  28|0x00000000a1c00000, 0x00000000a1c00000, 0x00000000a1d00000|  0%| F|  |TAMS 0x00000000a1c00000| PB 0x00000000a1c00000| Untracked 
|  29|0x00000000a1d00000, 0x00000000a1d00000, 0x00000000a1e00000|  0%| F|  |TAMS 0x00000000a1d00000| PB 0x00000000a1d00000| Untracked 
|  30|0x00000000a1e00000, 0x00000000a1e00000, 0x00000000a1f00000|  0%| F|  |TAMS 0x00000000a1e00000| PB 0x00000000a1e00000| Untracked 
|  31|0x00000000a1f00000, 0x00000000a1f00000, 0x00000000a2000000|  0%| F|  |TAMS 0x00000000a1f00000| PB 0x00000000a1f00000| Untracked 
|  32|0x00000000a2000000, 0x00000000a2000000, 0x00000000a2100000|  0%| F|  |TAMS 0x00000000a2000000| PB 0x00000000a2000000| Untracked 
|  33|0x00000000a2100000, 0x00000000a2100000, 0x00000000a2200000|  0%| F|  |TAMS 0x00000000a2100000| PB 0x00000000a2100000| Untracked 
|  34|0x00000000a2200000, 0x00000000a2200000, 0x00000000a2300000|  0%| F|  |TAMS 0x00000000a2200000| PB 0x00000000a2200000| Untracked 
|  35|0x00000000a2300000, 0x00000000a2300000, 0x00000000a2400000|  0%| F|  |TAMS 0x00000000a2300000| PB 0x00000000a2300000| Untracked 
|  36|0x00000000a2400000, 0x00000000a2400000, 0x00000000a2500000|  0%| F|  |TAMS 0x00000000a2400000| PB 0x00000000a2400000| Untracked 
|  37|0x00000000a2500000, 0x00000000a2500000, 0x00000000a2600000|  0%| F|  |TAMS 0x00000000a2500000| PB 0x00000000a2500000| Untracked 
|  38|0x00000000a2600000, 0x00000000a2600000, 0x00000000a2700000|  0%| F|  |TAMS 0x00000000a2600000| PB 0x00000000a2600000| Untracked 
|  39|0x00000000a2700000, 0x00000000a2700000, 0x00000000a2800000|  0%| F|  |TAMS 0x00000000a2700000| PB 0x00000000a2700000| Untracked 
|  40|0x00000000a2800000, 0x00000000a2800000, 0x00000000a2900000|  0%| F|  |TAMS 0x00000000a2800000| PB 0x00000000a2800000| Untracked 
|  41|0x00000000a2900000, 0x00000000a2900000, 0x00000000a2a00000|  0%| F|  |TAMS 0x00000000a2900000| PB 0x00000000a2900000| Untracked 
|  42|0x00000000a2a00000, 0x00000000a2a00000, 0x00000000a2b00000|  0%| F|  |TAMS 0x00000000a2a00000| PB 0x00000000a2a00000| Untracked 
|  43|0x00000000a2b00000, 0x00000000a2b00000, 0x00000000a2c00000|  0%| F|  |TAMS 0x00000000a2b00000| PB 0x00000000a2b00000| Untracked 
|  44|0x00000000a2c00000, 0x00000000a2c00000, 0x00000000a2d00000|  0%| F|  |TAMS 0x00000000a2c00000| PB 0x00000000a2c00000| Untracked 
|  45|0x00000000a2d00000, 0x00000000a2d00000, 0x00000000a2e00000|  0%| F|  |TAMS 0x00000000a2d00000| PB 0x00000000a2d00000| Untracked 
|  46|0x00000000a2e00000, 0x00000000a2e00000, 0x00000000a2f00000|  0%| F|  |TAMS 0x00000000a2e00000| PB 0x00000000a2e00000| Untracked 
|  47|0x00000000a2f00000, 0x00000000a2f00000, 0x00000000a3000000|  0%| F|  |TAMS 0x00000000a2f00000| PB 0x00000000a2f00000| Untracked 
|  48|0x00000000a3000000, 0x00000000a3000000, 0x00000000a3100000|  0%| F|  |TAMS 0x00000000a3000000| PB 0x00000000a3000000| Untracked 
|  49|0x00000000a3100000, 0x00000000a3100000, 0x00000000a3200000|  0%| F|  |TAMS 0x00000000a3100000| PB 0x00000000a3100000| Untracked 
|  50|0x00000000a3200000, 0x00000000a3200000, 0x00000000a3300000|  0%| F|  |TAMS 0x00000000a3200000| PB 0x00000000a3200000| Untracked 
|  51|0x00000000a3300000, 0x00000000a3300000, 0x00000000a3400000|  0%| F|  |TAMS 0x00000000a3300000| PB 0x00000000a3300000| Untracked 
|  52|0x00000000a3400000, 0x00000000a3400000, 0x00000000a3500000|  0%| F|  |TAMS 0x00000000a3400000| PB 0x00000000a3400000| Untracked 
|  53|0x00000000a3500000, 0x00000000a3500000, 0x00000000a3600000|  0%| F|  |TAMS 0x00000000a3500000| PB 0x00000000a3500000| Untracked 
|  54|0x00000000a3600000, 0x00000000a3600000, 0x00000000a3700000|  0%| F|  |TAMS 0x00000000a3600000| PB 0x00000000a3600000| Untracked 
|  55|0x00000000a3700000, 0x00000000a3700000, 0x00000000a3800000|  0%| F|  |TAMS 0x00000000a3700000| PB 0x00000000a3700000| Untracked 
|  56|0x00000000a3800000, 0x00000000a3800000, 0x00000000a3900000|  0%| F|  |TAMS 0x00000000a3800000| PB 0x00000000a3800000| Untracked 
|  57|0x00000000a3900000, 0x00000000a3900000, 0x00000000a3a00000|  0%| F|  |TAMS 0x00000000a3900000| PB 0x00000000a3900000| Untracked 
|  58|0x00000000a3a00000, 0x00000000a3a00000, 0x00000000a3b00000|  0%| F|  |TAMS 0x00000000a3a00000| PB 0x00000000a3a00000| Untracked 
|  59|0x00000000a3b00000, 0x00000000a3b00000, 0x00000000a3c00000|  0%| F|  |TAMS 0x00000000a3b00000| PB 0x00000000a3b00000| Untracked 
|  60|0x00000000a3c00000, 0x00000000a3c00000, 0x00000000a3d00000|  0%| F|  |TAMS 0x00000000a3c00000| PB 0x00000000a3c00000| Untracked 
|  61|0x00000000a3d00000, 0x00000000a3d00000, 0x00000000a3e00000|  0%| F|  |TAMS 0x00000000a3d00000| PB 0x00000000a3d00000| Untracked 
|  62|0x00000000a3e00000, 0x00000000a3e00000, 0x00000000a3f00000|  0%| F|  |TAMS 0x00000000a3e00000| PB 0x00000000a3e00000| Untracked 
|  63|0x00000000a3f00000, 0x00000000a3f00000, 0x00000000a4000000|  0%| F|  |TAMS 0x00000000a3f00000| PB 0x00000000a3f00000| Untracked 
|  64|0x00000000a4000000, 0x00000000a4000000, 0x00000000a4100000|  0%| F|  |TAMS 0x00000000a4000000| PB 0x00000000a4000000| Untracked 
|  65|0x00000000a4100000, 0x00000000a4100000, 0x00000000a4200000|  0%| F|  |TAMS 0x00000000a4100000| PB 0x00000000a4100000| Untracked 
|  66|0x00000000a4200000, 0x00000000a4200000, 0x00000000a4300000|  0%| F|  |TAMS 0x00000000a4200000| PB 0x00000000a4200000| Untracked 
|  67|0x00000000a4300000, 0x00000000a4300000, 0x00000000a4400000|  0%| F|  |TAMS 0x00000000a4300000| PB 0x00000000a4300000| Untracked 
|  68|0x00000000a4400000, 0x00000000a4400000, 0x00000000a4500000|  0%| F|  |TAMS 0x00000000a4400000| PB 0x00000000a4400000| Untracked 
|  69|0x00000000a4500000, 0x00000000a4500000, 0x00000000a4600000|  0%| F|  |TAMS 0x00000000a4500000| PB 0x00000000a4500000| Untracked 
|  70|0x00000000a4600000, 0x00000000a4600000, 0x00000000a4700000|  0%| F|  |TAMS 0x00000000a4600000| PB 0x00000000a4600000| Untracked 
|  71|0x00000000a4700000, 0x00000000a4700000, 0x00000000a4800000|  0%| F|  |TAMS 0x00000000a4700000| PB 0x00000000a4700000| Untracked 
|  72|0x00000000a4800000, 0x00000000a4800000, 0x00000000a4900000|  0%| F|  |TAMS 0x00000000a4800000| PB 0x00000000a4800000| Untracked 
|  73|0x00000000a4900000, 0x00000000a4900000, 0x00000000a4a00000|  0%| F|  |TAMS 0x00000000a4900000| PB 0x00000000a4900000| Untracked 
|  74|0x00000000a4a00000, 0x00000000a4a00000, 0x00000000a4b00000|  0%| F|  |TAMS 0x00000000a4a00000| PB 0x00000000a4a00000| Untracked 
|  75|0x00000000a4b00000, 0x00000000a4b00000, 0x00000000a4c00000|  0%| F|  |TAMS 0x00000000a4b00000| PB 0x00000000a4b00000| Untracked 
|  76|0x00000000a4c00000, 0x00000000a4c00000, 0x00000000a4d00000|  0%| F|  |TAMS 0x00000000a4c00000| PB 0x00000000a4c00000| Untracked 
|  77|0x00000000a4d00000, 0x00000000a4d00000, 0x00000000a4e00000|  0%| F|  |TAMS 0x00000000a4d00000| PB 0x00000000a4d00000| Untracked 
|  78|0x00000000a4e00000, 0x00000000a4e00000, 0x00000000a4f00000|  0%| F|  |TAMS 0x00000000a4e00000| PB 0x00000000a4e00000| Untracked 
|  79|0x00000000a4f00000, 0x00000000a4f00000, 0x00000000a5000000|  0%| F|  |TAMS 0x00000000a4f00000| PB 0x00000000a4f00000| Untracked 
|  80|0x00000000a5000000, 0x00000000a5000000, 0x00000000a5100000|  0%| F|  |TAMS 0x00000000a5000000| PB 0x00000000a5000000| Untracked 
|  81|0x00000000a5100000, 0x00000000a5100000, 0x00000000a5200000|  0%| F|  |TAMS 0x00000000a5100000| PB 0x00000000a5100000| Untracked 
|  82|0x00000000a5200000, 0x00000000a5200000, 0x00000000a5300000|  0%| F|  |TAMS 0x00000000a5200000| PB 0x00000000a5200000| Untracked 
|  83|0x00000000a5300000, 0x00000000a5300000, 0x00000000a5400000|  0%| F|  |TAMS 0x00000000a5300000| PB 0x00000000a5300000| Untracked 
|  84|0x00000000a5400000, 0x00000000a5400000, 0x00000000a5500000|  0%| F|  |TAMS 0x00000000a5400000| PB 0x00000000a5400000| Untracked 
|  85|0x00000000a5500000, 0x00000000a5500000, 0x00000000a5600000|  0%| F|  |TAMS 0x00000000a5500000| PB 0x00000000a5500000| Untracked 
|  86|0x00000000a5600000, 0x00000000a5600000, 0x00000000a5700000|  0%| F|  |TAMS 0x00000000a5600000| PB 0x00000000a5600000| Untracked 
|  87|0x00000000a5700000, 0x00000000a5700000, 0x00000000a5800000|  0%| F|  |TAMS 0x00000000a5700000| PB 0x00000000a5700000| Untracked 
|  88|0x00000000a5800000, 0x00000000a5800000, 0x00000000a5900000|  0%| F|  |TAMS 0x00000000a5800000| PB 0x00000000a5800000| Untracked 
|  89|0x00000000a5900000, 0x00000000a5900000, 0x00000000a5a00000|  0%| F|  |TAMS 0x00000000a5900000| PB 0x00000000a5900000| Untracked 
|  90|0x00000000a5a00000, 0x00000000a5a00000, 0x00000000a5b00000|  0%| F|  |TAMS 0x00000000a5a00000| PB 0x00000000a5a00000| Untracked 
|  91|0x00000000a5b00000, 0x00000000a5b00000, 0x00000000a5c00000|  0%| F|  |TAMS 0x00000000a5b00000| PB 0x00000000a5b00000| Untracked 
|  92|0x00000000a5c00000, 0x00000000a5c00000, 0x00000000a5d00000|  0%| F|  |TAMS 0x00000000a5c00000| PB 0x00000000a5c00000| Untracked 
|  93|0x00000000a5d00000, 0x00000000a5d00000, 0x00000000a5e00000|  0%| F|  |TAMS 0x00000000a5d00000| PB 0x00000000a5d00000| Untracked 
|  94|0x00000000a5e00000, 0x00000000a5e00000, 0x00000000a5f00000|  0%| F|  |TAMS 0x00000000a5e00000| PB 0x00000000a5e00000| Untracked 
|  95|0x00000000a5f00000, 0x00000000a5f00000, 0x00000000a6000000|  0%| F|  |TAMS 0x00000000a5f00000| PB 0x00000000a5f00000| Untracked 
|  96|0x00000000a6000000, 0x00000000a6000000, 0x00000000a6100000|  0%| F|  |TAMS 0x00000000a6000000| PB 0x00000000a6000000| Untracked 
|  97|0x00000000a6100000, 0x00000000a6100000, 0x00000000a6200000|  0%| F|  |TAMS 0x00000000a6100000| PB 0x00000000a6100000| Untracked 
|  98|0x00000000a6200000, 0x00000000a6200000, 0x00000000a6300000|  0%| F|  |TAMS 0x00000000a6200000| PB 0x00000000a6200000| Untracked 
|  99|0x00000000a6300000, 0x00000000a6300000, 0x00000000a6400000|  0%| F|  |TAMS 0x00000000a6300000| PB 0x00000000a6300000| Untracked 
| 100|0x00000000a6400000, 0x00000000a6400000, 0x00000000a6500000|  0%| F|  |TAMS 0x00000000a6400000| PB 0x00000000a6400000| Untracked 
| 101|0x00000000a6500000, 0x00000000a6500000, 0x00000000a6600000|  0%| F|  |TAMS 0x00000000a6500000| PB 0x00000000a6500000| Untracked 
| 102|0x00000000a6600000, 0x00000000a6600000, 0x00000000a6700000|  0%| F|  |TAMS 0x00000000a6600000| PB 0x00000000a6600000| Untracked 
| 103|0x00000000a6700000, 0x00000000a6700000, 0x00000000a6800000|  0%| F|  |TAMS 0x00000000a6700000| PB 0x00000000a6700000| Untracked 
| 104|0x00000000a6800000, 0x00000000a6800000, 0x00000000a6900000|  0%| F|  |TAMS 0x00000000a6800000| PB 0x00000000a6800000| Untracked 
| 105|0x00000000a6900000, 0x00000000a6900000, 0x00000000a6a00000|  0%| F|  |TAMS 0x00000000a6900000| PB 0x00000000a6900000| Untracked 
| 106|0x00000000a6a00000, 0x00000000a6a00000, 0x00000000a6b00000|  0%| F|  |TAMS 0x00000000a6a00000| PB 0x00000000a6a00000| Untracked 
| 107|0x00000000a6b00000, 0x00000000a6b00000, 0x00000000a6c00000|  0%| F|  |TAMS 0x00000000a6b00000| PB 0x00000000a6b00000| Untracked 
| 108|0x00000000a6c00000, 0x00000000a6c00000, 0x00000000a6d00000|  0%| F|  |TAMS 0x00000000a6c00000| PB 0x00000000a6c00000| Untracked 
| 109|0x00000000a6d00000, 0x00000000a6d00000, 0x00000000a6e00000|  0%| F|  |TAMS 0x00000000a6d00000| PB 0x00000000a6d00000| Untracked 
| 110|0x00000000a6e00000, 0x00000000a6e00000, 0x00000000a6f00000|  0%| F|  |TAMS 0x00000000a6e00000| PB 0x00000000a6e00000| Untracked 
| 111|0x00000000a6f00000, 0x00000000a6f00000, 0x00000000a7000000|  0%| F|  |TAMS 0x00000000a6f00000| PB 0x00000000a6f00000| Untracked 
| 112|0x00000000a7000000, 0x00000000a7000000, 0x00000000a7100000|  0%| F|  |TAMS 0x00000000a7000000| PB 0x00000000a7000000| Untracked 
| 113|0x00000000a7100000, 0x00000000a7100000, 0x00000000a7200000|  0%| F|  |TAMS 0x00000000a7100000| PB 0x00000000a7100000| Untracked 
| 114|0x00000000a7200000, 0x00000000a7200000, 0x00000000a7300000|  0%| F|  |TAMS 0x00000000a7200000| PB 0x00000000a7200000| Untracked 
| 115|0x00000000a7300000, 0x00000000a7300000, 0x00000000a7400000|  0%| F|  |TAMS 0x00000000a7300000| PB 0x00000000a7300000| Untracked 
| 116|0x00000000a7400000, 0x00000000a7400000, 0x00000000a7500000|  0%| F|  |TAMS 0x00000000a7400000| PB 0x00000000a7400000| Untracked 
| 117|0x00000000a7500000, 0x00000000a7500000, 0x00000000a7600000|  0%| F|  |TAMS 0x00000000a7500000| PB 0x00000000a7500000| Untracked 
| 118|0x00000000a7600000, 0x00000000a7600000, 0x00000000a7700000|  0%| F|  |TAMS 0x00000000a7600000| PB 0x00000000a7600000| Untracked 
| 119|0x00000000a7700000, 0x00000000a7700000, 0x00000000a7800000|  0%| F|  |TAMS 0x00000000a7700000| PB 0x00000000a7700000| Untracked 
| 120|0x00000000a7800000, 0x00000000a7800000, 0x00000000a7900000|  0%| F|  |TAMS 0x00000000a7800000| PB 0x00000000a7800000| Untracked 
| 121|0x00000000a7900000, 0x00000000a7900000, 0x00000000a7a00000|  0%| F|  |TAMS 0x00000000a7900000| PB 0x00000000a7900000| Untracked 
| 122|0x00000000a7a00000, 0x00000000a7a00000, 0x00000000a7b00000|  0%| F|  |TAMS 0x00000000a7a00000| PB 0x00000000a7a00000| Untracked 
| 123|0x00000000a7b00000, 0x00000000a7b00000, 0x00000000a7c00000|  0%| F|  |TAMS 0x00000000a7b00000| PB 0x00000000a7b00000| Untracked 
| 124|0x00000000a7c00000, 0x00000000a7c00000, 0x00000000a7d00000|  0%| F|  |TAMS 0x00000000a7c00000| PB 0x00000000a7c00000| Untracked 
| 125|0x00000000a7d00000, 0x00000000a7d00000, 0x00000000a7e00000|  0%| F|  |TAMS 0x00000000a7d00000| PB 0x00000000a7d00000| Untracked 
| 126|0x00000000a7e00000, 0x00000000a7e00000, 0x00000000a7f00000|  0%| F|  |TAMS 0x00000000a7e00000| PB 0x00000000a7e00000| Untracked 
| 127|0x00000000a7f00000, 0x00000000a7f00000, 0x00000000a8000000|  0%| F|  |TAMS 0x00000000a7f00000| PB 0x00000000a7f00000| Untracked 
| 128|0x00000000a8000000, 0x00000000a8000000, 0x00000000a8100000|  0%| F|  |TAMS 0x00000000a8000000| PB 0x00000000a8000000| Untracked 
| 129|0x00000000a8100000, 0x00000000a8100000, 0x00000000a8200000|  0%| F|  |TAMS 0x00000000a8100000| PB 0x00000000a8100000| Untracked 
| 130|0x00000000a8200000, 0x00000000a8200000, 0x00000000a8300000|  0%| F|  |TAMS 0x00000000a8200000| PB 0x00000000a8200000| Untracked 
| 131|0x00000000a8300000, 0x00000000a8300000, 0x00000000a8400000|  0%| F|  |TAMS 0x00000000a8300000| PB 0x00000000a8300000| Untracked 
| 132|0x00000000a8400000, 0x00000000a8400000, 0x00000000a8500000|  0%| F|  |TAMS 0x00000000a8400000| PB 0x00000000a8400000| Untracked 
| 133|0x00000000a8500000, 0x00000000a8500000, 0x00000000a8600000|  0%| F|  |TAMS 0x00000000a8500000| PB 0x00000000a8500000| Untracked 
| 134|0x00000000a8600000, 0x00000000a8600000, 0x00000000a8700000|  0%| F|  |TAMS 0x00000000a8600000| PB 0x00000000a8600000| Untracked 
| 135|0x00000000a8700000, 0x00000000a8700000, 0x00000000a8800000|  0%| F|  |TAMS 0x00000000a8700000| PB 0x00000000a8700000| Untracked 
| 136|0x00000000a8800000, 0x00000000a8800000, 0x00000000a8900000|  0%| F|  |TAMS 0x00000000a8800000| PB 0x00000000a8800000| Untracked 
| 137|0x00000000a8900000, 0x00000000a8900000, 0x00000000a8a00000|  0%| F|  |TAMS 0x00000000a8900000| PB 0x00000000a8900000| Untracked 
| 138|0x00000000a8a00000, 0x00000000a8a00000, 0x00000000a8b00000|  0%| F|  |TAMS 0x00000000a8a00000| PB 0x00000000a8a00000| Untracked 
| 139|0x00000000a8b00000, 0x00000000a8b00000, 0x00000000a8c00000|  0%| F|  |TAMS 0x00000000a8b00000| PB 0x00000000a8b00000| Untracked 
| 140|0x00000000a8c00000, 0x00000000a8c00000, 0x00000000a8d00000|  0%| F|  |TAMS 0x00000000a8c00000| PB 0x00000000a8c00000| Untracked 
| 141|0x00000000a8d00000, 0x00000000a8d00000, 0x00000000a8e00000|  0%| F|  |TAMS 0x00000000a8d00000| PB 0x00000000a8d00000| Untracked 
| 142|0x00000000a8e00000, 0x00000000a8e00000, 0x00000000a8f00000|  0%| F|  |TAMS 0x00000000a8e00000| PB 0x00000000a8e00000| Untracked 
| 143|0x00000000a8f00000, 0x00000000a8f00000, 0x00000000a9000000|  0%| F|  |TAMS 0x00000000a8f00000| PB 0x00000000a8f00000| Untracked 
| 144|0x00000000a9000000, 0x00000000a9000000, 0x00000000a9100000|  0%| F|  |TAMS 0x00000000a9000000| PB 0x00000000a9000000| Untracked 
| 145|0x00000000a9100000, 0x00000000a9100000, 0x00000000a9200000|  0%| F|  |TAMS 0x00000000a9100000| PB 0x00000000a9100000| Untracked 
| 146|0x00000000a9200000, 0x00000000a9200000, 0x00000000a9300000|  0%| F|  |TAMS 0x00000000a9200000| PB 0x00000000a9200000| Untracked 
| 147|0x00000000a9300000, 0x00000000a9300000, 0x00000000a9400000|  0%| F|  |TAMS 0x00000000a9300000| PB 0x00000000a9300000| Untracked 
| 148|0x00000000a9400000, 0x00000000a9400000, 0x00000000a9500000|  0%| F|  |TAMS 0x00000000a9400000| PB 0x00000000a9400000| Untracked 
| 149|0x00000000a9500000, 0x00000000a9580000, 0x00000000a9600000| 50%| E|  |TAMS 0x00000000a9500000| PB 0x00000000a9500000| Complete 
| 150|0x00000000a9600000, 0x00000000a9700000, 0x00000000a9700000|100%| E|CS|TAMS 0x00000000a9600000| PB 0x00000000a9600000| Complete 
| 151|0x00000000a9700000, 0x00000000a9800000, 0x00000000a9800000|100%| E|CS|TAMS 0x00000000a9700000| PB 0x00000000a9700000| Complete 
| 152|0x00000000a9800000, 0x00000000a9900000, 0x00000000a9900000|100%| E|CS|TAMS 0x00000000a9800000| PB 0x00000000a9800000| Complete 
| 153|0x00000000a9900000, 0x00000000a9a00000, 0x00000000a9a00000|100%| E|CS|TAMS 0x00000000a9900000| PB 0x00000000a9900000| Complete 
| 154|0x00000000a9a00000, 0x00000000a9b00000, 0x00000000a9b00000|100%| E|CS|TAMS 0x00000000a9a00000| PB 0x00000000a9a00000| Complete 
| 155|0x00000000a9b00000, 0x00000000a9c00000, 0x00000000a9c00000|100%| E|CS|TAMS 0x00000000a9b00000| PB 0x00000000a9b00000| Complete 
| 156|0x00000000a9c00000, 0x00000000a9d00000, 0x00000000a9d00000|100%| E|CS|TAMS 0x00000000a9c00000| PB 0x00000000a9c00000| Complete 
| 157|0x00000000a9d00000, 0x00000000a9e00000, 0x00000000a9e00000|100%| E|CS|TAMS 0x00000000a9d00000| PB 0x00000000a9d00000| Complete 
| 158|0x00000000a9e00000, 0x00000000a9f00000, 0x00000000a9f00000|100%| E|CS|TAMS 0x00000000a9e00000| PB 0x00000000a9e00000| Complete 
| 159|0x00000000a9f00000, 0x00000000aa000000, 0x00000000aa000000|100%| E|CS|TAMS 0x00000000a9f00000| PB 0x00000000a9f00000| Complete 
| 160|0x00000000aa000000, 0x00000000aa100000, 0x00000000aa100000|100%| E|CS|TAMS 0x00000000aa000000| PB 0x00000000aa000000| Complete 
| 161|0x00000000aa100000, 0x00000000aa200000, 0x00000000aa200000|100%| E|CS|TAMS 0x00000000aa100000| PB 0x00000000aa100000| Complete 
| 162|0x00000000aa200000, 0x00000000aa300000, 0x00000000aa300000|100%| E|CS|TAMS 0x00000000aa200000| PB 0x00000000aa200000| Complete 
| 163|0x00000000aa300000, 0x00000000aa400000, 0x00000000aa400000|100%| E|CS|TAMS 0x00000000aa300000| PB 0x00000000aa300000| Complete 
| 164|0x00000000aa400000, 0x00000000aa500000, 0x00000000aa500000|100%| E|CS|TAMS 0x00000000aa400000| PB 0x00000000aa400000| Complete 
| 165|0x00000000aa500000, 0x00000000aa600000, 0x00000000aa600000|100%| E|CS|TAMS 0x00000000aa500000| PB 0x00000000aa500000| Complete 
| 166|0x00000000aa600000, 0x00000000aa700000, 0x00000000aa700000|100%| E|CS|TAMS 0x00000000aa600000| PB 0x00000000aa600000| Complete 
| 167|0x00000000aa700000, 0x00000000aa800000, 0x00000000aa800000|100%| E|CS|TAMS 0x00000000aa700000| PB 0x00000000aa700000| Complete 
| 168|0x00000000aa800000, 0x00000000aa900000, 0x00000000aa900000|100%| E|CS|TAMS 0x00000000aa800000| PB 0x00000000aa800000| Complete 
| 169|0x00000000aa900000, 0x00000000aaa00000, 0x00000000aaa00000|100%| E|CS|TAMS 0x00000000aa900000| PB 0x00000000aa900000| Complete 
| 170|0x00000000aaa00000, 0x00000000aab00000, 0x00000000aab00000|100%| E|CS|TAMS 0x00000000aaa00000| PB 0x00000000aaa00000| Complete 
| 171|0x00000000aab00000, 0x00000000aac00000, 0x00000000aac00000|100%| E|CS|TAMS 0x00000000aab00000| PB 0x00000000aab00000| Complete 
| 172|0x00000000aac00000, 0x00000000aad00000, 0x00000000aad00000|100%| E|CS|TAMS 0x00000000aac00000| PB 0x00000000aac00000| Complete 
| 173|0x00000000aad00000, 0x00000000aae00000, 0x00000000aae00000|100%| E|CS|TAMS 0x00000000aad00000| PB 0x00000000aad00000| Complete 
| 174|0x00000000aae00000, 0x00000000aaf00000, 0x00000000aaf00000|100%| E|CS|TAMS 0x00000000aae00000| PB 0x00000000aae00000| Complete 
| 175|0x00000000aaf00000, 0x00000000ab000000, 0x00000000ab000000|100%| E|CS|TAMS 0x00000000aaf00000| PB 0x00000000aaf00000| Complete 
| 176|0x00000000ab000000, 0x00000000ab100000, 0x00000000ab100000|100%| E|CS|TAMS 0x00000000ab000000| PB 0x00000000ab000000| Complete 
| 177|0x00000000ab100000, 0x00000000ab200000, 0x00000000ab200000|100%| E|CS|TAMS 0x00000000ab100000| PB 0x00000000ab100000| Complete 
| 178|0x00000000ab200000, 0x00000000ab300000, 0x00000000ab300000|100%| E|CS|TAMS 0x00000000ab200000| PB 0x00000000ab200000| Complete 
| 179|0x00000000ab300000, 0x00000000ab400000, 0x00000000ab400000|100%| E|CS|TAMS 0x00000000ab300000| PB 0x00000000ab300000| Complete 
| 180|0x00000000ab400000, 0x00000000ab500000, 0x00000000ab500000|100%| E|CS|TAMS 0x00000000ab400000| PB 0x00000000ab400000| Complete 
| 181|0x00000000ab500000, 0x00000000ab600000, 0x00000000ab600000|100%| E|CS|TAMS 0x00000000ab500000| PB 0x00000000ab500000| Complete 
| 182|0x00000000ab600000, 0x00000000ab700000, 0x00000000ab700000|100%| E|CS|TAMS 0x00000000ab600000| PB 0x00000000ab600000| Complete 
| 183|0x00000000ab700000, 0x00000000ab800000, 0x00000000ab800000|100%| E|CS|TAMS 0x00000000ab700000| PB 0x00000000ab700000| Complete 
| 184|0x00000000ab800000, 0x00000000ab900000, 0x00000000ab900000|100%| E|CS|TAMS 0x00000000ab800000| PB 0x00000000ab800000| Complete 
| 185|0x00000000ab900000, 0x00000000aba00000, 0x00000000aba00000|100%| E|CS|TAMS 0x00000000ab900000| PB 0x00000000ab900000| Complete 
| 186|0x00000000aba00000, 0x00000000abb00000, 0x00000000abb00000|100%| E|CS|TAMS 0x00000000aba00000| PB 0x00000000aba00000| Complete 
| 187|0x00000000abb00000, 0x00000000abc00000, 0x00000000abc00000|100%| E|CS|TAMS 0x00000000abb00000| PB 0x00000000abb00000| Complete 
| 188|0x00000000abc00000, 0x00000000abd00000, 0x00000000abd00000|100%| E|CS|TAMS 0x00000000abc00000| PB 0x00000000abc00000| Complete 
| 189|0x00000000abd00000, 0x00000000abe00000, 0x00000000abe00000|100%| E|CS|TAMS 0x00000000abd00000| PB 0x00000000abd00000| Complete 
| 190|0x00000000abe00000, 0x00000000abf00000, 0x00000000abf00000|100%| E|CS|TAMS 0x00000000abe00000| PB 0x00000000abe00000| Complete 
| 191|0x00000000abf00000, 0x00000000ac000000, 0x00000000ac000000|100%| E|CS|TAMS 0x00000000abf00000| PB 0x00000000abf00000| Complete 
| 192|0x00000000ac000000, 0x00000000ac100000, 0x00000000ac100000|100%| E|CS|TAMS 0x00000000ac000000| PB 0x00000000ac000000| Complete 
| 193|0x00000000ac100000, 0x00000000ac200000, 0x00000000ac200000|100%| E|CS|TAMS 0x00000000ac100000| PB 0x00000000ac100000| Complete 
| 194|0x00000000ac200000, 0x00000000ac300000, 0x00000000ac300000|100%| E|CS|TAMS 0x00000000ac200000| PB 0x00000000ac200000| Complete 
| 195|0x00000000ac300000, 0x00000000ac400000, 0x00000000ac400000|100%| E|CS|TAMS 0x00000000ac300000| PB 0x00000000ac300000| Complete 
| 196|0x00000000ac400000, 0x00000000ac500000, 0x00000000ac500000|100%| E|CS|TAMS 0x00000000ac400000| PB 0x00000000ac400000| Complete 
| 197|0x00000000ac500000, 0x00000000ac600000, 0x00000000ac600000|100%| E|CS|TAMS 0x00000000ac500000| PB 0x00000000ac500000| Complete 
| 198|0x00000000ac600000, 0x00000000ac700000, 0x00000000ac700000|100%| E|CS|TAMS 0x00000000ac600000| PB 0x00000000ac600000| Complete 
| 199|0x00000000ac700000, 0x00000000ac800000, 0x00000000ac800000|100%| E|CS|TAMS 0x00000000ac700000| PB 0x00000000ac700000| Complete 
| 200|0x00000000ac800000, 0x00000000ac900000, 0x00000000ac900000|100%| E|CS|TAMS 0x00000000ac800000| PB 0x00000000ac800000| Complete 
| 201|0x00000000ac900000, 0x00000000aca00000, 0x00000000aca00000|100%| E|CS|TAMS 0x00000000ac900000| PB 0x00000000ac900000| Complete 
| 202|0x00000000aca00000, 0x00000000acb00000, 0x00000000acb00000|100%| E|CS|TAMS 0x00000000aca00000| PB 0x00000000aca00000| Complete 
| 203|0x00000000acb00000, 0x00000000acc00000, 0x00000000acc00000|100%| E|CS|TAMS 0x00000000acb00000| PB 0x00000000acb00000| Complete 
| 204|0x00000000acc00000, 0x00000000acd00000, 0x00000000acd00000|100%| E|CS|TAMS 0x00000000acc00000| PB 0x00000000acc00000| Complete 
| 205|0x00000000acd00000, 0x00000000ace00000, 0x00000000ace00000|100%| S|CS|TAMS 0x00000000acd00000| PB 0x00000000acd00000| Complete 
| 206|0x00000000ace00000, 0x00000000acf00000, 0x00000000acf00000|100%| S|CS|TAMS 0x00000000ace00000| PB 0x00000000ace00000| Complete 
| 207|0x00000000acf00000, 0x00000000ad000000, 0x00000000ad000000|100%| S|CS|TAMS 0x00000000acf00000| PB 0x00000000acf00000| Complete 
| 208|0x00000000ad000000, 0x00000000ad100000, 0x00000000ad100000|100%| S|CS|TAMS 0x00000000ad000000| PB 0x00000000ad000000| Complete 
| 209|0x00000000ad100000, 0x00000000ad200000, 0x00000000ad200000|100%| S|CS|TAMS 0x00000000ad100000| PB 0x00000000ad100000| Complete 
| 210|0x00000000ad200000, 0x00000000ad300000, 0x00000000ad300000|100%| E|CS|TAMS 0x00000000ad200000| PB 0x00000000ad200000| Complete 
| 211|0x00000000ad300000, 0x00000000ad400000, 0x00000000ad400000|100%| E|CS|TAMS 0x00000000ad300000| PB 0x00000000ad300000| Complete 
| 212|0x00000000ad400000, 0x00000000ad500000, 0x00000000ad500000|100%| E|CS|TAMS 0x00000000ad400000| PB 0x00000000ad400000| Complete 
| 213|0x00000000ad500000, 0x00000000ad600000, 0x00000000ad600000|100%| E|  |TAMS 0x00000000ad500000| PB 0x00000000ad500000| Complete 
| 214|0x00000000ad600000, 0x00000000ad700000, 0x00000000ad700000|100%| E|CS|TAMS 0x00000000ad600000| PB 0x00000000ad600000| Complete 
| 215|0x00000000ad700000, 0x00000000ad800000, 0x00000000ad800000|100%| E|CS|TAMS 0x00000000ad700000| PB 0x00000000ad700000| Complete 
| 216|0x00000000ad800000, 0x00000000ad900000, 0x00000000ad900000|100%| E|CS|TAMS 0x00000000ad800000| PB 0x00000000ad800000| Complete 
| 217|0x00000000ad900000, 0x00000000ada00000, 0x00000000ada00000|100%| E|CS|TAMS 0x00000000ad900000| PB 0x00000000ad900000| Complete 
| 218|0x00000000ada00000, 0x00000000adb00000, 0x00000000adb00000|100%| E|CS|TAMS 0x00000000ada00000| PB 0x00000000ada00000| Complete 
| 219|0x00000000adb00000, 0x00000000adc00000, 0x00000000adc00000|100%| E|CS|TAMS 0x00000000adb00000| PB 0x00000000adb00000| Complete 
| 220|0x00000000adc00000, 0x00000000add00000, 0x00000000add00000|100%| E|CS|TAMS 0x00000000adc00000| PB 0x00000000adc00000| Complete 
| 221|0x00000000add00000, 0x00000000ade00000, 0x00000000ade00000|100%| E|CS|TAMS 0x00000000add00000| PB 0x00000000add00000| Complete 
| 222|0x00000000ade00000, 0x00000000adf00000, 0x00000000adf00000|100%| E|CS|TAMS 0x00000000ade00000| PB 0x00000000ade00000| Complete 
| 223|0x00000000adf00000, 0x00000000ae000000, 0x00000000ae000000|100%| E|CS|TAMS 0x00000000adf00000| PB 0x00000000adf00000| Complete 
| 224|0x00000000ae000000, 0x00000000ae100000, 0x00000000ae100000|100%| E|CS|TAMS 0x00000000ae000000| PB 0x00000000ae000000| Complete 
| 225|0x00000000ae100000, 0x00000000ae200000, 0x00000000ae200000|100%| E|CS|TAMS 0x00000000ae100000| PB 0x00000000ae100000| Complete 
| 226|0x00000000ae200000, 0x00000000ae300000, 0x00000000ae300000|100%| E|CS|TAMS 0x00000000ae200000| PB 0x00000000ae200000| Complete 
| 227|0x00000000ae300000, 0x00000000ae400000, 0x00000000ae400000|100%| E|CS|TAMS 0x00000000ae300000| PB 0x00000000ae300000| Complete 
| 228|0x00000000ae400000, 0x00000000ae500000, 0x00000000ae500000|100%| E|CS|TAMS 0x00000000ae400000| PB 0x00000000ae400000| Complete 
| 229|0x00000000ae500000, 0x00000000ae600000, 0x00000000ae600000|100%| E|CS|TAMS 0x00000000ae500000| PB 0x00000000ae500000| Complete 
| 230|0x00000000ae600000, 0x00000000ae700000, 0x00000000ae700000|100%| E|CS|TAMS 0x00000000ae600000| PB 0x00000000ae600000| Complete 
| 231|0x00000000ae700000, 0x00000000ae800000, 0x00000000ae800000|100%| E|CS|TAMS 0x00000000ae700000| PB 0x00000000ae700000| Complete 
| 232|0x00000000ae800000, 0x00000000ae900000, 0x00000000ae900000|100%| E|CS|TAMS 0x00000000ae800000| PB 0x00000000ae800000| Complete 
| 233|0x00000000ae900000, 0x00000000aea00000, 0x00000000aea00000|100%| E|CS|TAMS 0x00000000ae900000| PB 0x00000000ae900000| Complete 
| 234|0x00000000aea00000, 0x00000000aeb00000, 0x00000000aeb00000|100%| E|CS|TAMS 0x00000000aea00000| PB 0x00000000aea00000| Complete 
| 235|0x00000000aeb00000, 0x00000000aec00000, 0x00000000aec00000|100%| E|CS|TAMS 0x00000000aeb00000| PB 0x00000000aeb00000| Complete 
| 236|0x00000000aec00000, 0x00000000aed00000, 0x00000000aed00000|100%| E|CS|TAMS 0x00000000aec00000| PB 0x00000000aec00000| Complete 
| 237|0x00000000aed00000, 0x00000000aee00000, 0x00000000aee00000|100%| E|CS|TAMS 0x00000000aed00000| PB 0x00000000aed00000| Complete 
| 238|0x00000000aee00000, 0x00000000aef00000, 0x00000000aef00000|100%| E|CS|TAMS 0x00000000aee00000| PB 0x00000000aee00000| Complete 
| 239|0x00000000aef00000, 0x00000000af000000, 0x00000000af000000|100%| E|CS|TAMS 0x00000000aef00000| PB 0x00000000aef00000| Complete 
| 240|0x00000000af000000, 0x00000000af100000, 0x00000000af100000|100%| E|CS|TAMS 0x00000000af000000| PB 0x00000000af000000| Complete 
| 241|0x00000000af100000, 0x00000000af200000, 0x00000000af200000|100%| E|CS|TAMS 0x00000000af100000| PB 0x00000000af100000| Complete 
| 242|0x00000000af200000, 0x00000000af300000, 0x00000000af300000|100%| E|CS|TAMS 0x00000000af200000| PB 0x00000000af200000| Complete 
| 243|0x00000000af300000, 0x00000000af400000, 0x00000000af400000|100%| E|CS|TAMS 0x00000000af300000| PB 0x00000000af300000| Complete 
| 244|0x00000000af400000, 0x00000000af500000, 0x00000000af500000|100%| E|CS|TAMS 0x00000000af400000| PB 0x00000000af400000| Complete 
| 245|0x00000000af500000, 0x00000000af600000, 0x00000000af600000|100%| E|CS|TAMS 0x00000000af500000| PB 0x00000000af500000| Complete 
| 246|0x00000000af600000, 0x00000000af700000, 0x00000000af700000|100%| E|CS|TAMS 0x00000000af600000| PB 0x00000000af600000| Complete 
| 247|0x00000000af700000, 0x00000000af800000, 0x00000000af800000|100%| E|CS|TAMS 0x00000000af700000| PB 0x00000000af700000| Complete 

Card table byte_map: [0x0000028364850000,0x0000028364b50000] _byte_map_base: 0x0000028364350000

Marking Bits: (CMBitMap*) 0x0000028351e4d0b0
 Bits: [0x0000028364b50000, 0x0000028366350000)

Polling page: 0x000002834fbe0000

Metaspace:

Usage:
  Non-class:     11.77 MB used.
      Class:      1.89 MB used.
       Both:     13.66 MB used.

Virtual space:
  Non-class space:       64.00 MB reserved,      11.94 MB ( 19%) committed,  1 nodes.
      Class space:        1.00 GB reserved,       2.06 MB ( <1%) committed,  1 nodes.
             Both:        1.06 GB reserved,      14.00 MB (  1%) committed. 

Chunk freelists:
   Non-Class:  3.67 MB
       Class:  13.94 MB
        Both:  17.61 MB

MaxMetaspaceSize: unlimited
CompressedClassSpaceSize: 1.00 GB
Initial GC threshold: 21.00 MB
Current GC threshold: 21.00 MB
CDS: on
 - commit_granule_bytes: 65536.
 - commit_granule_words: 8192.
 - virtual_space_node_default_size: 8388608.
 - enlarge_chunks_in_place: 1.
 - use_allocation_guard: 0.


Internal statistics:

num_allocs_failed_limit: 0.
num_arena_births: 458.
num_arena_deaths: 0.
num_vsnodes_births: 2.
num_vsnodes_deaths: 0.
num_space_committed: 224.
num_space_uncommitted: 0.
num_chunks_returned_to_freelist: 0.
num_chunks_taken_from_freelist: 907.
num_chunk_merges: 0.
num_chunk_splits: 589.
num_chunks_enlarged: 415.
num_inconsistent_stats: 0.

CodeHeap 'non-profiled nmethods': size=120000Kb used=1350Kb max_used=1350Kb free=118649Kb
 bounds [0x000002835cad0000, 0x000002835cd40000, 0x0000028364000000]
CodeHeap 'profiled nmethods': size=120000Kb used=5464Kb max_used=5464Kb free=114535Kb
 bounds [0x0000028355000000, 0x0000028355560000, 0x000002835c530000]
CodeHeap 'non-nmethods': size=5760Kb used=1389Kb max_used=1412Kb free=4370Kb
 bounds [0x000002835c530000, 0x000002835c7a0000, 0x000002835cad0000]
CodeCache: size=245760Kb, used=8203Kb, max_used=8226Kb, free=237554Kb
 total_blobs=3311, nmethods=2762, adapters=453, full_count=0
Compilation: enabled, stopped_count=0, restarted_count=0

Compilation events (20 events):
Event: 30.279 Thread 0x00000283690bb850 2753       3       java.lang.Package::<init> (47 bytes)
Event: 30.280 Thread 0x00000283690bb850 nmethod 2753 0x000002835554de10 code [0x000002835554e000, 0x000002835554e458]
Event: 30.280 Thread 0x00000283690bb850 2751       3       org.gradle.internal.service.DefaultServiceRegistry::access$2700 (6 bytes)
Event: 30.280 Thread 0x00000283690bb850 nmethod 2751 0x000002835554e690 code [0x000002835554e840, 0x000002835554e958]
Event: 30.281 Thread 0x00000283690bb850 2754   !   3       org.gradle.internal.service.DefaultServiceRegistry$SingletonService::prepare (111 bytes)
Event: 30.282 Thread 0x00000283690bb850 nmethod 2754 0x000002835554ea10 code [0x000002835554ecc0, 0x000002835554f850]
Event: 30.282 Thread 0x000002836904fab0 nmethod 2749 0x000002835cc1be10 code [0x000002835cc1bfe0, 0x000002835cc1c5a0]
Event: 30.282 Thread 0x00000283690bb850 2755       3       org.gradle.internal.service.DefaultServiceRegistry$SingletonService::get (5 bytes)
Event: 30.283 Thread 0x00000283690bb850 nmethod 2755 0x000002835554fd90 code [0x000002835554ff40, 0x0000028355550078]
Event: 30.508 Thread 0x000002836904fab0 2756 % !   4       sun.net.www.ParseUtil::decode @ 70 (349 bytes)
Event: 30.524 Thread 0x00000283690bb850 2758       3       jdk.internal.org.objectweb.asm.MethodWriter::putFrame (549 bytes)
Event: 30.527 Thread 0x00000283690bb850 nmethod 2758 0x0000028355550110 code [0x00000283555505a0, 0x0000028355552000]
Event: 30.527 Thread 0x00000283690bb850 2759       3       sun.reflect.annotation.AnnotationInvocationHandler::<init> (71 bytes)
Event: 30.528 Thread 0x00000283690bb850 nmethod 2759 0x0000028355552c10 code [0x0000028355552ea0, 0x0000028355553898]
Event: 30.528 Thread 0x00000283690bb850 2761       3       sun.reflect.annotation.AnnotationInvocationHandler::cloneArray (143 bytes)
Event: 30.529 Thread 0x00000283690bb850 nmethod 2761 0x0000028355553c90 code [0x0000028355553fa0, 0x0000028355555380]
Event: 30.529 Thread 0x00000283690bb850 2760       3       java.lang.reflect.Executable::getGenericParameterTypes (20 bytes)
Event: 30.530 Thread 0x00000283690bb850 nmethod 2760 0x0000028355555690 code [0x00000283555558a0, 0x0000028355555fe0]
Event: 30.557 Thread 0x00000283690bb850 2763       1       java.lang.reflect.AccessibleObject::isAccessible (5 bytes)
Event: 30.557 Thread 0x00000283690bb850 nmethod 2763 0x000002835cc1d390 code [0x000002835cc1d520, 0x000002835cc1d5f0]

GC Heap History (4 events):
Event: 6.576 GC heap before
{Heap before GC invocations=0 (full 0):
 garbage-first heap   total 253952K, used 23552K [0x00000000a0000000, 0x0000000100000000)
  region size 1024K, 23 young (23552K), 0 survivors (0K)
 Metaspace       used 901K, committed 1024K, reserved 1114112K
  class space    used 72K, committed 128K, reserved 1048576K
}
Event: 6.643 GC heap after
{Heap after GC invocations=1 (full 0):
 garbage-first heap   total 253952K, used 1600K [0x00000000a0000000, 0x0000000100000000)
  region size 1024K, 2 young (2048K), 2 survivors (2048K)
 Metaspace       used 901K, committed 1024K, reserved 1114112K
  class space    used 72K, committed 128K, reserved 1048576K
}
Event: 15.790 GC heap before
{Heap before GC invocations=1 (full 0):
 garbage-first heap   total 253952K, used 40512K [0x00000000a0000000, 0x0000000100000000)
  region size 1024K, 38 young (38912K), 2 survivors (2048K)
 Metaspace       used 4431K, committed 4608K, reserved 1114112K
  class space    used 559K, committed 640K, reserved 1048576K
}
Event: 15.797 GC heap after
{Heap after GC invocations=2 (full 0):
 garbage-first heap   total 253952K, used 10622K [0x00000000a0000000, 0x0000000100000000)
  region size 1024K, 5 young (5120K), 5 survivors (5120K)
 Metaspace       used 4431K, committed 4608K, reserved 1114112K
  class space    used 559K, committed 640K, reserved 1048576K
}

Dll operation events (20 events):
Event: 1.141 Attempting to load shared library C:\Users\Lucas Hernandez\.vscode\extensions\redhat.java-1.56.0-win32-x64\jre\21.0.12.1-win32-x86_64\bin\nio.dll
Event: 1.148 Loaded shared library C:\Users\Lucas Hernandez\.vscode\extensions\redhat.java-1.56.0-win32-x64\jre\21.0.12.1-win32-x86_64\bin\nio.dll
Event: 1.180 Attempting to load shared library C:\Users\Lucas Hernandez\.vscode\extensions\redhat.java-1.56.0-win32-x64\jre\21.0.12.1-win32-x86_64\bin\zip.dll
Event: 1.180 Loaded shared library C:\Users\Lucas Hernandez\.vscode\extensions\redhat.java-1.56.0-win32-x64\jre\21.0.12.1-win32-x86_64\bin\zip.dll
Event: 6.699 Attempting to load shared library C:\Users\Lucas Hernandez\.vscode\extensions\redhat.java-1.56.0-win32-x64\jre\21.0.12.1-win32-x86_64\bin\jimage.dll
Event: 6.699 Loaded shared library C:\Users\Lucas Hernandez\.vscode\extensions\redhat.java-1.56.0-win32-x64\jre\21.0.12.1-win32-x86_64\bin\jimage.dll
Event: 10.332 Attempting to load shared library C:\Users\Lucas Hernandez\.vscode\extensions\redhat.java-1.56.0-win32-x64\jre\21.0.12.1-win32-x86_64\bin\verify.dll
Event: 10.335 Loaded shared library C:\Users\Lucas Hernandez\.vscode\extensions\redhat.java-1.56.0-win32-x64\jre\21.0.12.1-win32-x86_64\bin\verify.dll
Event: 11.073 Attempting to load shared library C:\Users\Lucas Hernandez\.gradle\native\1def1411415f61bf3af743bc5b6707747c0891f09f0c88961ee8f79bc544acac\windows-amd64\native-platform.dll
Event: 11.082 Loaded shared library C:\Users\Lucas Hernandez\.gradle\native\1def1411415f61bf3af743bc5b6707747c0891f09f0c88961ee8f79bc544acac\windows-amd64\native-platform.dll
Event: 11.200 Attempting to load shared library C:\Users\Lucas Hernandez\.gradle\native\0.2.7\x86_64-windows-gnu\gradle-fileevents.dll
Event: 11.230 Loaded shared library C:\Users\Lucas Hernandez\.gradle\native\0.2.7\x86_64-windows-gnu\gradle-fileevents.dll
Event: 20.537 Attempting to load shared library C:\Users\Lucas Hernandez\.vscode\extensions\redhat.java-1.56.0-win32-x64\jre\21.0.12.1-win32-x86_64\bin\management.dll
Event: 20.538 Loaded shared library C:\Users\Lucas Hernandez\.vscode\extensions\redhat.java-1.56.0-win32-x64\jre\21.0.12.1-win32-x86_64\bin\management.dll
Event: 20.542 Attempting to load shared library C:\Users\Lucas Hernandez\.vscode\extensions\redhat.java-1.56.0-win32-x64\jre\21.0.12.1-win32-x86_64\bin\management_ext.dll
Event: 20.548 Loaded shared library C:\Users\Lucas Hernandez\.vscode\extensions\redhat.java-1.56.0-win32-x64\jre\21.0.12.1-win32-x86_64\bin\management_ext.dll
Event: 21.932 Attempting to load shared library C:\Users\Lucas Hernandez\.vscode\extensions\redhat.java-1.56.0-win32-x64\jre\21.0.12.1-win32-x86_64\bin\extnet.dll
Event: 21.934 Loaded shared library C:\Users\Lucas Hernandez\.vscode\extensions\redhat.java-1.56.0-win32-x64\jre\21.0.12.1-win32-x86_64\bin\extnet.dll
Event: 25.598 Attempting to load shared library C:\Users\Lucas Hernandez\.vscode\extensions\redhat.java-1.56.0-win32-x64\jre\21.0.12.1-win32-x86_64\bin\sunmscapi.dll
Event: 25.606 Loaded shared library C:\Users\Lucas Hernandez\.vscode\extensions\redhat.java-1.56.0-win32-x64\jre\21.0.12.1-win32-x86_64\bin\sunmscapi.dll

Deoptimization events (20 events):
Event: 26.583 Thread 0x000002836ef84f20 Uncommon trap: trap_request=0xffffffc6 fr.pc=0x000002835cbe46c0 relative=0x0000000000000480
Event: 26.583 Thread 0x000002836ef84f20 Uncommon trap: reason=bimorphic_or_optimized_type_check action=maybe_recompile pc=0x000002835cbe46c0 method=java.util.HashMap.putVal(ILjava/lang/Object;Ljava/lang/Object;ZZ)Ljava/lang/Object; @ 253 c2
Event: 26.583 Thread 0x000002836ef84f20 DEOPT PACKING pc=0x000002835cbe46c0 sp=0x000000fe43ffefc0
Event: 26.583 Thread 0x000002836ef84f20 DEOPT UNPACKING pc=0x000002835c584422 sp=0x000000fe43ffef50 mode 2
Event: 27.640 Thread 0x000002836ef84f20 Uncommon trap: trap_request=0xffffffcc fr.pc=0x000002835cc042fc relative=0x000000000000033c
Event: 27.640 Thread 0x000002836ef84f20 Uncommon trap: reason=intrinsic_or_type_checked_inlining action=make_not_entrant pc=0x000002835cc042fc method=java.util.Arrays.copyOf([Ljava/lang/Object;ILjava/lang/Class;)[Ljava/lang/Object; @ 35 c2
Event: 27.640 Thread 0x000002836ef84f20 DEOPT PACKING pc=0x000002835cc042fc sp=0x000000fe43ffd160
Event: 27.640 Thread 0x000002836ef84f20 DEOPT UNPACKING pc=0x000002835c584422 sp=0x000000fe43ffd0f0 mode 2
Event: 27.940 Thread 0x000002836ef84f20 Uncommon trap: trap_request=0xffffff45 fr.pc=0x000002835cbe5850 relative=0x0000000000000470
Event: 27.940 Thread 0x000002836ef84f20 Uncommon trap: reason=unstable_if action=reinterpret pc=0x000002835cbe5850 method=java.util.HashMap.getNode(Ljava/lang/Object;)Ljava/util/HashMap$Node; @ 66 c2
Event: 27.940 Thread 0x000002836ef84f20 DEOPT PACKING pc=0x000002835cbe5850 sp=0x000000fe43ffc730
Event: 27.940 Thread 0x000002836ef84f20 DEOPT UNPACKING pc=0x000002835c584422 sp=0x000000fe43ffc650 mode 2
Event: 27.940 Thread 0x000002836ef84f20 Uncommon trap: trap_request=0xffffff45 fr.pc=0x000002835cbf1158 relative=0x00000000000003f8
Event: 27.940 Thread 0x000002836ef84f20 Uncommon trap: reason=unstable_if action=reinterpret pc=0x000002835cbf1158 method=java.util.HashMap.getNode(Ljava/lang/Object;)Ljava/util/HashMap$Node; @ 66 c2
Event: 27.940 Thread 0x000002836ef84f20 DEOPT PACKING pc=0x000002835cbf1158 sp=0x000000fe43ffc6d0
Event: 27.940 Thread 0x000002836ef84f20 DEOPT UNPACKING pc=0x000002835c584422 sp=0x000000fe43ffc650 mode 2
Event: 28.035 Thread 0x000002836ef84f20 Uncommon trap: trap_request=0xffffff45 fr.pc=0x000002835cb74130 relative=0x0000000000000270
Event: 28.035 Thread 0x000002836ef84f20 Uncommon trap: reason=unstable_if action=reinterpret pc=0x000002835cb74130 method=java.util.concurrent.ConcurrentHashMap.get(Ljava/lang/Object;)Ljava/lang/Object; @ 76 c2
Event: 28.035 Thread 0x000002836ef84f20 DEOPT PACKING pc=0x000002835cb74130 sp=0x000000fe43ffbc90
Event: 28.035 Thread 0x000002836ef84f20 DEOPT UNPACKING pc=0x000002835c584422 sp=0x000000fe43ffbc08 mode 2

Classes loaded (20 events):
Event: 28.034 Loading class jdk/internal/vm/annotation/IntrinsicCandidate
Event: 28.034 Loading class jdk/internal/vm/annotation/IntrinsicCandidate done
Event: 28.043 Loading class java/util/stream/MatchOps$MatchKind
Event: 28.044 Loading class java/util/stream/MatchOps$MatchKind done
Event: 28.044 Loading class java/util/stream/MatchOps
Event: 28.052 Loading class java/util/stream/MatchOps done
Event: 28.053 Loading class java/util/stream/MatchOps$MatchOp
Event: 28.053 Loading class java/util/stream/MatchOps$MatchOp done
Event: 28.053 Loading class java/util/stream/MatchOps$BooleanTerminalSink
Event: 28.053 Loading class java/util/stream/MatchOps$BooleanTerminalSink done
Event: 28.054 Loading class java/util/stream/MatchOps$1MatchSink
Event: 28.054 Loading class java/util/stream/MatchOps$1MatchSink done
Event: 28.163 Loading class java/lang/TypeNotPresentException
Event: 28.164 Loading class java/lang/TypeNotPresentException done
Event: 28.581 Loading class java/util/ConcurrentModificationException
Event: 28.582 Loading class java/util/ConcurrentModificationException done
Event: 28.831 Loading class jdk/internal/org/objectweb/asm/ClassReader
Event: 28.832 Loading class jdk/internal/org/objectweb/asm/ClassReader done
Event: 28.944 Loading class sun/reflect/generics/scope/ConstructorScope
Event: 28.944 Loading class sun/reflect/generics/scope/ConstructorScope done

Classes unloaded (0 events):
No events

Classes redefined (0 events):
No events

Internal exceptions (20 events):
Event: 20.673 Thread 0x000002834f90c0f0 Exception <a 'java/lang/NoSuchMethodError'{0x00000000ab817e80}: 'java.lang.Object java.lang.invoke.DirectMethodHandle$Holder.invokeStatic(java.lang.Object, java.lang.Object, java.lang.Object, java.lang.Object, java.lang.Object, java.lang.Object, java.lang.Object, java.lang.Object, java.lang.Object, java.lang.Object, java.lang.Object, java.lang.Object, java.lang.Object)'> (0x00000000ab817e80) 
thrown [s\src\hotspot\share\interpreter\linkResolver.cpp, line 773]
Event: 20.676 Thread 0x000002834f90c0f0 Exception <a 'java/lang/NoSuchMethodError'{0x00000000ab837488}: 'java.lang.Object java.lang.invoke.DirectMethodHandle$Holder.invokeStatic(java.lang.Object, java.lang.Object, java.lang.Object, java.lang.Object, java.lang.Object, java.lang.Object, java.lang.Object, java.lang.Object, java.lang.Object, java.lang.Object, java.lang.Object, java.lang.Object, java.lang.Object, java.lang.Object)'> (0x00000000ab837488) 
thrown [s\src\hotspot\share\interpreter\linkResolver.cpp, line 773]
Event: 20.682 Thread 0x000002834f90c0f0 Exception <a 'java/lang/NoSuchMethodError'{0x00000000ab857a20}: 'java.lang.Object java.lang.invoke.DirectMethodHandle$Holder.invokeStatic(java.lang.Object, java.lang.Object, java.lang.Object, java.lang.Object, java.lang.Object, java.lang.Object, java.lang.Object, java.lang.Object, java.lang.Object, java.lang.Object, java.lang.Object, java.lang.Object, java.lang.Object, java.lang.Object, java.lang.Object)'> (0x00000000ab857a20) 
thrown [s\src\hotspot\share\interpreter\linkResolver.cpp, line 773]
Event: 20.686 Thread 0x000002834f90c0f0 Exception <a 'java/lang/NoSuchMethodError'{0x00000000ab87a5f0}: 'java.lang.Object java.lang.invoke.DirectMethodHandle$Holder.invokeStatic(java.lang.Object, java.lang.Object, java.lang.Object, java.lang.Object, java.lang.Object, java.lang.Object, java.lang.Object, java.lang.Object, java.lang.Object, java.lang.Object, java.lang.Object, java.lang.Object, java.lang.Object, java.lang.Object, java.lang.Object, java.lang.Object)'> (0x00000000ab87a5f0) 
thrown [s\src\hotspot\share\interpreter\linkResolver.cpp, lin
Event: 22.036 Thread 0x000002834f90c0f0 Exception <a 'java/lang/NoSuchMethodError'{0x00000000ab5f94d8}: 'java.lang.Object java.lang.invoke.DirectMethodHandle$Holder.invokeVirtual(java.lang.Object, java.lang.Object, java.lang.Object, java.lang.Object, java.lang.Object, java.lang.Object, java.lang.Object)'> (0x00000000ab5f94d8) 
thrown [s\src\hotspot\share\interpreter\linkResolver.cpp, line 773]
Event: 22.157 Thread 0x000002834f90c0f0 Exception <a 'java/lang/NoSuchMethodError'{0x00000000ab48c558}: 'java.lang.Object java.lang.invoke.DirectMethodHandle$Holder.invokeVirtual(java.lang.Object, java.lang.Object, java.lang.Object, java.lang.Object, java.lang.Object, java.lang.Object, java.lang.Object, java.lang.Object, java.lang.Object)'> (0x00000000ab48c558) 
thrown [s\src\hotspot\share\interpreter\linkResolver.cpp, line 773]
Event: 22.457 Thread 0x000002834f90c0f0 Exception <a 'java/lang/NoSuchMethodError'{0x00000000ab228760}: 'java.lang.Object java.lang.invoke.DirectMethodHandle$Holder.invokeStaticInit(java.lang.Object, int, int, int, int)'> (0x00000000ab228760) 
thrown [s\src\hotspot\share\interpreter\linkResolver.cpp, line 773]
Event: 22.877 Thread 0x000002834f90c0f0 Exception <a 'java/lang/NoSuchMethodError'{0x00000000ab274c68}: 'java.lang.Object java.lang.invoke.DirectMethodHandle$Holder.invokeStaticInit(java.lang.Object, java.lang.Object, int, int, int, int)'> (0x00000000ab274c68) 
thrown [s\src\hotspot\share\interpreter\linkResolver.cpp, line 773]
Event: 24.239 Thread 0x000002834f90c0f0 Exception <a 'java/io/IOException'{0x00000000aaf91a98}> (0x00000000aaf91a98) 
thrown [s\src\hotspot\share\prims\jni.cpp, line 520]
Event: 24.459 Thread 0x000002834f90c0f0 Implicit null exception at 0x000002835cb2f2a4 to 0x000002835cb2f8fc
Event: 24.532 Thread 0x000002834f90c0f0 Exception <a 'java/lang/NoSuchMethodError'{0x00000000aae05758}: 'java.lang.Object java.lang.invoke.DirectMethodHandle$Holder.newInvokeSpecial(java.lang.Object, java.lang.Object, java.lang.Object, java.lang.Object, java.lang.Object)'> (0x00000000aae05758) 
thrown [s\src\hotspot\share\interpreter\linkResolver.cpp, line 773]
Event: 26.546 Thread 0x0000028369b55d50 Exception <a 'java/lang/NoSuchMethodError'{0x00000000aab7d218}: 'void java.lang.invoke.DirectMethodHandle$Holder.invokeSpecial(java.lang.Object, java.lang.Object, java.lang.Object)'> (0x00000000aab7d218) 
thrown [s\src\hotspot\share\interpreter\linkResolver.cpp, line 773]
Event: 27.138 Thread 0x000002836ef84f20 Exception <a 'java/lang/NoSuchMethodError'{0x00000000aa33ab20}: 'long java.lang.invoke.DirectMethodHandle$Holder.invokeInterface(java.lang.Object, java.lang.Object)'> (0x00000000aa33ab20) 
thrown [s\src\hotspot\share\interpreter\linkResolver.cpp, line 773]
Event: 27.602 Thread 0x000002836ef84f20 Exception <a 'java/lang/NoSuchMethodError'{0x00000000a9f72648}: 'void java.lang.invoke.DirectMethodHandle$Holder.invokeStatic(java.lang.Object, java.lang.Object)'> (0x00000000a9f72648) 
thrown [s\src\hotspot\share\interpreter\linkResolver.cpp, line 773]
Event: 27.625 Thread 0x000002836ef84f20 Exception <a 'java/lang/NoSuchMethodError'{0x00000000a9fb48e0}: 'java.lang.Object java.lang.invoke.DirectMethodHandle$Holder.invokeVirtual(java.lang.Object, java.lang.Object, java.lang.Object, java.lang.Object, java.lang.Object, java.lang.Object, java.lang.Object, java.lang.Object, java.lang.Object, java.lang.Object, java.lang.Object, java.lang.Object)'> (0x00000000a9fb48e0) 
thrown [s\src\hotspot\share\interpreter\linkResolver.cpp, line 773]
Event: 27.627 Thread 0x000002836ef84f20 Exception <a 'java/lang/NoSuchMethodError'{0x00000000a9fb9908}: 'java.lang.Object java.lang.invoke.DirectMethodHandle$Holder.invokeSpecial(java.lang.Object, java.lang.Object, java.lang.Object, java.lang.Object, java.lang.Object, java.lang.Object, java.lang.Object, java.lang.Object, java.lang.Object, java.lang.Object, java.lang.Object, java.lang.Object, java.lang.Object)'> (0x00000000a9fb9908) 
thrown [s\src\hotspot\share\interpreter\linkResolver.cpp, line 773]
Event: 28.073 Thread 0x000002836ef84f20 Exception <a 'java/lang/NoSuchMethodError'{0x00000000a9c1b0c0}: 'int java.lang.invoke.DirectMethodHandle$Holder.invokeVirtual(java.lang.Object, java.lang.Object, java.lang.Object)'> (0x00000000a9c1b0c0) 
thrown [s\src\hotspot\share\interpreter\linkResolver.cpp, line 773]
Event: 28.314 Thread 0x000002836ef84f20 Exception <a 'java/lang/NoSuchMethodError'{0x00000000a9a8f4b0}: 'java.lang.Object java.lang.invoke.DirectMethodHandle$Holder.newInvokeSpecial(java.lang.Object, java.lang.Object, java.lang.Object, java.lang.Object, java.lang.Object, java.lang.Object)'> (0x00000000a9a8f4b0) 
thrown [s\src\hotspot\share\interpreter\linkResolver.cpp, line 773]
Event: 29.622 Thread 0x000002836ef84f20 Exception <a 'java/lang/NoSuchMethodError'{0x00000000a9754a30}: 'void java.lang.invoke.DelegatingMethodHandle$Holder.reinvoke_L(java.lang.Object, java.lang.Object, java.lang.Object, java.lang.Object, java.lang.Object, java.lang.Object, java.lang.Object, java.lang.Object, java.lang.Object, java.lang.Object)'> (0x00000000a9754a30) 
thrown [s\src\hotspot\share\interpreter\linkResolver.cpp, line 773]
Event: 29.979 Thread 0x000002836ef84f20 Exception <a 'java/lang/NoSuchMethodError'{0x00000000a975c510}: 'java.lang.Object java.lang.invoke.Invokers$Holder.invoker(java.lang.Object, java.lang.Object, java.lang.Object, java.lang.Object, java.lang.Object, java.lang.Object, java.lang.Object, java.lang.Object, java.lang.Object, java.lang.Object)'> (0x00000000a975c510) 
thrown [s\src\hotspot\share\interpreter\linkResolver.cpp, line 773]

ZGC Phase Switch (0 events):
No events

VM Operations (20 events):
Event: 22.867 Executing safepoint VM operation: Cleanup
Event: 22.867 Executing safepoint VM operation: Cleanup done
Event: 23.867 Executing safepoint VM operation: Cleanup
Event: 23.884 Executing safepoint VM operation: Cleanup done
Event: 24.885 Executing safepoint VM operation: Cleanup
Event: 24.912 Executing safepoint VM operation: Cleanup done
Event: 24.915 Executing non-safepoint VM operation: HandshakeAllThreads (Deoptimize)
Event: 24.915 Executing non-safepoint VM operation: HandshakeAllThreads (Deoptimize) done
Event: 25.919 Executing safepoint VM operation: Cleanup
Event: 25.919 Executing safepoint VM operation: Cleanup done
Event: 26.924 Executing safepoint VM operation: Cleanup
Event: 26.924 Executing safepoint VM operation: Cleanup done
Event: 27.933 Executing safepoint VM operation: Cleanup
Event: 27.935 Executing safepoint VM operation: Cleanup done
Event: 28.199 Executing non-safepoint VM operation: HandshakeAllThreads (Deoptimize)
Event: 28.199 Executing non-safepoint VM operation: HandshakeAllThreads (Deoptimize) done
Event: 29.213 Executing safepoint VM operation: Cleanup
Event: 29.549 Executing safepoint VM operation: Cleanup done
Event: 30.559 Executing safepoint VM operation: Cleanup
Event: 30.559 Executing safepoint VM operation: Cleanup done

Memory protections (0 events):
No events

Nmethod flushes (0 events):
No events

Events (20 events):
Event: 0.308 Thread 0x000002834f90c0f0 Thread added: 0x000002836904e2c0
Event: 0.309 Thread 0x000002834f90c0f0 Thread added: 0x000002836904ed20
Event: 0.310 Thread 0x000002834f90c0f0 Thread added: 0x000002836904fab0
Event: 0.343 Thread 0x000002834f90c0f0 Thread added: 0x00000283690bb850
Event: 1.009 Thread 0x000002834f90c0f0 Thread added: 0x00000283692770a0
Event: 1.285 Thread 0x000002834f90c0f0 Thread added: 0x00000283692fd450
Event: 6.696 Thread 0x000002836904fab0 Thread added: 0x0000028369544750
Event: 6.800 Thread 0x0000028369544750 Thread exited: 0x0000028369544750
Event: 12.714 Thread 0x00000283690bb850 Thread added: 0x0000028369b7c020
Event: 12.863 Thread 0x0000028369b7c020 Thread exited: 0x0000028369b7c020
Event: 20.639 Thread 0x000002834f90c0f0 Thread added: 0x000002836ef52580
Event: 23.089 Thread 0x000002834f90c0f0 Thread added: 0x000002836e32d410
Event: 24.583 Thread 0x000002834f90c0f0 Thread added: 0x000002836e2ff1a0
Event: 25.796 Thread 0x000002836e32d410 Thread added: 0x0000028369b55d50
Event: 25.850 Thread 0x0000028369b55d50 Thread added: 0x000002836e5192a0
Event: 26.313 Thread 0x0000028369b55d50 Thread added: 0x000002836ef83b70
Event: 26.547 Thread 0x0000028369b55d50 Thread added: 0x000002836ef84f20
Event: 26.605 Thread 0x000002836ef84f20 Thread added: 0x000002836ef84200
Event: 26.622 Thread 0x000002836ef84f20 Thread added: 0x000002836ef862d0
Event: 26.640 Thread 0x000002836ef84f20 Thread added: 0x000002836ef84890


Dynamic libraries:
0x00007ff61a400000 - 0x00007ff61a40e000 	C:\Users\Lucas Hernandez\.vscode\extensions\redhat.java-1.56.0-win32-x64\jre\21.0.12.1-win32-x86_64\bin\java.exe
0x00007ffa77d80000 - 0x00007ffa77fe7000 	C:\WINDOWS\SYSTEM32\ntdll.dll
0x00007ffa765c0000 - 0x00007ffa7668b000 	C:\WINDOWS\System32\KERNEL32.DLL
0x00007ffa74f80000 - 0x00007ffa75382000 	C:\WINDOWS\System32\KERNELBASE.dll
0x00007ffa75940000 - 0x00007ffa75a8c000 	C:\WINDOWS\System32\ucrtbase.dll
0x00007ffa54440000 - 0x00007ffa54458000 	C:\Users\Lucas Hernandez\.vscode\extensions\redhat.java-1.56.0-win32-x64\jre\21.0.12.1-win32-x86_64\bin\jli.dll
0x00007ffa76d80000 - 0x00007ffa76f4f000 	C:\WINDOWS\System32\USER32.dll
0x00007ffa75630000 - 0x00007ffa75657000 	C:\WINDOWS\System32\win32u.dll
0x00007ffa76590000 - 0x00007ffa765bb000 	C:\WINDOWS\System32\GDI32.dll
0x00007ffa75390000 - 0x00007ffa754b9000 	C:\WINDOWS\System32\gdi32full.dll
0x00007ffa75580000 - 0x00007ffa75623000 	C:\WINDOWS\System32\msvcp_win.dll
0x00007ffa626a0000 - 0x00007ffa62930000 	C:\WINDOWS\WinSxS\amd64_microsoft.windows.common-controls_6595b64144ccf1df_6.0.26100.9278_none_3e0d1ba8e3303201\COMCTL32.dll
0x00007ffa77060000 - 0x00007ffa77109000 	C:\WINDOWS\System32\msvcrt.dll
0x00007ffa55230000 - 0x00007ffa5524e000 	C:\Users\Lucas Hernandez\.vscode\extensions\redhat.java-1.56.0-win32-x64\jre\21.0.12.1-win32-x86_64\bin\VCRUNTIME140.dll
0x00007ffa75db0000 - 0x00007ffa75de1000 	C:\WINDOWS\System32\IMM32.DLL
0x00007ffa60070000 - 0x00007ffa6007c000 	C:\Users\Lucas Hernandez\.vscode\extensions\redhat.java-1.56.0-win32-x64\jre\21.0.12.1-win32-x86_64\bin\vcruntime140_1.dll
0x00007ffa258a0000 - 0x00007ffa2592d000 	C:\Users\Lucas Hernandez\.vscode\extensions\redhat.java-1.56.0-win32-x64\jre\21.0.12.1-win32-x86_64\bin\msvcp140.dll
0x00007ff9a90d0000 - 0x00007ff9a9e72000 	C:\Users\Lucas Hernandez\.vscode\extensions\redhat.java-1.56.0-win32-x64\jre\21.0.12.1-win32-x86_64\bin\server\jvm.dll
0x00007ffa76b60000 - 0x00007ffa76c1c000 	C:\WINDOWS\System32\ADVAPI32.dll
0x00007ffa771a0000 - 0x00007ffa77249000 	C:\WINDOWS\System32\sechost.dll
0x00007ffa76a40000 - 0x00007ffa76b58000 	C:\WINDOWS\System32\RPCRT4.dll
0x00007ffa75c10000 - 0x00007ffa75c90000 	C:\WINDOWS\System32\WS2_32.dll
0x00007ffa74e00000 - 0x00007ffa74e5e000 	C:\WINDOWS\SYSTEM32\POWRPROF.dll
0x00007ffa6cd30000 - 0x00007ffa6cd3b000 	C:\WINDOWS\SYSTEM32\VERSION.dll
0x00007ffa6c150000 - 0x00007ffa6c186000 	C:\WINDOWS\SYSTEM32\WINMM.dll
0x00007ffa74de0000 - 0x00007ffa74df5000 	C:\WINDOWS\SYSTEM32\UMPDC.dll
0x00007ffa73c30000 - 0x00007ffa73c4b000 	C:\WINDOWS\SYSTEM32\kernel.appcore.dll
0x00007ffa5ff20000 - 0x00007ffa5ff2a000 	C:\Users\Lucas Hernandez\.vscode\extensions\redhat.java-1.56.0-win32-x64\jre\21.0.12.1-win32-x86_64\bin\jimage.dll
0x00007ffa68aa0000 - 0x00007ffa68cec000 	C:\WINDOWS\SYSTEM32\DBGHELP.DLL
0x00007ffa766b0000 - 0x00007ffa76a35000 	C:\WINDOWS\System32\combase.dll
0x00007ffa776e0000 - 0x00007ffa777b9000 	C:\WINDOWS\System32\OLEAUT32.dll
0x00007ffa5e7b0000 - 0x00007ffa5e7eb000 	C:\WINDOWS\SYSTEM32\dbgcore.DLL
0x00007ffa75880000 - 0x00007ffa7592c000 	C:\WINDOWS\System32\bcryptPrimitives.dll
0x00007ffa58db0000 - 0x00007ffa58dbf000 	C:\Users\Lucas Hernandez\.vscode\extensions\redhat.java-1.56.0-win32-x64\jre\21.0.12.1-win32-x86_64\bin\instrument.dll
0x00007ffa54380000 - 0x00007ffa543a0000 	C:\Users\Lucas Hernandez\.vscode\extensions\redhat.java-1.56.0-win32-x64\jre\21.0.12.1-win32-x86_64\bin\java.dll
0x00007ffa75df0000 - 0x00007ffa76588000 	C:\WINDOWS\System32\SHELL32.dll
0x00007ffa729c0000 - 0x00007ffa7326e000 	C:\WINDOWS\SYSTEM32\windows.storage.dll
0x00007ffa76f60000 - 0x00007ffa7705b000 	C:\WINDOWS\System32\SHCORE.dll
0x00007ffa77b40000 - 0x00007ffa77ba6000 	C:\WINDOWS\System32\shlwapi.dll
0x00007ffa74ea0000 - 0x00007ffa74ec9000 	C:\WINDOWS\SYSTEM32\profapi.dll
0x00007ffa54120000 - 0x00007ffa54138000 	C:\Users\Lucas Hernandez\.vscode\extensions\redhat.java-1.56.0-win32-x64\jre\21.0.12.1-win32-x86_64\bin\zip.dll
0x00007ffa5f810000 - 0x00007ffa5f820000 	C:\Users\Lucas Hernandez\.vscode\extensions\redhat.java-1.56.0-win32-x64\jre\21.0.12.1-win32-x86_64\bin\net.dll
0x00007ffa6ca10000 - 0x00007ffa6cb3a000 	C:\WINDOWS\SYSTEM32\WINHTTP.dll
0x00007ffa74210000 - 0x00007ffa7427c000 	C:\WINDOWS\system32\mswsock.dll
0x00007ffa53680000 - 0x00007ffa53696000 	C:\Users\Lucas Hernandez\.vscode\extensions\redhat.java-1.56.0-win32-x64\jre\21.0.12.1-win32-x86_64\bin\nio.dll
0x00007ffa57e70000 - 0x00007ffa57e80000 	C:\Users\Lucas Hernandez\.vscode\extensions\redhat.java-1.56.0-win32-x64\jre\21.0.12.1-win32-x86_64\bin\verify.dll
0x00007ffa47ff0000 - 0x00007ffa48017000 	C:\Users\Lucas Hernandez\.gradle\native\1def1411415f61bf3af743bc5b6707747c0891f09f0c88961ee8f79bc544acac\windows-amd64\native-platform.dll
0x00007ffa25c60000 - 0x00007ffa25cd8000 	C:\Users\Lucas Hernandez\.gradle\native\0.2.7\x86_64-windows-gnu\gradle-fileevents.dll
0x00007ffa6fe70000 - 0x00007ffa6fe7a000 	C:\Users\Lucas Hernandez\.vscode\extensions\redhat.java-1.56.0-win32-x64\jre\21.0.12.1-win32-x86_64\bin\management.dll
0x00007ffa6fe60000 - 0x00007ffa6fe6c000 	C:\Users\Lucas Hernandez\.vscode\extensions\redhat.java-1.56.0-win32-x64\jre\21.0.12.1-win32-x86_64\bin\management_ext.dll
0x00007ffa77c00000 - 0x00007ffa77c08000 	C:\WINDOWS\System32\PSAPI.DLL
0x00007ffa735d0000 - 0x00007ffa73603000 	C:\WINDOWS\SYSTEM32\IPHLPAPI.DLL
0x00007ffa77c10000 - 0x00007ffa77c1a000 	C:\WINDOWS\System32\NSI.dll
0x00007ffa60960000 - 0x00007ffa60969000 	C:\Users\Lucas Hernandez\.vscode\extensions\redhat.java-1.56.0-win32-x64\jre\21.0.12.1-win32-x86_64\bin\extnet.dll
0x00007ffa74520000 - 0x00007ffa7453b000 	C:\WINDOWS\SYSTEM32\CRYPTSP.dll
0x00007ffa73b90000 - 0x00007ffa73bc9000 	C:\WINDOWS\system32\rsaenh.dll
0x00007ffa742c0000 - 0x00007ffa742f4000 	C:\WINDOWS\SYSTEM32\USERENV.dll
0x00007ffa74e70000 - 0x00007ffa74e9a000 	C:\WINDOWS\SYSTEM32\bcrypt.dll
0x00007ffa74500000 - 0x00007ffa7450c000 	C:\WINDOWS\SYSTEM32\CRYPTBASE.dll
0x00007ffa60950000 - 0x00007ffa6095e000 	C:\Users\Lucas Hernandez\.vscode\extensions\redhat.java-1.56.0-win32-x64\jre\21.0.12.1-win32-x86_64\bin\sunmscapi.dll
0x00007ffa756f0000 - 0x00007ffa7586e000 	C:\WINDOWS\System32\CRYPT32.dll
0x00007ffa74740000 - 0x00007ffa74770000 	C:\WINDOWS\SYSTEM32\ncrypt.dll
0x00007ffa746f0000 - 0x00007ffa7472f000 	C:\WINDOWS\SYSTEM32\NTASN1.dll
0x00007ffa3a230000 - 0x00007ffa3a238000 	C:\WINDOWS\system32\wshunix.dll

JVMTI agents:
C:\Users\Lucas Hernandez\.gradle\wrapper\dists\gradle-8.14.3-all\10utluxaxniiv4wxiphsi49nj\gradle-8.14.3\lib\agents\gradle-instrumentation-agent-8.14.3.jar path:C:\Users\Lucas Hernandez\.vscode\extensions\redhat.java-1.56.0-win32-x64\jre\21.0.12.1-win32-x86_64\bin\instrument.dll, loaded, initialized, instrumentlib options:none

dbghelp: loaded successfully - version: 4.0.5 - missing functions: none
symbol engine: initialized successfully - sym options: 0x614 - pdb path: .;C:\Users\Lucas Hernandez\.vscode\extensions\redhat.java-1.56.0-win32-x64\jre\21.0.12.1-win32-x86_64\bin;C:\WINDOWS\SYSTEM32;C:\WINDOWS\WinSxS\amd64_microsoft.windows.common-controls_6595b64144ccf1df_6.0.26100.9278_none_3e0d1ba8e3303201;C:\Users\Lucas Hernandez\.vscode\extensions\redhat.java-1.56.0-win32-x64\jre\21.0.12.1-win32-x86_64\bin\server;C:\Users\Lucas Hernandez\.gradle\native\1def1411415f61bf3af743bc5b6707747c0891f09f0c88961ee8f79bc544acac\windows-amd64;C:\Users\Lucas Hernandez\.gradle\native\0.2.7\x86_64-windows-gnu

VM Arguments:
jvm_args: --add-opens=java.base/java.lang=ALL-UNNAMED --add-opens=java.base/java.lang.invoke=ALL-UNNAMED --add-opens=java.base/java.util=ALL-UNNAMED --add-opens=java.prefs/java.util.prefs=ALL-UNNAMED --add-exports=jdk.compiler/com.sun.tools.javac.api=ALL-UNNAMED --add-exports=jdk.compiler/com.sun.tools.javac.util=ALL-UNNAMED --add-opens=java.base/java.util=ALL-UNNAMED --add-opens=java.prefs/java.util.prefs=ALL-UNNAMED --add-opens=java.base/java.nio.charset=ALL-UNNAMED --add-opens=java.base/java.net=ALL-UNNAMED --add-opens=java.base/java.util.concurrent.atomic=ALL-UNNAMED --add-opens=java.xml/javax.xml.namespace=ALL-UNNAMED -Xmx1536m -Dfile.encoding=UTF-8 -Duser.country=ES -Duser.language=es -Duser.variant -javaagent:C:\Users\Lucas Hernandez\.gradle\wrapper\dists\gradle-8.14.3-all\10utluxaxniiv4wxiphsi49nj\gradle-8.14.3\lib\agents\gradle-instrumentation-agent-8.14.3.jar 
java_command: org.gradle.launcher.daemon.bootstrap.GradleDaemon 8.14.3
java_class_path (initial): C:\Users\Lucas Hernandez\.gradle\wrapper\dists\gradle-8.14.3-all\10utluxaxniiv4wxiphsi49nj\gradle-8.14.3\lib\gradle-daemon-main-8.14.3.jar
Launcher Type: SUN_STANDARD

[Global flags]
     intx CICompilerCount                          = 4                                         {product} {ergonomic}
     uint ConcGCThreads                            = 3                                         {product} {ergonomic}
     uint G1ConcRefinementThreads                  = 10                                        {product} {ergonomic}
   size_t G1HeapRegionSize                         = 1048576                                   {product} {ergonomic}
    uintx GCDrainStackTargetSize                   = 64                                        {product} {ergonomic}
   size_t InitialHeapSize                          = 260046848                                 {product} {ergonomic}
   size_t MarkStackSize                            = 4194304                                   {product} {ergonomic}
   size_t MaxHeapSize                              = 1610612736                                {product} {command line}
   size_t MaxNewSize                               = 965738496                                 {product} {ergonomic}
   size_t MinHeapDeltaBytes                        = 1048576                                   {product} {ergonomic}
   size_t MinHeapSize                              = 8388608                                   {product} {ergonomic}
    uintx NonNMethodCodeHeapSize                   = 5839372                                {pd product} {ergonomic}
    uintx NonProfiledCodeHeapSize                  = 122909434                              {pd product} {ergonomic}
    uintx ProfiledCodeHeapSize                     = 122909434                              {pd product} {ergonomic}
    uintx ReservedCodeCacheSize                    = 251658240                              {pd product} {ergonomic}
     bool SegmentedCodeCache                       = true                                      {product} {ergonomic}
   size_t SoftMaxHeapSize                          = 1610612736                             {manageable} {ergonomic}
     bool UseCompressedOops                        = true                           {product lp64_product} {ergonomic}
     bool UseG1GC                                  = true                                      {product} {ergonomic}
     bool UseLargePagesIndividualAllocation        = false                                  {pd product} {ergonomic}

Logging:
Log output configuration:
 #0: stdout all=warning uptime,level,tags foldmultilines=false
 #1: stderr all=off uptime,level,tags foldmultilines=false

Release file:
JAVA_VERSION="21.0.12.1" 
MODULES="java.base java.compiler java.datatransfer java.xml java.prefs java.desktop java.instrument java.logging java.management java.security.sasl java.naming java.rmi java.management.rmi java.net.http java.scripting java.security.jgss java.transaction.xa java.sql java.sql.rowset java.xml.crypto java.se java.smartcardio jdk.accessibility jdk.internal.jvmstat jdk.attach jdk.charsets jdk.internal.opt jdk.zipfs jdk.compiler jdk.crypto.ec jdk.crypto.cryptoki jdk.crypto.mscapi jdk.dynalink jdk.internal.ed jdk.editpad jdk.hotspot.agent jdk.httpserver jdk.internal.le jdk.internal.vm.ci jdk.internal.vm.compiler jdk.internal.vm.compiler.management jdk.jartool jdk.javadoc jdk.jcmd jdk.management jdk.management.agent jdk.jconsole jdk.jdeps jdk.jdwp.agent jdk.jdi jdk.jfr jdk.jshell jdk.jsobject jdk.jstatd jdk.localedata jdk.management.jfr jdk.naming.dns jdk.naming.rmi jdk.net jdk.nio.mapmode jdk.random jdk.sctp jdk.security.auth jdk.security.jgss jdk.unsupported jdk.unsupported.desktop jdk.xml.dom" 

Environment Variables:
JAVA_HOME=C:\Program Files\Eclipse Adoptium\jdk-17.0.20.101-hotspot\
PATH=C:\Program Files\Eclipse Adoptium\jdk-17.0.20.101-hotspot\bin;C:\Users\Lucas Hernandez\AppData\Local\Programs\Python\Python314\Scripts\;C:\Users\Lucas Hernandez\AppData\Local\Programs\Python\Python314\;C:\app\dbhomeXE\bin;C:\WINDOWS\system32;C:\WINDOWS;C:\WINDOWS\System32\Wbem;C:\WINDOWS\System32\WindowsPowerShell\v1.0\;C:\WINDOWS\System32\OpenSSH\;C:\Program Files\Docker\Docker\resources\bin;C:\Program Files\nodejs\;C:\ProgramData\chocolatey\bin;C:\Program Files\dotnet\;C:\Program Files\Git\cmd;C:\Program Files\MySQL\MySQL Shell 8.0\bin\;C:\Users\Lucas Hernandez\AppData\Local\Microsoft\WindowsApps;C:\Program Files\JetBrains\IntelliJ IDEA 2025.2.2\bin;C:\Users\Lucas Hernandez\AppData\Local\GitHubDesktop\bin;C:\Users\Lucas Hernandez\AppData\Local\Programs\Microsoft VS Code\bin;C:\Users\Lucas Hernandez\AppData\Local\Python\bin;C:\Users\Lucas Hernandez\AppData\Local\Programs\cursor\resources\app\bin;C:\Users\Lucas Hernandez\AppData\Roaming\npm;C:\src\flutter\bin;;C:\Android\sdk\platform-tools;C:\Android\sdk\cmdline-tools\latest\bin;C:\Android\sdk\emulator
USERNAME=Lucas Hernandez
OS=Windows_NT
PROCESSOR_IDENTIFIER=AMD64 Family 23 Model 104 Stepping 1, AuthenticAMD
TMP=C:\Users\LUCASH~1\AppData\Local\Temp
TEMP=C:\Users\LUCASH~1\AppData\Local\Temp




Periodic native trim disabled

---------------  S Y S T E M  ---------------

OS:
 Windows 11 , 64 bit Build 26100 (10.0.26100.9444)
OS uptime: 11 days 19:09 hours
Hyper-V role detected

CPU: total 12 (initial active 12) (12 cores per cpu, 2 threads per core) family 23 model 104 stepping 1 microcode 0x8608103, cx8, cmov, fxsr, ht, mmx, 3dnowpref, sse, sse2, sse3, ssse3, sse4a, sse4.1, sse4.2, popcnt, lzcnt, tsc, tscinvbit, avx, avx2, aes, clmul, bmi1, bmi2, adx, sha, fma, vzeroupper, clflush, clflushopt, hv, rdtscp, rdpid, f16c
Processor Information for the first 12 processors :
  Max Mhz: 2100, Current Mhz: 2100, Mhz Limit: 2100

Memory: 4k page, system-wide physical 15754M (67M free)
TotalPageFile size 64906M (AvailPageFile size 16M)
current process WorkingSet (physical memory assigned to process): 187M, peak: 188M
current process commit charge ("private bytes"): 380M, peak: 382M

vm_info: OpenJDK 64-Bit Server VM (21.0.12.1+1-LTS) for windows-amd64 JRE (21.0.12.1+1-LTS), built on 2026-08-18T00:00:00Z by "admin" with MS VC++ 17.12 (VS2022)

END.
