#
# There is insufficient memory for the Java Runtime Environment to continue.
# Native memory allocation (malloc) failed to allocate 1767536 bytes. Error detail: Chunk::new
# Possible reasons:
#   The system is out of physical RAM or swap space
#   This process is running with CompressedOops enabled, and the Java Heap may be blocking the growth of the native heap
# Possible solutions:
#   Reduce memory load on the system
#   Increase physical memory or swap space
#   Check if swap backing store is full
#   Decrease Java heap size (-Xmx/-Xms)
#   Decrease number of Java threads
#   Decrease Java thread stack sizes (-Xss)
#   Set larger code cache with -XX:ReservedCodeCacheSize=
#   JVM is running with Unscaled Compressed Oops mode in which the Java heap is
#     placed in the first 4GB address space. The Java Heap base address is the
#     maximum limit for the native heap growth. Please use -XX:HeapBaseMinAddress
#     to set the Java Heap base and to place the Java Heap above 4GB virtual address.
# This output file may be truncated or incomplete.
#
#  Out of Memory Error (arena.cpp:168), pid=43604, tid=37116
#
# JRE version: OpenJDK Runtime Environment Temurin-21.0.12.1+1 (21.0.12.1+1) (build 21.0.12.1+1-LTS)
# Java VM: OpenJDK 64-Bit Server VM Temurin-21.0.12.1+1 (21.0.12.1+1-LTS, mixed mode, sharing, tiered, compressed oops, compressed class ptrs, g1 gc, windows-amd64)
# No core dump will be written. Minidumps are not enabled by default on client versions of Windows
#

---------------  S U M M A R Y ------------

Command Line: --add-opens=java.base/java.lang=ALL-UNNAMED --add-opens=java.base/java.lang.invoke=ALL-UNNAMED --add-opens=java.base/java.util=ALL-UNNAMED --add-opens=java.prefs/java.util.prefs=ALL-UNNAMED --add-exports=jdk.compiler/com.sun.tools.javac.api=ALL-UNNAMED --add-exports=jdk.compiler/com.sun.tools.javac.util=ALL-UNNAMED --add-opens=java.base/java.util=ALL-UNNAMED --add-opens=java.prefs/java.util.prefs=ALL-UNNAMED --add-opens=java.base/java.nio.charset=ALL-UNNAMED --add-opens=java.base/java.net=ALL-UNNAMED --add-opens=java.base/java.util.concurrent.atomic=ALL-UNNAMED --add-opens=java.xml/javax.xml.namespace=ALL-UNNAMED -Xmx1536m -Dfile.encoding=UTF-8 -Duser.country=ES -Duser.language=es -Duser.variant -javaagent:C:\Users\Lucas Hernandez\.gradle\wrapper\dists\gradle-8.14.3-all\10utluxaxniiv4wxiphsi49nj\gradle-8.14.3\lib\agents\gradle-instrumentation-agent-8.14.3.jar org.gradle.launcher.daemon.bootstrap.GradleDaemon 8.14.3

Host: AMD Ryzen 5 7430U with Radeon Graphics, 12 cores, 15G,  Windows 11 , 64 bit Build 26100 (10.0.26100.9444)
Time: Wed Oct  7 16:16:52 2026 Hora de verano romance elapsed time: 482.371227 seconds (0d 0h 8m 2s)

---------------  T H R E A D  ---------------

Current thread (0x00000287e5fcd290):  JavaThread "C2 CompilerThread0" daemon [_thread_in_native, id=37116, stack(0x000000ae44a00000,0x000000ae44b00000) (1024K)]


Current CompileTask:
C2:482371 22632   !   4       org.gradle.api.internal.DefaultNamedDomainObjectCollection$AbstractDomainObjectCreatingProvider::tryCreate (181 bytes)

Stack: [0x000000ae44a00000,0x000000ae44b00000]
Native frames: (J=compiled Java code, j=interpreted, Vv=VM code, C=native code)
V  [jvm.dll+0x6d83e9]
V  [jvm.dll+0x8b5736]
V  [jvm.dll+0x8b7cee]
V  [jvm.dll+0x8b83d3]
V  [jvm.dll+0x284596]
V  [jvm.dll+0xc685d]
V  [jvm.dll+0xc6da1]
V  [jvm.dll+0x3bf151]
V  [jvm.dll+0x38b6d2]
V  [jvm.dll+0x38ab1a]
V  [jvm.dll+0x24c700]
V  [jvm.dll+0x24bce0]
V  [jvm.dll+0x1cb4ae]
V  [jvm.dll+0x25baad]
V  [jvm.dll+0x25a03a]
V  [jvm.dll+0x3f8aae]
V  [jvm.dll+0x8600cd]
V  [jvm.dll+0x6d6c1d]
C  [ucrtbase.dll+0x2cd30]
C  [KERNEL32.DLL+0x2cd87]
C  [ntdll.dll+0xacaec]


---------------  P R O C E S S  ---------------

Threads class SMR info:
_java_thread_list=0x00000287f0dfff50, length=139, elements={
0x00000287cedb08f0, 0x00000287e5fc56d0, 0x00000287e5fc6e50, 0x00000287e5fca5e0,
0x00000287e5fcb040, 0x00000287e5fcbaa0, 0x00000287e5fcc500, 0x00000287e5fcd290,
0x00000287e5fdad60, 0x00000287e61713f0, 0x00000287e61a8750, 0x00000287ebd71610,
0x00000287eb26e720, 0x00000287eb94efe0, 0x00000287eb574440, 0x00000287eb572370,
0x00000287eb570fc0, 0x00000287e68b3aa0, 0x00000287e68b4130, 0x00000287e68b3410,
0x00000287e68b2060, 0x00000287e68b19d0, 0x00000287e68b2d80, 0x00000287e68b82d0,
0x00000287e68b7c40, 0x00000287e68b6200, 0x00000287eb571ce0, 0x00000287eb573090,
0x00000287eb573720, 0x00000287ed8cd2f0, 0x00000287ed8d0e00, 0x00000287ecc45700,
0x00000287ecc42910, 0x00000287ef9b3a20, 0x00000287ef9b5af0, 0x00000287f0e16310,
0x00000287f0e176c0, 0x00000287ee0766e0, 0x00000287eb9d34f0, 0x00000287ec6fd890,
0x00000287efabaad0, 0x00000287efabb160, 0x00000287eb9d3b80, 0x00000287eb9d4f30,
0x00000287eb9d4210, 0x00000287eb9d48a0, 0x00000287eb9d27d0, 0x00000287eb9d1ab0,
0x00000287eb9d2140, 0x00000287efdf3120, 0x00000287efdf1d70, 0x00000287efdf2400,
0x00000287efdf37b0, 0x00000287efdf2a90, 0x00000287efdf3e40, 0x00000287efdf09c0,
0x00000287efdf1050, 0x00000287efdf16e0, 0x00000287ec62db80, 0x00000287ec62bab0,
0x00000287ec62c7d0, 0x00000287ecc2b640, 0x00000287ecc2a920, 0x00000287ecc2bcd0,
0x00000287ecc2c360, 0x00000287ecc2d080, 0x00000287ecc2d710, 0x00000287ecc2dda0,
0x00000287ecc2afb0, 0x00000287ec9b95b0, 0x00000287ec9b8f20, 0x00000287ec9b8890,
0x00000287ec9b9c40, 0x00000287ec9ba960, 0x00000287ec9bb680, 0x00000287ec9ba2d0,
0x00000287ec9baff0, 0x00000287ec9bbd10, 0x00000287f08a9180, 0x00000287f08a6390,
0x00000287f08a6a20, 0x00000287f08a8af0, 0x00000287f08a9810, 0x00000287f08a70b0,
0x00000287f08a7740, 0x00000287f08a7dd0, 0x00000287f08a8460, 0x00000287ec891110,
0x00000287ec893f00, 0x00000287ec8931e0, 0x00000287ec890a80, 0x00000287ec8917a0,
0x00000287ec891e30, 0x00000287ec892b50, 0x00000287ec62ce60, 0x00000287ec62c140,
0x00000287ec62d4f0, 0x00000287ec62b420, 0x00000287ec62a700, 0x00000287ec62ad90,
0x00000287eb6c0880, 0x00000287eb6c15a0, 0x00000287eb6c0f10, 0x00000287eb6bf4d0,
0x00000287eb6c1c30, 0x00000287ec893870, 0x00000287ec8924c0, 0x00000287ede80410,
0x00000287ede817c0, 0x00000287ec6ff2d0, 0x00000287ec6ffff0, 0x00000287ec6fe5b0,
0x00000287ec6fec40, 0x00000287ec700680, 0x00000287ec6fd200, 0x00000287ec6ff960,
0x00000287ec6fdf20, 0x00000287f107fc50, 0x00000287f10802e0, 0x00000287f107d4f0,
0x00000287f107ef30, 0x00000287f107db80, 0x00000287f107e210, 0x00000287f107f5c0,
0x00000287f107ce60, 0x00000287ec842c30, 0x00000287ec8432c0, 0x00000287ec83fe40,
0x00000287ec8411f0, 0x00000287ec840b60, 0x00000287ec8404d0, 0x00000287ec841f10,
0x00000287ec841880, 0x00000287ec8425a0, 0x00000287eee9e9a0, 0x00000287eee9cf60,
0x00000287eeea03e0, 0x00000287eee9f030, 0x00000287ec7bbb50
}

Java Threads: ( => current thread )
  0x00000287cedb08f0 JavaThread "main"                              [_thread_blocked, id=38012, stack(0x000000ae43c00000,0x000000ae43d00000) (1024K)]
  0x00000287e5fc56d0 JavaThread "Reference Handler"          daemon [_thread_blocked, id=21128, stack(0x000000ae44400000,0x000000ae44500000) (1024K)]
  0x00000287e5fc6e50 JavaThread "Finalizer"                  daemon [_thread_blocked, id=16572, stack(0x000000ae44500000,0x000000ae44600000) (1024K)]
  0x00000287e5fca5e0 JavaThread "Signal Dispatcher"          daemon [_thread_blocked, id=42188, stack(0x000000ae44600000,0x000000ae44700000) (1024K)]
  0x00000287e5fcb040 JavaThread "Attach Listener"            daemon [_thread_blocked, id=40784, stack(0x000000ae44700000,0x000000ae44800000) (1024K)]
  0x00000287e5fcbaa0 JavaThread "Service Thread"             daemon [_thread_blocked, id=25528, stack(0x000000ae44800000,0x000000ae44900000) (1024K)]
  0x00000287e5fcc500 JavaThread "Monitor Deflation Thread"   daemon [_thread_blocked, id=39380, stack(0x000000ae44900000,0x000000ae44a00000) (1024K)]
=>0x00000287e5fcd290 JavaThread "C2 CompilerThread0"         daemon [_thread_in_native, id=37116, stack(0x000000ae44a00000,0x000000ae44b00000) (1024K)]
  0x00000287e5fdad60 JavaThread "C1 CompilerThread0"         daemon [_thread_in_vm, id=36064, stack(0x000000ae44b00000,0x000000ae44c00000) (1024K)]
  0x00000287e61713f0 JavaThread "Common-Cleaner"             daemon [_thread_blocked, id=28964, stack(0x000000ae44c00000,0x000000ae44d00000) (1024K)]
  0x00000287e61a8750 JavaThread "Notification Thread"        daemon [_thread_blocked, id=8784, stack(0x000000ae44d00000,0x000000ae44e00000) (1024K)]
  0x00000287ebd71610 JavaThread "Daemon health stats"               [_thread_blocked, id=19260, stack(0x000000ae45200000,0x000000ae45300000) (1024K)]
  0x00000287eb26e720 JavaThread "Incoming local TCP Connector on port 55713"        [_thread_in_native, id=39616, stack(0x000000ae45300000,0x000000ae45400000) (1024K)]
  0x00000287eb94efe0 JavaThread "Daemon periodic checks"            [_thread_blocked, id=11192, stack(0x000000ae45400000,0x000000ae45500000) (1024K)]
  0x00000287eb574440 JavaThread "Daemon worker"                     [_thread_in_vm, id=39984, stack(0x000000ae45800000,0x000000ae45900000) (1024K)]
  0x00000287eb572370 JavaThread "Cache worker for journal cache (C:\Users\Lucas Hernandez\.gradle\caches\journal-1)"        [_thread_blocked, id=16468, stack(0x000000ae43a00000,0x000000ae43b00000) (1024K)]
  0x00000287eb570fc0 JavaThread "File lock request listener"        [_thread_in_native, id=41692, stack(0x000000ae45900000,0x000000ae45a00000) (1024K)]
  0x00000287e68b3aa0 JavaThread "File lock release action executor"        [_thread_blocked, id=42464, stack(0x000000ae45d00000,0x000000ae45e00000) (1024K)]
  0x00000287e68b4130 JavaThread "Cache worker for file hash cache (C:\Users\Lucas Hernandez\.gradle\caches\8.14.3\fileHashes)"        [_thread_blocked, id=29828, stack(0x000000ae45e00000,0x000000ae45f00000) (1024K)]
  0x00000287e68b3410 JavaThread "File watcher server"        daemon [_thread_in_native, id=6152, stack(0x000000ae46800000,0x000000ae46900000) (1024K)]
  0x00000287e68b2060 JavaThread "File watcher consumer"      daemon [_thread_blocked, id=33504, stack(0x000000ae46900000,0x000000ae46a00000) (1024K)]
  0x00000287e68b19d0 JavaThread "jar transforms"                    [_thread_blocked, id=37960, stack(0x000000ae46a00000,0x000000ae46b00000) (1024K)]
  0x00000287e68b2d80 JavaThread "jar transforms Thread 2"           [_thread_blocked, id=25232, stack(0x000000ae46b00000,0x000000ae46c00000) (1024K)]
  0x00000287e68b82d0 JavaThread "Cache worker for file content cache (C:\Users\Lucas Hernandez\.gradle\caches\8.14.3\fileContent)"        [_thread_blocked, id=41252, stack(0x000000ae46d00000,0x000000ae46e00000) (1024K)]
  0x00000287e68b7c40 JavaThread "jar transforms Thread 3"           [_thread_blocked, id=42484, stack(0x000000ae45a00000,0x000000ae45b00000) (1024K)]
  0x00000287e68b6200 JavaThread "jar transforms Thread 4"           [_thread_blocked, id=10260, stack(0x000000ae46e00000,0x000000ae46f00000) (1024K)]
  0x00000287eb571ce0 JavaThread "jar transforms Thread 5"           [_thread_blocked, id=38736, stack(0x000000ae47100000,0x000000ae47200000) (1024K)]
  0x00000287eb573090 JavaThread "jar transforms Thread 6"           [_thread_blocked, id=43460, stack(0x000000ae47200000,0x000000ae47300000) (1024K)]
  0x00000287eb573720 JavaThread "jar transforms Thread 7"           [_thread_blocked, id=28660, stack(0x000000ae47300000,0x000000ae47400000) (1024K)]
  0x00000287ed8cd2f0 JavaThread "jar transforms Thread 8"           [_thread_blocked, id=13832, stack(0x000000ae47900000,0x000000ae47a00000) (1024K)]
  0x00000287ed8d0e00 JavaThread "jar transforms Thread 9"           [_thread_blocked, id=2676, stack(0x000000ae47a00000,0x000000ae47b00000) (1024K)]
  0x00000287ecc45700 JavaThread "jar transforms Thread 10"          [_thread_blocked, id=37068, stack(0x000000ae49d00000,0x000000ae49e00000) (1024K)]
  0x00000287ecc42910 JavaThread "jar transforms Thread 11"          [_thread_blocked, id=40520, stack(0x000000ae49e00000,0x000000ae49f00000) (1024K)]
  0x00000287ef9b3a20 JavaThread "jar transforms Thread 12"          [_thread_blocked, id=11428, stack(0x000000ae49f00000,0x000000ae4a000000) (1024K)]
  0x00000287ef9b5af0 JavaThread "Memory manager"                    [_thread_blocked, id=34832, stack(0x000000ae49c00000,0x000000ae49d00000) (1024K)]
  0x00000287f0e16310 JavaThread "Daemon Thread 4"                   [_thread_blocked, id=36224, stack(0x000000ae45700000,0x000000ae45800000) (1024K)]
  0x00000287f0e176c0 JavaThread "VFS cleanup Thread 2"              [_thread_blocked, id=28320, stack(0x000000ae47000000,0x000000ae47100000) (1024K)]
  0x00000287ee0766e0 JavaThread "included builds"                   [_thread_blocked, id=45200, stack(0x000000ae4d700000,0x000000ae4d800000) (1024K)]
  0x00000287eb9d34f0 JavaThread "included builds"                   [_thread_blocked, id=46212, stack(0x000000ae4d500000,0x000000ae4d600000) (1024K)]
  0x00000287ec6fd890 JavaThread "included builds"                   [_thread_blocked, id=43572, stack(0x000000ae4d600000,0x000000ae4d700000) (1024K)]
  0x00000287efabaad0 JavaThread "Handler for socket connection from /127.0.0.1:55713 to /127.0.0.1:59529"        [_thread_in_native, id=46224, stack(0x000000ae43b00000,0x000000ae43c00000) (1024K)]
  0x00000287efabb160 JavaThread "Cancel handler"                    [_thread_blocked, id=42888, stack(0x000000ae45500000,0x000000ae45600000) (1024K)]
  0x00000287eb9d3b80 JavaThread "Asynchronous log dispatcher for DefaultDaemonConnection: socket connection from /127.0.0.1:55713 to /127.0.0.1:59529"        [_thread_blocked, id=42496, stack(0x000000ae45600000,0x000000ae45700000) (1024K)]
  0x00000287eb9d4f30 JavaThread "Stdin handler"                     [_thread_blocked, id=47064, stack(0x000000ae45b00000,0x000000ae45c00000) (1024K)]
  0x00000287eb9d4210 JavaThread "Daemon client event forwarder"        [_thread_blocked, id=11712, stack(0x000000ae45c00000,0x000000ae45d00000) (1024K)]
  0x00000287eb9d48a0 JavaThread "Cache worker for file hash cache (C:\Users\Lucas Hernandez\OneDrive - UDIT\Documents\DI\dam2-productos-archivos\android\.gradle\8.14.3\fileHashes)"        [_thread_blocked, id=27300, stack(0x000000ae46600000,0x000000ae46700000) (1024K)]
  0x00000287eb9d27d0 JavaThread "Cache worker for Build Output Cleanup Cache (C:\Users\Lucas Hernandez\OneDrive - UDIT\Documents\DI\dam2-productos-archivos\android\.gradle\buildOutputCleanup)"        [_thread_blocked, id=46468, stack(0x000000ae46700000,0x000000ae46800000) (1024K)]
  0x00000287eb9d1ab0 JavaThread "Cache worker for checksums cache (C:\Users\Lucas Hernandez\OneDrive - UDIT\Documents\DI\dam2-productos-archivos\android\.gradle\8.14.3\checksums)"        [_thread_blocked, id=14460, stack(0x000000ae46c00000,0x000000ae46d00000) (1024K)]
  0x00000287eb9d2140 JavaThread "Cache worker for cache directory md-supplier (C:\Users\Lucas Hernandez\.gradle\caches\8.14.3\md-supplier)"        [_thread_blocked, id=14216, stack(0x000000ae46f00000,0x000000ae47000000) (1024K)]
  0x00000287efdf3120 JavaThread "Cache worker for cache directory md-rule (C:\Users\Lucas Hernandez\.gradle\caches\8.14.3\md-rule)"        [_thread_blocked, id=46268, stack(0x000000ae47400000,0x000000ae47500000) (1024K)]
  0x00000287efdf1d70 JavaThread "Unconstrained build operations"        [_thread_blocked, id=35216, stack(0x000000ae47500000,0x000000ae47600000) (1024K)]
  0x00000287efdf2400 JavaThread "Unconstrained build operations Thread 2"        [_thread_blocked, id=8988, stack(0x000000ae47600000,0x000000ae47700000) (1024K)]
  0x00000287efdf37b0 JavaThread "Unconstrained build operations Thread 3"        [_thread_blocked, id=45112, stack(0x000000ae47700000,0x000000ae47800000) (1024K)]
  0x00000287efdf2a90 JavaThread "Unconstrained build operations Thread 4"        [_thread_blocked, id=44920, stack(0x000000ae47800000,0x000000ae47900000) (1024K)]
  0x00000287efdf3e40 JavaThread "Unconstrained build operations Thread 5"        [_thread_blocked, id=17552, stack(0x000000ae47b00000,0x000000ae47c00000) (1024K)]
  0x00000287efdf09c0 JavaThread "Unconstrained build operations Thread 6"        [_thread_blocked, id=45540, stack(0x000000ae47c00000,0x000000ae47d00000) (1024K)]
  0x00000287efdf1050 JavaThread "Unconstrained build operations Thread 7"        [_thread_blocked, id=42072, stack(0x000000ae47d00000,0x000000ae47e00000) (1024K)]
  0x00000287efdf16e0 JavaThread "Unconstrained build operations Thread 8"        [_thread_blocked, id=45544, stack(0x000000ae47e00000,0x000000ae47f00000) (1024K)]
  0x00000287ec62db80 JavaThread "Unconstrained build operations Thread 9"        [_thread_blocked, id=45168, stack(0x000000ae47f00000,0x000000ae48000000) (1024K)]
  0x00000287ec62bab0 JavaThread "Unconstrained build operations Thread 10"        [_thread_blocked, id=7844, stack(0x000000ae48000000,0x000000ae48100000) (1024K)]
  0x00000287ec62c7d0 JavaThread "Unconstrained build operations Thread 11"        [_thread_blocked, id=44860, stack(0x000000ae48100000,0x000000ae48200000) (1024K)]
  0x00000287ecc2b640 JavaThread "Unconstrained build operations Thread 12"        [_thread_blocked, id=32804, stack(0x000000ae48200000,0x000000ae48300000) (1024K)]
  0x00000287ecc2a920 JavaThread "Unconstrained build operations Thread 13"        [_thread_blocked, id=46952, stack(0x000000ae48300000,0x000000ae48400000) (1024K)]
  0x00000287ecc2bcd0 JavaThread "Unconstrained build operations Thread 14"        [_thread_blocked, id=44752, stack(0x000000ae48400000,0x000000ae48500000) (1024K)]
  0x00000287ecc2c360 JavaThread "Unconstrained build operations Thread 15"        [_thread_blocked, id=20512, stack(0x000000ae48500000,0x000000ae48600000) (1024K)]
  0x00000287ecc2d080 JavaThread "Unconstrained build operations Thread 16"        [_thread_blocked, id=46824, stack(0x000000ae48600000,0x000000ae48700000) (1024K)]
  0x00000287ecc2d710 JavaThread "Unconstrained build operations Thread 17"        [_thread_blocked, id=12840, stack(0x000000ae48700000,0x000000ae48800000) (1024K)]
  0x00000287ecc2dda0 JavaThread "Unconstrained build operations Thread 18"        [_thread_blocked, id=41036, stack(0x000000ae48800000,0x000000ae48900000) (1024K)]
  0x00000287ecc2afb0 JavaThread "Unconstrained build operations Thread 19"        [_thread_blocked, id=46620, stack(0x000000ae48900000,0x000000ae48a00000) (1024K)]
  0x00000287ec9b95b0 JavaThread "Unconstrained build operations Thread 20"        [_thread_blocked, id=46600, stack(0x000000ae48a00000,0x000000ae48b00000) (1024K)]
  0x00000287ec9b8f20 JavaThread "Unconstrained build operations Thread 21"        [_thread_blocked, id=44544, stack(0x000000ae48b00000,0x000000ae48c00000) (1024K)]
  0x00000287ec9b8890 JavaThread "Unconstrained build operations Thread 22"        [_thread_blocked, id=25752, stack(0x000000ae48c00000,0x000000ae48d00000) (1024K)]
  0x00000287ec9b9c40 JavaThread "Unconstrained build operations Thread 23"        [_thread_blocked, id=46940, stack(0x000000ae48d00000,0x000000ae48e00000) (1024K)]
  0x00000287ec9ba960 JavaThread "Unconstrained build operations Thread 24"        [_thread_blocked, id=46400, stack(0x000000ae48e00000,0x000000ae48f00000) (1024K)]
  0x00000287ec9bb680 JavaThread "Unconstrained build operations Thread 25"        [_thread_blocked, id=46584, stack(0x000000ae48f00000,0x000000ae49000000) (1024K)]
  0x00000287ec9ba2d0 JavaThread "Unconstrained build operations Thread 26"        [_thread_blocked, id=44652, stack(0x000000ae49000000,0x000000ae49100000) (1024K)]
  0x00000287ec9baff0 JavaThread "Unconstrained build operations Thread 27"        [_thread_blocked, id=46864, stack(0x000000ae49100000,0x000000ae49200000) (1024K)]
  0x00000287ec9bbd10 JavaThread "Unconstrained build operations Thread 28"        [_thread_blocked, id=37136, stack(0x000000ae49200000,0x000000ae49300000) (1024K)]
  0x00000287f08a9180 JavaThread "Unconstrained build operations Thread 29"        [_thread_blocked, id=44488, stack(0x000000ae49300000,0x000000ae49400000) (1024K)]
  0x00000287f08a6390 JavaThread "Unconstrained build operations Thread 30"        [_thread_blocked, id=11012, stack(0x000000ae49400000,0x000000ae49500000) (1024K)]
  0x00000287f08a6a20 JavaThread "Unconstrained build operations Thread 31"        [_thread_blocked, id=45460, stack(0x000000ae49500000,0x000000ae49600000) (1024K)]
  0x00000287f08a8af0 JavaThread "Unconstrained build operations Thread 32"        [_thread_blocked, id=40932, stack(0x000000ae49600000,0x000000ae49700000) (1024K)]
  0x00000287f08a9810 JavaThread "Unconstrained build operations Thread 33"        [_thread_blocked, id=39728, stack(0x000000ae49700000,0x000000ae49800000) (1024K)]
  0x00000287f08a70b0 JavaThread "Unconstrained build operations Thread 34"        [_thread_blocked, id=36512, stack(0x000000ae49800000,0x000000ae49900000) (1024K)]
  0x00000287f08a7740 JavaThread "Unconstrained build operations Thread 35"        [_thread_blocked, id=46580, stack(0x000000ae49900000,0x000000ae49a00000) (1024K)]
  0x00000287f08a7dd0 JavaThread "Unconstrained build operations Thread 36"        [_thread_blocked, id=44880, stack(0x000000ae49a00000,0x000000ae49b00000) (1024K)]
  0x00000287f08a8460 JavaThread "Unconstrained build operations Thread 37"        [_thread_blocked, id=46616, stack(0x000000ae49b00000,0x000000ae49c00000) (1024K)]
  0x00000287ec891110 JavaThread "Unconstrained build operations Thread 38"        [_thread_blocked, id=28300, stack(0x000000ae4a000000,0x000000ae4a100000) (1024K)]
  0x00000287ec893f00 JavaThread "Unconstrained build operations Thread 39"        [_thread_blocked, id=37332, stack(0x000000ae4a100000,0x000000ae4a200000) (1024K)]
  0x00000287ec8931e0 JavaThread "Unconstrained build operations Thread 40"        [_thread_blocked, id=43280, stack(0x000000ae4a200000,0x000000ae4a300000) (1024K)]
  0x00000287ec890a80 JavaThread "Unconstrained build operations Thread 41"        [_thread_blocked, id=12968, stack(0x000000ae4a300000,0x000000ae4a400000) (1024K)]
  0x00000287ec8917a0 JavaThread "Unconstrained build operations Thread 42"        [_thread_blocked, id=46568, stack(0x000000ae4a400000,0x000000ae4a500000) (1024K)]
  0x00000287ec891e30 JavaThread "Unconstrained build operations Thread 43"        [_thread_blocked, id=2864, stack(0x000000ae4a500000,0x000000ae4a600000) (1024K)]
  0x00000287ec892b50 JavaThread "Unconstrained build operations Thread 44"        [_thread_blocked, id=45936, stack(0x000000ae4a600000,0x000000ae4a700000) (1024K)]
  0x00000287ec62ce60 JavaThread "Unconstrained build operations Thread 45"        [_thread_blocked, id=46544, stack(0x000000ae4a700000,0x000000ae4a800000) (1024K)]
  0x00000287ec62c140 JavaThread "Unconstrained build operations Thread 46"        [_thread_blocked, id=45704, stack(0x000000ae4a800000,0x000000ae4a900000) (1024K)]
  0x00000287ec62d4f0 JavaThread "Unconstrained build operations Thread 47"        [_thread_blocked, id=37836, stack(0x000000ae4a900000,0x000000ae4aa00000) (1024K)]
  0x00000287ec62b420 JavaThread "Unconstrained build operations Thread 48"        [_thread_blocked, id=45172, stack(0x000000ae4aa00000,0x000000ae4ab00000) (1024K)]
  0x00000287ec62a700 JavaThread "Unconstrained build operations Thread 49"        [_thread_blocked, id=15848, stack(0x000000ae4ab00000,0x000000ae4ac00000) (1024K)]
  0x00000287ec62ad90 JavaThread "Unconstrained build operations Thread 50"        [_thread_blocked, id=45120, stack(0x000000ae4ac00000,0x000000ae4ad00000) (1024K)]
  0x00000287eb6c0880 JavaThread "Unconstrained build operations Thread 51"        [_thread_blocked, id=24196, stack(0x000000ae4ad00000,0x000000ae4ae00000) (1024K)]
  0x00000287eb6c15a0 JavaThread "Unconstrained build operations Thread 52"        [_thread_blocked, id=16088, stack(0x000000ae4ae00000,0x000000ae4af00000) (1024K)]
  0x00000287eb6c0f10 JavaThread "Unconstrained build operations Thread 53"        [_thread_blocked, id=46936, stack(0x000000ae4af00000,0x000000ae4b000000) (1024K)]
  0x00000287eb6bf4d0 JavaThread "Unconstrained build operations Thread 54"        [_thread_blocked, id=45500, stack(0x000000ae4b000000,0x000000ae4b100000) (1024K)]
  0x00000287eb6c1c30 JavaThread "Unconstrained build operations Thread 55"        [_thread_blocked, id=24304, stack(0x000000ae4b100000,0x000000ae4b200000) (1024K)]
  0x00000287ec893870 JavaThread "Unconstrained build operations Thread 56"        [_thread_blocked, id=46996, stack(0x000000ae4b200000,0x000000ae4b300000) (1024K)]
  0x00000287ec8924c0 JavaThread "Unconstrained build operations Thread 57"        [_thread_blocked, id=46632, stack(0x000000ae4b300000,0x000000ae4b400000) (1024K)]
  0x00000287ede80410 JavaThread "Unconstrained build operations Thread 58"        [_thread_blocked, id=26056, stack(0x000000ae4b400000,0x000000ae4b500000) (1024K)]
  0x00000287ede817c0 JavaThread "Unconstrained build operations Thread 59"        [_thread_blocked, id=40364, stack(0x000000ae4b500000,0x000000ae4b600000) (1024K)]
  0x00000287ec6ff2d0 JavaThread "Unconstrained build operations Thread 60"        [_thread_blocked, id=4780, stack(0x000000ae4b600000,0x000000ae4b700000) (1024K)]
  0x00000287ec6ffff0 JavaThread "Unconstrained build operations Thread 61"        [_thread_blocked, id=36644, stack(0x000000ae4b700000,0x000000ae4b800000) (1024K)]
  0x00000287ec6fe5b0 JavaThread "Unconstrained build operations Thread 62"        [_thread_blocked, id=30324, stack(0x000000ae4b800000,0x000000ae4b900000) (1024K)]
  0x00000287ec6fec40 JavaThread "Unconstrained build operations Thread 63"        [_thread_blocked, id=45496, stack(0x000000ae4b900000,0x000000ae4ba00000) (1024K)]
  0x00000287ec700680 JavaThread "Unconstrained build operations Thread 64"        [_thread_blocked, id=45528, stack(0x000000ae4ba00000,0x000000ae4bb00000) (1024K)]
  0x00000287ec6fd200 JavaThread "Unconstrained build operations Thread 65"        [_thread_blocked, id=9740, stack(0x000000ae4bb00000,0x000000ae4bc00000) (1024K)]
  0x00000287ec6ff960 JavaThread "Unconstrained build operations Thread 66"        [_thread_blocked, id=30820, stack(0x000000ae4bc00000,0x000000ae4bd00000) (1024K)]
  0x00000287ec6fdf20 JavaThread "Unconstrained build operations Thread 67"        [_thread_blocked, id=16488, stack(0x000000ae4bd00000,0x000000ae4be00000) (1024K)]
  0x00000287f107fc50 JavaThread "Unconstrained build operations Thread 68"        [_thread_blocked, id=12332, stack(0x000000ae4be00000,0x000000ae4bf00000) (1024K)]
  0x00000287f10802e0 JavaThread "Unconstrained build operations Thread 69"        [_thread_blocked, id=29484, stack(0x000000ae4bf00000,0x000000ae4c000000) (1024K)]
  0x00000287f107d4f0 JavaThread "Unconstrained build operations Thread 70"        [_thread_blocked, id=16576, stack(0x000000ae4c000000,0x000000ae4c100000) (1024K)]
  0x00000287f107ef30 JavaThread "Unconstrained build operations Thread 71"        [_thread_blocked, id=11440, stack(0x000000ae4c100000,0x000000ae4c200000) (1024K)]
  0x00000287f107db80 JavaThread "Unconstrained build operations Thread 72"        [_thread_blocked, id=36804, stack(0x000000ae4c200000,0x000000ae4c300000) (1024K)]
  0x00000287f107e210 JavaThread "Unconstrained build operations Thread 73"        [_thread_blocked, id=35996, stack(0x000000ae4c300000,0x000000ae4c400000) (1024K)]
  0x00000287f107f5c0 JavaThread "Unconstrained build operations Thread 74"        [_thread_blocked, id=11868, stack(0x000000ae4c400000,0x000000ae4c500000) (1024K)]
  0x00000287f107ce60 JavaThread "Unconstrained build operations Thread 75"        [_thread_blocked, id=36836, stack(0x000000ae4c500000,0x000000ae4c600000) (1024K)]
  0x00000287ec842c30 JavaThread "Unconstrained build operations Thread 76"        [_thread_blocked, id=11412, stack(0x000000ae4c600000,0x000000ae4c700000) (1024K)]
  0x00000287ec8432c0 JavaThread "Unconstrained build operations Thread 77"        [_thread_blocked, id=2876, stack(0x000000ae4c700000,0x000000ae4c800000) (1024K)]
  0x00000287ec83fe40 JavaThread "Unconstrained build operations Thread 78"        [_thread_blocked, id=44964, stack(0x000000ae4c800000,0x000000ae4c900000) (1024K)]
  0x00000287ec8411f0 JavaThread "Unconstrained build operations Thread 79"        [_thread_blocked, id=44960, stack(0x000000ae4c900000,0x000000ae4ca00000) (1024K)]
  0x00000287ec840b60 JavaThread "Unconstrained build operations Thread 80"        [_thread_blocked, id=45000, stack(0x000000ae4ca00000,0x000000ae4cb00000) (1024K)]
  0x00000287ec8404d0 JavaThread "Unconstrained build operations Thread 81"        [_thread_blocked, id=44992, stack(0x000000ae4cb00000,0x000000ae4cc00000) (1024K)]
  0x00000287ec841f10 JavaThread "Unconstrained build operations Thread 82"        [_thread_blocked, id=32924, stack(0x000000ae4cc00000,0x000000ae4cd00000) (1024K)]
  0x00000287ec841880 JavaThread "Unconstrained build operations Thread 83"        [_thread_blocked, id=16176, stack(0x000000ae4cd00000,0x000000ae4ce00000) (1024K)]
  0x00000287ec8425a0 JavaThread "Unconstrained build operations Thread 84"        [_thread_blocked, id=42064, stack(0x000000ae4ce00000,0x000000ae4cf00000) (1024K)]
  0x00000287eee9e9a0 JavaThread "Unconstrained build operations Thread 85"        [_thread_blocked, id=20652, stack(0x000000ae4cf00000,0x000000ae4d000000) (1024K)]
  0x00000287eee9cf60 JavaThread "Unconstrained build operations Thread 86"        [_thread_blocked, id=15992, stack(0x000000ae4d000000,0x000000ae4d100000) (1024K)]
  0x00000287eeea03e0 JavaThread "Unconstrained build operations Thread 87"        [_thread_blocked, id=15504, stack(0x000000ae4d100000,0x000000ae4d200000) (1024K)]
  0x00000287eee9f030 JavaThread "Unconstrained build operations Thread 88"        [_thread_blocked, id=5740, stack(0x000000ae4d200000,0x000000ae4d300000) (1024K)]
  0x00000287ec7bbb50 JavaThread "C2 CompilerThread1"         daemon [_thread_in_native, id=45012, stack(0x000000ae4d300000,0x000000ae4d400000) (1024K)]
Total: 139

Other Threads:
  0x00000287e5fab220 VMThread "VM Thread"                           [id=42504, stack(0x000000ae44300000,0x000000ae44400000) (1024K)]
  0x00000287e5f97890 WatcherThread "VM Periodic Task Thread"        [id=43624, stack(0x000000ae44200000,0x000000ae44300000) (1024K)]
  0x00000287cedfc730 WorkerThread "GC Thread#0"                     [id=31752, stack(0x000000ae43d00000,0x000000ae43e00000) (1024K)]
  0x00000287e62cb3b0 WorkerThread "GC Thread#1"                     [id=40740, stack(0x000000ae44e00000,0x000000ae44f00000) (1024K)]
  0x00000287e62cb760 WorkerThread "GC Thread#2"                     [id=1196, stack(0x000000ae44f00000,0x000000ae45000000) (1024K)]
  0x00000287e62cbb10 WorkerThread "GC Thread#3"                     [id=15636, stack(0x000000ae45000000,0x000000ae45100000) (1024K)]
  0x00000287e62cbec0 WorkerThread "GC Thread#4"                     [id=27328, stack(0x000000ae45100000,0x000000ae45200000) (1024K)]
  0x00000287ec0bf240 WorkerThread "GC Thread#5"                     [id=5348, stack(0x000000ae45f00000,0x000000ae46000000) (1024K)]
  0x00000287ec0bf5f0 WorkerThread "GC Thread#6"                     [id=42700, stack(0x000000ae46000000,0x000000ae46100000) (1024K)]
  0x00000287ec0bdfd0 WorkerThread "GC Thread#7"                     [id=33184, stack(0x000000ae46100000,0x000000ae46200000) (1024K)]
  0x00000287ec0bdc20 WorkerThread "GC Thread#8"                     [id=42744, stack(0x000000ae46200000,0x000000ae46300000) (1024K)]
  0x00000287ec0be380 WorkerThread "GC Thread#9"                     [id=26832, stack(0x000000ae46300000,0x000000ae46400000) (1024K)]
  0x00000287cee09530 ConcurrentGCThread "G1 Main Marker"            [id=43016, stack(0x000000ae43e00000,0x000000ae43f00000) (1024K)]
  0x00000287cee09e50 WorkerThread "G1 Conc#0"                       [id=10928, stack(0x000000ae43f00000,0x000000ae44000000) (1024K)]
  0x00000287ec2aee60 WorkerThread "G1 Conc#1"                       [id=17044, stack(0x000000ae46400000,0x000000ae46500000) (1024K)]
  0x00000287ec2aeab0 WorkerThread "G1 Conc#2"                       [id=41216, stack(0x000000ae46500000,0x000000ae46600000) (1024K)]
  0x00000287e5e652b0 ConcurrentGCThread "G1 Refine#0"               [id=984, stack(0x000000ae44000000,0x000000ae44100000) (1024K)]
  0x00000287e5e65c40 ConcurrentGCThread "G1 Service"                [id=36896, stack(0x000000ae44100000,0x000000ae44200000) (1024K)]
Total: 18

Threads with active compile tasks:
C2 CompilerThread0  482532 22632   !   4       org.gradle.api.internal.DefaultNamedDomainObjectCollection$AbstractDomainObjectCreatingProvider::tryCreate (181 bytes)
C2 CompilerThread1  482533 22748       4       org.gradle.api.internal.DefaultNamedDomainObjectCollection$UnfilteredIndex::removePending (17 bytes)
Total: 2

VM state: not at safepoint (normal execution)

VM Mutex/Monitor currently owned by a thread: None

Heap address: 0x00000000a0000000, size: 1536 MB, Compressed Oops mode: 32-bit

CDS archive(s) mapped at: [0x0000028780000000-0x0000028780ba0000-0x0000028780ba0000), size 12189696, SharedBaseAddress: 0x0000028780000000, ArchiveRelocationMode: 1.
Compressed class space mapped at: 0x0000028781000000-0x00000287c1000000, reserved size: 1073741824
Narrow klass base: 0x0000028780000000, Narrow klass shift: 0, Narrow klass range: 0x100000000

GC Precious Log:
 CardTable entry size: 512
 Card Set container configuration: InlinePtr #cards 5 size 8 Array Of Cards #cards 12 size 40 Howl #buckets 4 coarsen threshold 1843 Howl Bitmap #cards 512 size 80 coarsen threshold 460 Card regions per heap region 1 cards per card region 2048
 CPUs: 12 total, 12 available
 Memory: 15754M
 Large Page Support: Disabled
 NUMA Support: Disabled
 Compressed Oops: Enabled (32-bit)
 Heap Region Size: 1M
 Heap Min Capacity: 8M
 Heap Initial Capacity: 248M
 Heap Max Capacity: 1536M
 Pre-touch: Disabled
 Parallel Workers: 10
 Concurrent Workers: 3
 Concurrent Refinement Workers: 10
 Periodic GC: Disabled

Heap:
 garbage-first heap   total 276480K, used 151621K [0x00000000a0000000, 0x0000000100000000)
  region size 1024K, 20 young (20480K), 14 survivors (14336K)
 Metaspace       used 96117K, committed 98944K, reserved 1179648K
  class space    used 13278K, committed 14720K, reserved 1048576K

Heap Regions: E=young(eden), S=young(survivor), O=old, HS=humongous(starts), HC=humongous(continues), CS=collection set, F=free, TAMS=top-at-mark-start, PB=parsable bottom
|   0|0x00000000a0000000, 0x00000000a0100000, 0x00000000a0100000|100%|HS|  |TAMS 0x00000000a0000000| PB 0x00000000a0000000| Complete 
|   1|0x00000000a0100000, 0x00000000a0200000, 0x00000000a0200000|100%|HC|  |TAMS 0x00000000a0100000| PB 0x00000000a0100000| Complete 
|   2|0x00000000a0200000, 0x00000000a0300000, 0x00000000a0300000|100%|HC|  |TAMS 0x00000000a0200000| PB 0x00000000a0200000| Complete 
|   3|0x00000000a0300000, 0x00000000a0400000, 0x00000000a0400000|100%| O|  |TAMS 0x00000000a0300000| PB 0x00000000a0300000| Untracked 
|   4|0x00000000a0400000, 0x00000000a0500000, 0x00000000a0500000|100%| O|  |TAMS 0x00000000a0400000| PB 0x00000000a0400000| Untracked 
|   5|0x00000000a0500000, 0x00000000a0600000, 0x00000000a0600000|100%| O|  |TAMS 0x00000000a0500000| PB 0x00000000a0500000| Untracked 
|   6|0x00000000a0600000, 0x00000000a0700000, 0x00000000a0700000|100%|HS|  |TAMS 0x00000000a0600000| PB 0x00000000a0600000| Complete 
|   7|0x00000000a0700000, 0x00000000a0800000, 0x00000000a0800000|100%| O|  |TAMS 0x00000000a0700000| PB 0x00000000a0700000| Untracked 
|   8|0x00000000a0800000, 0x00000000a0900000, 0x00000000a0900000|100%| O|  |TAMS 0x00000000a0800000| PB 0x00000000a0800000| Untracked 
|   9|0x00000000a0900000, 0x00000000a0a00000, 0x00000000a0a00000|100%| O|  |TAMS 0x00000000a0900000| PB 0x00000000a0900000| Untracked 
|  10|0x00000000a0a00000, 0x00000000a0b00000, 0x00000000a0b00000|100%| O|  |TAMS 0x00000000a0a00000| PB 0x00000000a0a00000| Untracked 
|  11|0x00000000a0b00000, 0x00000000a0c00000, 0x00000000a0c00000|100%| O|  |TAMS 0x00000000a0b00000| PB 0x00000000a0b00000| Untracked 
|  12|0x00000000a0c00000, 0x00000000a0d00000, 0x00000000a0d00000|100%| O|  |TAMS 0x00000000a0c00000| PB 0x00000000a0c00000| Untracked 
|  13|0x00000000a0d00000, 0x00000000a0e00000, 0x00000000a0e00000|100%| O|  |TAMS 0x00000000a0d00000| PB 0x00000000a0d00000| Untracked 
|  14|0x00000000a0e00000, 0x00000000a0f00000, 0x00000000a0f00000|100%| O|  |TAMS 0x00000000a0e00000| PB 0x00000000a0e00000| Untracked 
|  15|0x00000000a0f00000, 0x00000000a1000000, 0x00000000a1000000|100%| O|  |TAMS 0x00000000a0f00000| PB 0x00000000a0f00000| Untracked 
|  16|0x00000000a1000000, 0x00000000a1100000, 0x00000000a1100000|100%| O|  |TAMS 0x00000000a1000000| PB 0x00000000a1000000| Untracked 
|  17|0x00000000a1100000, 0x00000000a1200000, 0x00000000a1200000|100%| O|  |TAMS 0x00000000a1100000| PB 0x00000000a1100000| Untracked 
|  18|0x00000000a1200000, 0x00000000a1300000, 0x00000000a1300000|100%| O|  |TAMS 0x00000000a1200000| PB 0x00000000a1200000| Untracked 
|  19|0x00000000a1300000, 0x00000000a1400000, 0x00000000a1400000|100%| O|  |TAMS 0x00000000a1300000| PB 0x00000000a1300000| Untracked 
|  20|0x00000000a1400000, 0x00000000a1500000, 0x00000000a1500000|100%| O|  |TAMS 0x00000000a1400000| PB 0x00000000a1400000| Untracked 
|  21|0x00000000a1500000, 0x00000000a1600000, 0x00000000a1600000|100%| O|  |TAMS 0x00000000a1500000| PB 0x00000000a1500000| Untracked 
|  22|0x00000000a1600000, 0x00000000a1700000, 0x00000000a1700000|100%| O|  |TAMS 0x00000000a1600000| PB 0x00000000a1600000| Untracked 
|  23|0x00000000a1700000, 0x00000000a1800000, 0x00000000a1800000|100%| O|  |TAMS 0x00000000a1700000| PB 0x00000000a1700000| Untracked 
|  24|0x00000000a1800000, 0x00000000a1900000, 0x00000000a1900000|100%| O|  |TAMS 0x00000000a1800000| PB 0x00000000a1800000| Untracked 
|  25|0x00000000a1900000, 0x00000000a1a00000, 0x00000000a1a00000|100%| O|  |TAMS 0x00000000a1900000| PB 0x00000000a1900000| Untracked 
|  26|0x00000000a1a00000, 0x00000000a1b00000, 0x00000000a1b00000|100%| O|  |TAMS 0x00000000a1a00000| PB 0x00000000a1a00000| Untracked 
|  27|0x00000000a1b00000, 0x00000000a1c00000, 0x00000000a1c00000|100%| O|  |TAMS 0x00000000a1b00000| PB 0x00000000a1b00000| Untracked 
|  28|0x00000000a1c00000, 0x00000000a1d00000, 0x00000000a1d00000|100%| O|  |TAMS 0x00000000a1c00000| PB 0x00000000a1c00000| Untracked 
|  29|0x00000000a1d00000, 0x00000000a1e00000, 0x00000000a1e00000|100%| O|  |TAMS 0x00000000a1d00000| PB 0x00000000a1d00000| Untracked 
|  30|0x00000000a1e00000, 0x00000000a1f00000, 0x00000000a1f00000|100%| O|  |TAMS 0x00000000a1e00000| PB 0x00000000a1e00000| Untracked 
|  31|0x00000000a1f00000, 0x00000000a2000000, 0x00000000a2000000|100%| O|  |TAMS 0x00000000a1f00000| PB 0x00000000a1f00000| Untracked 
|  32|0x00000000a2000000, 0x00000000a2100000, 0x00000000a2100000|100%| O|  |TAMS 0x00000000a2000000| PB 0x00000000a2000000| Untracked 
|  33|0x00000000a2100000, 0x00000000a2200000, 0x00000000a2200000|100%| O|  |TAMS 0x00000000a2100000| PB 0x00000000a2100000| Untracked 
|  34|0x00000000a2200000, 0x00000000a2300000, 0x00000000a2300000|100%| O|  |TAMS 0x00000000a2200000| PB 0x00000000a2200000| Untracked 
|  35|0x00000000a2300000, 0x00000000a2400000, 0x00000000a2400000|100%| O|  |TAMS 0x00000000a2300000| PB 0x00000000a2300000| Untracked 
|  36|0x00000000a2400000, 0x00000000a2500000, 0x00000000a2500000|100%| O|  |TAMS 0x00000000a2400000| PB 0x00000000a2400000| Untracked 
|  37|0x00000000a2500000, 0x00000000a2600000, 0x00000000a2600000|100%| O|  |TAMS 0x00000000a2500000| PB 0x00000000a2500000| Untracked 
|  38|0x00000000a2600000, 0x00000000a2700000, 0x00000000a2700000|100%| O|  |TAMS 0x00000000a2600000| PB 0x00000000a2600000| Untracked 
|  39|0x00000000a2700000, 0x00000000a2800000, 0x00000000a2800000|100%| O|  |TAMS 0x00000000a2700000| PB 0x00000000a2700000| Untracked 
|  40|0x00000000a2800000, 0x00000000a2900000, 0x00000000a2900000|100%| O|  |TAMS 0x00000000a2800000| PB 0x00000000a2800000| Untracked 
|  41|0x00000000a2900000, 0x00000000a2a00000, 0x00000000a2a00000|100%| O|  |TAMS 0x00000000a2900000| PB 0x00000000a2900000| Untracked 
|  42|0x00000000a2a00000, 0x00000000a2b00000, 0x00000000a2b00000|100%| O|  |TAMS 0x00000000a2a00000| PB 0x00000000a2a00000| Untracked 
|  43|0x00000000a2b00000, 0x00000000a2c00000, 0x00000000a2c00000|100%| O|  |TAMS 0x00000000a2b00000| PB 0x00000000a2b00000| Untracked 
|  44|0x00000000a2c00000, 0x00000000a2c00000, 0x00000000a2d00000|  0%| F|  |TAMS 0x00000000a2c00000| PB 0x00000000a2c00000| Untracked 
|  45|0x00000000a2d00000, 0x00000000a2e00000, 0x00000000a2e00000|100%| O|  |TAMS 0x00000000a2d00000| PB 0x00000000a2d00000| Untracked 
|  46|0x00000000a2e00000, 0x00000000a2f00000, 0x00000000a2f00000|100%|HS|  |TAMS 0x00000000a2e00000| PB 0x00000000a2e00000| Complete 
|  47|0x00000000a2f00000, 0x00000000a3000000, 0x00000000a3000000|100%|HS|  |TAMS 0x00000000a2f00000| PB 0x00000000a2f00000| Complete 
|  48|0x00000000a3000000, 0x00000000a3100000, 0x00000000a3100000|100%|HS|  |TAMS 0x00000000a3000000| PB 0x00000000a3000000| Complete 
|  49|0x00000000a3100000, 0x00000000a3200000, 0x00000000a3200000|100%| O|  |TAMS 0x00000000a3100000| PB 0x00000000a3100000| Untracked 
|  50|0x00000000a3200000, 0x00000000a3300000, 0x00000000a3300000|100%|HS|  |TAMS 0x00000000a3200000| PB 0x00000000a3200000| Complete 
|  51|0x00000000a3300000, 0x00000000a3400000, 0x00000000a3400000|100%| O|  |TAMS 0x00000000a3300000| PB 0x00000000a3300000| Untracked 
|  52|0x00000000a3400000, 0x00000000a3500000, 0x00000000a3500000|100%|HS|  |TAMS 0x00000000a3400000| PB 0x00000000a3400000| Complete 
|  53|0x00000000a3500000, 0x00000000a3600000, 0x00000000a3600000|100%|HS|  |TAMS 0x00000000a3500000| PB 0x00000000a3500000| Complete 
|  54|0x00000000a3600000, 0x00000000a3700000, 0x00000000a3700000|100%| O|  |TAMS 0x00000000a3600000| PB 0x00000000a3600000| Untracked 
|  55|0x00000000a3700000, 0x00000000a3800000, 0x00000000a3800000|100%| O|  |TAMS 0x00000000a3700000| PB 0x00000000a3700000| Untracked 
|  56|0x00000000a3800000, 0x00000000a3900000, 0x00000000a3900000|100%| O|  |TAMS 0x00000000a3800000| PB 0x00000000a3800000| Untracked 
|  57|0x00000000a3900000, 0x00000000a3a00000, 0x00000000a3a00000|100%| O|  |TAMS 0x00000000a3900000| PB 0x00000000a3900000| Untracked 
|  58|0x00000000a3a00000, 0x00000000a3b00000, 0x00000000a3b00000|100%| O|  |TAMS 0x00000000a3a00000| PB 0x00000000a3a00000| Untracked 
|  59|0x00000000a3b00000, 0x00000000a3c00000, 0x00000000a3c00000|100%| O|  |TAMS 0x00000000a3b00000| PB 0x00000000a3b00000| Untracked 
|  60|0x00000000a3c00000, 0x00000000a3c00000, 0x00000000a3d00000|  0%| F|  |TAMS 0x00000000a3c00000| PB 0x00000000a3c00000| Untracked 
|  61|0x00000000a3d00000, 0x00000000a3d00000, 0x00000000a3e00000|  0%| F|  |TAMS 0x00000000a3d00000| PB 0x00000000a3d00000| Untracked 
|  62|0x00000000a3e00000, 0x00000000a3f00000, 0x00000000a3f00000|100%| O|  |TAMS 0x00000000a3e00000| PB 0x00000000a3e00000| Untracked 
|  63|0x00000000a3f00000, 0x00000000a4000000, 0x00000000a4000000|100%| O|  |TAMS 0x00000000a3f00000| PB 0x00000000a3f00000| Untracked 
|  64|0x00000000a4000000, 0x00000000a4100000, 0x00000000a4100000|100%| O|  |TAMS 0x00000000a4000000| PB 0x00000000a4000000| Untracked 
|  65|0x00000000a4100000, 0x00000000a4200000, 0x00000000a4200000|100%| O|  |TAMS 0x00000000a4100000| PB 0x00000000a4100000| Untracked 
|  66|0x00000000a4200000, 0x00000000a4300000, 0x00000000a4300000|100%| O|  |TAMS 0x00000000a4200000| PB 0x00000000a4200000| Untracked 
|  67|0x00000000a4300000, 0x00000000a4400000, 0x00000000a4400000|100%|HS|  |TAMS 0x00000000a4300000| PB 0x00000000a4300000| Complete 
|  68|0x00000000a4400000, 0x00000000a4500000, 0x00000000a4500000|100%| O|  |TAMS 0x00000000a4400000| PB 0x00000000a4400000| Untracked 
|  69|0x00000000a4500000, 0x00000000a4600000, 0x00000000a4600000|100%| O|  |TAMS 0x00000000a4500000| PB 0x00000000a4500000| Untracked 
|  70|0x00000000a4600000, 0x00000000a4700000, 0x00000000a4700000|100%| O|  |TAMS 0x00000000a4600000| PB 0x00000000a4600000| Untracked 
|  71|0x00000000a4700000, 0x00000000a4800000, 0x00000000a4800000|100%| O|  |TAMS 0x00000000a4700000| PB 0x00000000a4700000| Untracked 
|  72|0x00000000a4800000, 0x00000000a4900000, 0x00000000a4900000|100%| O|  |TAMS 0x00000000a4800000| PB 0x00000000a4800000| Untracked 
|  73|0x00000000a4900000, 0x00000000a4a00000, 0x00000000a4a00000|100%| O|  |TAMS 0x00000000a4900000| PB 0x00000000a4900000| Untracked 
|  74|0x00000000a4a00000, 0x00000000a4a00000, 0x00000000a4b00000|  0%| F|  |TAMS 0x00000000a4a00000| PB 0x00000000a4a00000| Untracked 
|  75|0x00000000a4b00000, 0x00000000a4c00000, 0x00000000a4c00000|100%| O|  |TAMS 0x00000000a4b00000| PB 0x00000000a4b00000| Untracked 
|  76|0x00000000a4c00000, 0x00000000a4d00000, 0x00000000a4d00000|100%| O|  |TAMS 0x00000000a4c00000| PB 0x00000000a4c00000| Untracked 
|  77|0x00000000a4d00000, 0x00000000a4e00000, 0x00000000a4e00000|100%| O|  |TAMS 0x00000000a4d00000| PB 0x00000000a4d00000| Untracked 
|  78|0x00000000a4e00000, 0x00000000a4e00000, 0x00000000a4f00000|  0%| F|  |TAMS 0x00000000a4e00000| PB 0x00000000a4e00000| Untracked 
|  79|0x00000000a4f00000, 0x00000000a5000000, 0x00000000a5000000|100%| O|  |TAMS 0x00000000a4f00000| PB 0x00000000a4f00000| Untracked 
|  80|0x00000000a5000000, 0x00000000a5100000, 0x00000000a5100000|100%| O|  |TAMS 0x00000000a5000000| PB 0x00000000a5000000| Untracked 
|  81|0x00000000a5100000, 0x00000000a5200000, 0x00000000a5200000|100%| O|  |TAMS 0x00000000a5100000| PB 0x00000000a5100000| Untracked 
|  82|0x00000000a5200000, 0x00000000a5300000, 0x00000000a5300000|100%|HS|  |TAMS 0x00000000a5200000| PB 0x00000000a5200000| Complete 
|  83|0x00000000a5300000, 0x00000000a5300000, 0x00000000a5400000|  0%| F|  |TAMS 0x00000000a5300000| PB 0x00000000a5300000| Untracked 
|  84|0x00000000a5400000, 0x00000000a5400000, 0x00000000a5500000|  0%| F|  |TAMS 0x00000000a5400000| PB 0x00000000a5400000| Untracked 
|  85|0x00000000a5500000, 0x00000000a5600000, 0x00000000a5600000|100%| O|  |TAMS 0x00000000a5500000| PB 0x00000000a5500000| Untracked 
|  86|0x00000000a5600000, 0x00000000a5700000, 0x00000000a5700000|100%| O|  |TAMS 0x00000000a5600000| PB 0x00000000a5600000| Untracked 
|  87|0x00000000a5700000, 0x00000000a5800000, 0x00000000a5800000|100%| O|  |TAMS 0x00000000a5700000| PB 0x00000000a5700000| Untracked 
|  88|0x00000000a5800000, 0x00000000a5900000, 0x00000000a5900000|100%| O|  |TAMS 0x00000000a5800000| PB 0x00000000a5800000| Untracked 
|  89|0x00000000a5900000, 0x00000000a5a00000, 0x00000000a5a00000|100%| O|  |TAMS 0x00000000a5900000| PB 0x00000000a5900000| Untracked 
|  90|0x00000000a5a00000, 0x00000000a5b00000, 0x00000000a5b00000|100%| O|  |TAMS 0x00000000a5a00000| PB 0x00000000a5a00000| Untracked 
|  91|0x00000000a5b00000, 0x00000000a5c00000, 0x00000000a5c00000|100%| O|  |TAMS 0x00000000a5b00000| PB 0x00000000a5b00000| Untracked 
|  92|0x00000000a5c00000, 0x00000000a5d00000, 0x00000000a5d00000|100%| O|  |TAMS 0x00000000a5c00000| PB 0x00000000a5c00000| Untracked 
|  93|0x00000000a5d00000, 0x00000000a5e00000, 0x00000000a5e00000|100%| O|  |TAMS 0x00000000a5d00000| PB 0x00000000a5d00000| Untracked 
|  94|0x00000000a5e00000, 0x00000000a5f00000, 0x00000000a5f00000|100%| O|  |TAMS 0x00000000a5e00000| PB 0x00000000a5e00000| Untracked 
|  95|0x00000000a5f00000, 0x00000000a6000000, 0x00000000a6000000|100%| O|  |TAMS 0x00000000a5f00000| PB 0x00000000a5f00000| Untracked 
|  96|0x00000000a6000000, 0x00000000a6100000, 0x00000000a6100000|100%| O|  |TAMS 0x00000000a6000000| PB 0x00000000a6000000| Untracked 
|  97|0x00000000a6100000, 0x00000000a6200000, 0x00000000a6200000|100%| O|  |TAMS 0x00000000a6100000| PB 0x00000000a6100000| Untracked 
|  98|0x00000000a6200000, 0x00000000a6300000, 0x00000000a6300000|100%| O|  |TAMS 0x00000000a6200000| PB 0x00000000a6200000| Untracked 
|  99|0x00000000a6300000, 0x00000000a6400000, 0x00000000a6400000|100%| O|  |TAMS 0x00000000a6300000| PB 0x00000000a6300000| Untracked 
| 100|0x00000000a6400000, 0x00000000a6500000, 0x00000000a6500000|100%| O|  |TAMS 0x00000000a6400000| PB 0x00000000a6400000| Untracked 
| 101|0x00000000a6500000, 0x00000000a6600000, 0x00000000a6600000|100%| O|  |TAMS 0x00000000a6500000| PB 0x00000000a6500000| Untracked 
| 102|0x00000000a6600000, 0x00000000a6700000, 0x00000000a6700000|100%| O|  |TAMS 0x00000000a6600000| PB 0x00000000a6600000| Untracked 
| 103|0x00000000a6700000, 0x00000000a6800000, 0x00000000a6800000|100%| O|  |TAMS 0x00000000a6700000| PB 0x00000000a6700000| Untracked 
| 104|0x00000000a6800000, 0x00000000a6900000, 0x00000000a6900000|100%| O|  |TAMS 0x00000000a6800000| PB 0x00000000a6800000| Untracked 
| 105|0x00000000a6900000, 0x00000000a6a00000, 0x00000000a6a00000|100%| O|  |TAMS 0x00000000a6900000| PB 0x00000000a6900000| Untracked 
| 106|0x00000000a6a00000, 0x00000000a6b00000, 0x00000000a6b00000|100%| O|  |TAMS 0x00000000a6a00000| PB 0x00000000a6a00000| Untracked 
| 107|0x00000000a6b00000, 0x00000000a6c00000, 0x00000000a6c00000|100%| O|  |TAMS 0x00000000a6b00000| PB 0x00000000a6b00000| Untracked 
| 108|0x00000000a6c00000, 0x00000000a6d00000, 0x00000000a6d00000|100%| O|  |TAMS 0x00000000a6c00000| PB 0x00000000a6c00000| Untracked 
| 109|0x00000000a6d00000, 0x00000000a6e00000, 0x00000000a6e00000|100%| O|  |TAMS 0x00000000a6d00000| PB 0x00000000a6d00000| Untracked 
| 110|0x00000000a6e00000, 0x00000000a6f00000, 0x00000000a6f00000|100%| O|  |TAMS 0x00000000a6e00000| PB 0x00000000a6e00000| Untracked 
| 111|0x00000000a6f00000, 0x00000000a7000000, 0x00000000a7000000|100%| O|  |TAMS 0x00000000a6f00000| PB 0x00000000a6f00000| Untracked 
| 112|0x00000000a7000000, 0x00000000a7100000, 0x00000000a7100000|100%| O|  |TAMS 0x00000000a7000000| PB 0x00000000a7000000| Untracked 
| 113|0x00000000a7100000, 0x00000000a7200000, 0x00000000a7200000|100%| O|  |TAMS 0x00000000a7100000| PB 0x00000000a7100000| Untracked 
| 114|0x00000000a7200000, 0x00000000a7300000, 0x00000000a7300000|100%| O|  |TAMS 0x00000000a7200000| PB 0x00000000a7200000| Untracked 
| 115|0x00000000a7300000, 0x00000000a7400000, 0x00000000a7400000|100%| O|  |TAMS 0x00000000a7300000| PB 0x00000000a7300000| Untracked 
| 116|0x00000000a7400000, 0x00000000a7500000, 0x00000000a7500000|100%| O|  |TAMS 0x00000000a7400000| PB 0x00000000a7400000| Untracked 
| 117|0x00000000a7500000, 0x00000000a7600000, 0x00000000a7600000|100%| O|  |TAMS 0x00000000a7500000| PB 0x00000000a7500000| Untracked 
| 118|0x00000000a7600000, 0x00000000a7600000, 0x00000000a7700000|  0%| F|  |TAMS 0x00000000a7600000| PB 0x00000000a7600000| Untracked 
| 119|0x00000000a7700000, 0x00000000a7800000, 0x00000000a7800000|100%| O|  |TAMS 0x00000000a7700000| PB 0x00000000a7700000| Untracked 
| 120|0x00000000a7800000, 0x00000000a7900000, 0x00000000a7900000|100%| O|  |TAMS 0x00000000a7800000| PB 0x00000000a7800000| Untracked 
| 121|0x00000000a7900000, 0x00000000a7a00000, 0x00000000a7a00000|100%| O|  |TAMS 0x00000000a7900000| PB 0x00000000a7900000| Untracked 
| 122|0x00000000a7a00000, 0x00000000a7b00000, 0x00000000a7b00000|100%| O|  |TAMS 0x00000000a7a00000| PB 0x00000000a7a00000| Untracked 
| 123|0x00000000a7b00000, 0x00000000a7c00000, 0x00000000a7c00000|100%| O|  |TAMS 0x00000000a7b00000| PB 0x00000000a7b00000| Untracked 
| 124|0x00000000a7c00000, 0x00000000a7d00000, 0x00000000a7d00000|100%| O|  |TAMS 0x00000000a7c00000| PB 0x00000000a7c00000| Untracked 
| 125|0x00000000a7d00000, 0x00000000a7e00000, 0x00000000a7e00000|100%| O|  |TAMS 0x00000000a7d00000| PB 0x00000000a7d00000| Untracked 
| 126|0x00000000a7e00000, 0x00000000a7f00000, 0x00000000a7f00000|100%| O|  |TAMS 0x00000000a7e00000| PB 0x00000000a7e00000| Untracked 
| 127|0x00000000a7f00000, 0x00000000a8000000, 0x00000000a8000000|100%| O|  |TAMS 0x00000000a7f00000| PB 0x00000000a7f00000| Untracked 
| 128|0x00000000a8000000, 0x00000000a8100000, 0x00000000a8100000|100%| O|  |TAMS 0x00000000a8000000| PB 0x00000000a8000000| Untracked 
| 129|0x00000000a8100000, 0x00000000a8200000, 0x00000000a8200000|100%| O|  |TAMS 0x00000000a8100000| PB 0x00000000a8100000| Untracked 
| 130|0x00000000a8200000, 0x00000000a8300000, 0x00000000a8300000|100%| O|  |TAMS 0x00000000a8200000| PB 0x00000000a8200000| Untracked 
| 131|0x00000000a8300000, 0x00000000a8300000, 0x00000000a8400000|  0%| F|  |TAMS 0x00000000a8300000| PB 0x00000000a8300000| Untracked 
| 132|0x00000000a8400000, 0x00000000a8500000, 0x00000000a8500000|100%| O|  |TAMS 0x00000000a8400000| PB 0x00000000a8400000| Untracked 
| 133|0x00000000a8500000, 0x00000000a8500000, 0x00000000a8600000|  0%| F|  |TAMS 0x00000000a8500000| PB 0x00000000a8500000| Untracked 
| 134|0x00000000a8600000, 0x00000000a8600000, 0x00000000a8700000|  0%| F|  |TAMS 0x00000000a8600000| PB 0x00000000a8600000| Untracked 
| 135|0x00000000a8700000, 0x00000000a8700000, 0x00000000a8800000|  0%| F|  |TAMS 0x00000000a8700000| PB 0x00000000a8700000| Untracked 
| 136|0x00000000a8800000, 0x00000000a8800000, 0x00000000a8900000|  0%| F|  |TAMS 0x00000000a8800000| PB 0x00000000a8800000| Untracked 
| 137|0x00000000a8900000, 0x00000000a8900000, 0x00000000a8a00000|  0%| F|  |TAMS 0x00000000a8900000| PB 0x00000000a8900000| Untracked 
| 138|0x00000000a8a00000, 0x00000000a8b00000, 0x00000000a8b00000|100%| O|  |TAMS 0x00000000a8a00000| PB 0x00000000a8a00000| Untracked 
| 139|0x00000000a8b00000, 0x00000000a8b115e0, 0x00000000a8c00000|  6%| O|  |TAMS 0x00000000a8b00000| PB 0x00000000a8b00000| Untracked 
| 140|0x00000000a8c00000, 0x00000000a8c00000, 0x00000000a8d00000|  0%| F|  |TAMS 0x00000000a8c00000| PB 0x00000000a8c00000| Untracked 
| 141|0x00000000a8d00000, 0x00000000a8d00000, 0x00000000a8e00000|  0%| F|  |TAMS 0x00000000a8d00000| PB 0x00000000a8d00000| Untracked 
| 142|0x00000000a8e00000, 0x00000000a8e00000, 0x00000000a8f00000|  0%| F|  |TAMS 0x00000000a8e00000| PB 0x00000000a8e00000| Untracked 
| 143|0x00000000a8f00000, 0x00000000a8f00000, 0x00000000a9000000|  0%| F|  |TAMS 0x00000000a8f00000| PB 0x00000000a8f00000| Untracked 
| 144|0x00000000a9000000, 0x00000000a9000000, 0x00000000a9100000|  0%| F|  |TAMS 0x00000000a9000000| PB 0x00000000a9000000| Untracked 
| 145|0x00000000a9100000, 0x00000000a9200000, 0x00000000a9200000|100%| S|CS|TAMS 0x00000000a9100000| PB 0x00000000a9100000| Complete 
| 146|0x00000000a9200000, 0x00000000a9300000, 0x00000000a9300000|100%| S|CS|TAMS 0x00000000a9200000| PB 0x00000000a9200000| Complete 
| 147|0x00000000a9300000, 0x00000000a9400000, 0x00000000a9400000|100%| O|  |TAMS 0x00000000a9300000| PB 0x00000000a9300000| Untracked 
| 148|0x00000000a9400000, 0x00000000a9500000, 0x00000000a9500000|100%| O|  |TAMS 0x00000000a9400000| PB 0x00000000a9400000| Untracked 
| 149|0x00000000a9500000, 0x00000000a9600000, 0x00000000a9600000|100%| S|CS|TAMS 0x00000000a9500000| PB 0x00000000a9500000| Complete 
| 150|0x00000000a9600000, 0x00000000a9700000, 0x00000000a9700000|100%| S|CS|TAMS 0x00000000a9600000| PB 0x00000000a9600000| Complete 
| 151|0x00000000a9700000, 0x00000000a9800000, 0x00000000a9800000|100%| S|CS|TAMS 0x00000000a9700000| PB 0x00000000a9700000| Complete 
| 152|0x00000000a9800000, 0x00000000a9900000, 0x00000000a9900000|100%| S|CS|TAMS 0x00000000a9800000| PB 0x00000000a9800000| Complete 
| 153|0x00000000a9900000, 0x00000000a9a00000, 0x00000000a9a00000|100%| S|CS|TAMS 0x00000000a9900000| PB 0x00000000a9900000| Complete 
| 154|0x00000000a9a00000, 0x00000000a9b00000, 0x00000000a9b00000|100%| S|CS|TAMS 0x00000000a9a00000| PB 0x00000000a9a00000| Complete 
| 155|0x00000000a9b00000, 0x00000000a9c00000, 0x00000000a9c00000|100%| S|CS|TAMS 0x00000000a9b00000| PB 0x00000000a9b00000| Complete 
| 156|0x00000000a9c00000, 0x00000000a9d00000, 0x00000000a9d00000|100%| S|CS|TAMS 0x00000000a9c00000| PB 0x00000000a9c00000| Complete 
| 157|0x00000000a9d00000, 0x00000000a9e00000, 0x00000000a9e00000|100%| S|CS|TAMS 0x00000000a9d00000| PB 0x00000000a9d00000| Complete 
| 158|0x00000000a9e00000, 0x00000000a9f00000, 0x00000000a9f00000|100%| O|  |TAMS 0x00000000a9e00000| PB 0x00000000a9e00000| Untracked 
| 159|0x00000000a9f00000, 0x00000000aa000000, 0x00000000aa000000|100%| S|CS|TAMS 0x00000000a9f00000| PB 0x00000000a9f00000| Complete 
| 160|0x00000000aa000000, 0x00000000aa100000, 0x00000000aa100000|100%| S|CS|TAMS 0x00000000aa000000| PB 0x00000000aa000000| Complete 
| 161|0x00000000aa100000, 0x00000000aa100000, 0x00000000aa200000|  0%| F|  |TAMS 0x00000000aa100000| PB 0x00000000aa100000| Untracked 
| 162|0x00000000aa200000, 0x00000000aa300000, 0x00000000aa300000|100%| S|CS|TAMS 0x00000000aa200000| PB 0x00000000aa200000| Complete 
| 163|0x00000000aa300000, 0x00000000aa300000, 0x00000000aa400000|  0%| F|  |TAMS 0x00000000aa300000| PB 0x00000000aa300000| Untracked 
| 164|0x00000000aa400000, 0x00000000aa400000, 0x00000000aa500000|  0%| F|  |TAMS 0x00000000aa400000| PB 0x00000000aa400000| Untracked 
| 165|0x00000000aa500000, 0x00000000aa500000, 0x00000000aa600000|  0%| F|  |TAMS 0x00000000aa500000| PB 0x00000000aa500000| Untracked 
| 166|0x00000000aa600000, 0x00000000aa600000, 0x00000000aa700000|  0%| F|  |TAMS 0x00000000aa600000| PB 0x00000000aa600000| Untracked 
| 167|0x00000000aa700000, 0x00000000aa700000, 0x00000000aa800000|  0%| F|  |TAMS 0x00000000aa700000| PB 0x00000000aa700000| Untracked 
| 168|0x00000000aa800000, 0x00000000aa800000, 0x00000000aa900000|  0%| F|  |TAMS 0x00000000aa800000| PB 0x00000000aa800000| Untracked 
| 169|0x00000000aa900000, 0x00000000aa900000, 0x00000000aaa00000|  0%| F|  |TAMS 0x00000000aa900000| PB 0x00000000aa900000| Untracked 
| 170|0x00000000aaa00000, 0x00000000aaa00000, 0x00000000aab00000|  0%| F|  |TAMS 0x00000000aaa00000| PB 0x00000000aaa00000| Untracked 
| 171|0x00000000aab00000, 0x00000000aab00000, 0x00000000aac00000|  0%| F|  |TAMS 0x00000000aab00000| PB 0x00000000aab00000| Untracked 
| 172|0x00000000aac00000, 0x00000000aac00000, 0x00000000aad00000|  0%| F|  |TAMS 0x00000000aac00000| PB 0x00000000aac00000| Untracked 
| 173|0x00000000aad00000, 0x00000000aad00000, 0x00000000aae00000|  0%| F|  |TAMS 0x00000000aad00000| PB 0x00000000aad00000| Untracked 
| 174|0x00000000aae00000, 0x00000000aae00000, 0x00000000aaf00000|  0%| F|  |TAMS 0x00000000aae00000| PB 0x00000000aae00000| Untracked 
| 175|0x00000000aaf00000, 0x00000000aaf00000, 0x00000000ab000000|  0%| F|  |TAMS 0x00000000aaf00000| PB 0x00000000aaf00000| Untracked 
| 176|0x00000000ab000000, 0x00000000ab000000, 0x00000000ab100000|  0%| F|  |TAMS 0x00000000ab000000| PB 0x00000000ab000000| Untracked 
| 177|0x00000000ab100000, 0x00000000ab100000, 0x00000000ab200000|  0%| F|  |TAMS 0x00000000ab100000| PB 0x00000000ab100000| Untracked 
| 178|0x00000000ab200000, 0x00000000ab200000, 0x00000000ab300000|  0%| F|  |TAMS 0x00000000ab200000| PB 0x00000000ab200000| Untracked 
| 179|0x00000000ab300000, 0x00000000ab300000, 0x00000000ab400000|  0%| F|  |TAMS 0x00000000ab300000| PB 0x00000000ab300000| Untracked 
| 180|0x00000000ab400000, 0x00000000ab400000, 0x00000000ab500000|  0%| F|  |TAMS 0x00000000ab400000| PB 0x00000000ab400000| Untracked 
| 181|0x00000000ab500000, 0x00000000ab500000, 0x00000000ab600000|  0%| F|  |TAMS 0x00000000ab500000| PB 0x00000000ab500000| Untracked 
| 182|0x00000000ab600000, 0x00000000ab600000, 0x00000000ab700000|  0%| F|  |TAMS 0x00000000ab600000| PB 0x00000000ab600000| Untracked 
| 183|0x00000000ab700000, 0x00000000ab700000, 0x00000000ab800000|  0%| F|  |TAMS 0x00000000ab700000| PB 0x00000000ab700000| Untracked 
| 184|0x00000000ab800000, 0x00000000ab800000, 0x00000000ab900000|  0%| F|  |TAMS 0x00000000ab800000| PB 0x00000000ab800000| Untracked 
| 185|0x00000000ab900000, 0x00000000ab900000, 0x00000000aba00000|  0%| F|  |TAMS 0x00000000ab900000| PB 0x00000000ab900000| Untracked 
| 186|0x00000000aba00000, 0x00000000aba00000, 0x00000000abb00000|  0%| F|  |TAMS 0x00000000aba00000| PB 0x00000000aba00000| Untracked 
| 187|0x00000000abb00000, 0x00000000abb00000, 0x00000000abc00000|  0%| F|  |TAMS 0x00000000abb00000| PB 0x00000000abb00000| Untracked 
| 188|0x00000000abc00000, 0x00000000abc00000, 0x00000000abd00000|  0%| F|  |TAMS 0x00000000abc00000| PB 0x00000000abc00000| Untracked 
| 189|0x00000000abd00000, 0x00000000abd00000, 0x00000000abe00000|  0%| F|  |TAMS 0x00000000abd00000| PB 0x00000000abd00000| Untracked 
| 190|0x00000000abe00000, 0x00000000abe00000, 0x00000000abf00000|  0%| F|  |TAMS 0x00000000abe00000| PB 0x00000000abe00000| Untracked 
| 191|0x00000000abf00000, 0x00000000abf00000, 0x00000000ac000000|  0%| F|  |TAMS 0x00000000abf00000| PB 0x00000000abf00000| Untracked 
| 192|0x00000000ac000000, 0x00000000ac000000, 0x00000000ac100000|  0%| F|  |TAMS 0x00000000ac000000| PB 0x00000000ac000000| Untracked 
| 193|0x00000000ac100000, 0x00000000ac100000, 0x00000000ac200000|  0%| F|  |TAMS 0x00000000ac100000| PB 0x00000000ac100000| Untracked 
| 194|0x00000000ac200000, 0x00000000ac200000, 0x00000000ac300000|  0%| F|  |TAMS 0x00000000ac200000| PB 0x00000000ac200000| Untracked 
| 195|0x00000000ac300000, 0x00000000ac300000, 0x00000000ac400000|  0%| F|  |TAMS 0x00000000ac300000| PB 0x00000000ac300000| Untracked 
| 196|0x00000000ac400000, 0x00000000ac400000, 0x00000000ac500000|  0%| F|  |TAMS 0x00000000ac400000| PB 0x00000000ac400000| Untracked 
| 197|0x00000000ac500000, 0x00000000ac500000, 0x00000000ac600000|  0%| F|  |TAMS 0x00000000ac500000| PB 0x00000000ac500000| Untracked 
| 198|0x00000000ac600000, 0x00000000ac600000, 0x00000000ac700000|  0%| F|  |TAMS 0x00000000ac600000| PB 0x00000000ac600000| Untracked 
| 199|0x00000000ac700000, 0x00000000ac700000, 0x00000000ac800000|  0%| F|  |TAMS 0x00000000ac700000| PB 0x00000000ac700000| Untracked 
| 200|0x00000000ac800000, 0x00000000ac800000, 0x00000000ac900000|  0%| F|  |TAMS 0x00000000ac800000| PB 0x00000000ac800000| Untracked 
| 201|0x00000000ac900000, 0x00000000ac900000, 0x00000000aca00000|  0%| F|  |TAMS 0x00000000ac900000| PB 0x00000000ac900000| Untracked 
| 202|0x00000000aca00000, 0x00000000aca00000, 0x00000000acb00000|  0%| F|  |TAMS 0x00000000aca00000| PB 0x00000000aca00000| Untracked 
| 203|0x00000000acb00000, 0x00000000acb00000, 0x00000000acc00000|  0%| F|  |TAMS 0x00000000acb00000| PB 0x00000000acb00000| Untracked 
| 204|0x00000000acc00000, 0x00000000acc00000, 0x00000000acd00000|  0%| F|  |TAMS 0x00000000acc00000| PB 0x00000000acc00000| Untracked 
| 205|0x00000000acd00000, 0x00000000acd00000, 0x00000000ace00000|  0%| F|  |TAMS 0x00000000acd00000| PB 0x00000000acd00000| Untracked 
| 206|0x00000000ace00000, 0x00000000ace00000, 0x00000000acf00000|  0%| F|  |TAMS 0x00000000ace00000| PB 0x00000000ace00000| Untracked 
| 207|0x00000000acf00000, 0x00000000acf00000, 0x00000000ad000000|  0%| F|  |TAMS 0x00000000acf00000| PB 0x00000000acf00000| Untracked 
| 208|0x00000000ad000000, 0x00000000ad000000, 0x00000000ad100000|  0%| F|  |TAMS 0x00000000ad000000| PB 0x00000000ad000000| Untracked 
| 209|0x00000000ad100000, 0x00000000ad100000, 0x00000000ad200000|  0%| F|  |TAMS 0x00000000ad100000| PB 0x00000000ad100000| Untracked 
| 210|0x00000000ad200000, 0x00000000ad200000, 0x00000000ad300000|  0%| F|  |TAMS 0x00000000ad200000| PB 0x00000000ad200000| Untracked 
| 211|0x00000000ad300000, 0x00000000ad300000, 0x00000000ad400000|  0%| F|  |TAMS 0x00000000ad300000| PB 0x00000000ad300000| Untracked 
| 212|0x00000000ad400000, 0x00000000ad400000, 0x00000000ad500000|  0%| F|  |TAMS 0x00000000ad400000| PB 0x00000000ad400000| Untracked 
| 213|0x00000000ad500000, 0x00000000ad500000, 0x00000000ad600000|  0%| F|  |TAMS 0x00000000ad500000| PB 0x00000000ad500000| Untracked 
| 214|0x00000000ad600000, 0x00000000ad600000, 0x00000000ad700000|  0%| F|  |TAMS 0x00000000ad600000| PB 0x00000000ad600000| Untracked 
| 215|0x00000000ad700000, 0x00000000ad700000, 0x00000000ad800000|  0%| F|  |TAMS 0x00000000ad700000| PB 0x00000000ad700000| Untracked 
| 216|0x00000000ad800000, 0x00000000ad800000, 0x00000000ad900000|  0%| F|  |TAMS 0x00000000ad800000| PB 0x00000000ad800000| Untracked 
| 217|0x00000000ad900000, 0x00000000ad900000, 0x00000000ada00000|  0%| F|  |TAMS 0x00000000ad900000| PB 0x00000000ad900000| Untracked 
| 218|0x00000000ada00000, 0x00000000ada00000, 0x00000000adb00000|  0%| F|  |TAMS 0x00000000ada00000| PB 0x00000000ada00000| Untracked 
| 219|0x00000000adb00000, 0x00000000adb00000, 0x00000000adc00000|  0%| F|  |TAMS 0x00000000adb00000| PB 0x00000000adb00000| Untracked 
| 220|0x00000000adc00000, 0x00000000adc00000, 0x00000000add00000|  0%| F|  |TAMS 0x00000000adc00000| PB 0x00000000adc00000| Untracked 
| 221|0x00000000add00000, 0x00000000add00000, 0x00000000ade00000|  0%| F|  |TAMS 0x00000000add00000| PB 0x00000000add00000| Untracked 
| 222|0x00000000ade00000, 0x00000000ade00000, 0x00000000adf00000|  0%| F|  |TAMS 0x00000000ade00000| PB 0x00000000ade00000| Untracked 
| 223|0x00000000adf00000, 0x00000000adf00000, 0x00000000ae000000|  0%| F|  |TAMS 0x00000000adf00000| PB 0x00000000adf00000| Untracked 
| 224|0x00000000ae000000, 0x00000000ae000000, 0x00000000ae100000|  0%| F|  |TAMS 0x00000000ae000000| PB 0x00000000ae000000| Untracked 
| 225|0x00000000ae100000, 0x00000000ae100000, 0x00000000ae200000|  0%| F|  |TAMS 0x00000000ae100000| PB 0x00000000ae100000| Untracked 
| 226|0x00000000ae200000, 0x00000000ae200000, 0x00000000ae300000|  0%| F|  |TAMS 0x00000000ae200000| PB 0x00000000ae200000| Untracked 
| 227|0x00000000ae300000, 0x00000000ae300000, 0x00000000ae400000|  0%| F|  |TAMS 0x00000000ae300000| PB 0x00000000ae300000| Untracked 
| 228|0x00000000ae400000, 0x00000000ae400000, 0x00000000ae500000|  0%| F|  |TAMS 0x00000000ae400000| PB 0x00000000ae400000| Untracked 
| 229|0x00000000ae500000, 0x00000000ae500000, 0x00000000ae600000|  0%| F|  |TAMS 0x00000000ae500000| PB 0x00000000ae500000| Untracked 
| 230|0x00000000ae600000, 0x00000000ae600000, 0x00000000ae700000|  0%| F|  |TAMS 0x00000000ae600000| PB 0x00000000ae600000| Untracked 
| 231|0x00000000ae700000, 0x00000000ae700000, 0x00000000ae800000|  0%| F|  |TAMS 0x00000000ae700000| PB 0x00000000ae700000| Untracked 
| 232|0x00000000ae800000, 0x00000000ae800000, 0x00000000ae900000|  0%| F|  |TAMS 0x00000000ae800000| PB 0x00000000ae800000| Untracked 
| 233|0x00000000ae900000, 0x00000000ae900000, 0x00000000aea00000|  0%| F|  |TAMS 0x00000000ae900000| PB 0x00000000ae900000| Untracked 
| 234|0x00000000aea00000, 0x00000000aea00000, 0x00000000aeb00000|  0%| F|  |TAMS 0x00000000aea00000| PB 0x00000000aea00000| Untracked 
| 235|0x00000000aeb00000, 0x00000000aeb00000, 0x00000000aec00000|  0%| F|  |TAMS 0x00000000aeb00000| PB 0x00000000aeb00000| Untracked 
| 236|0x00000000aec00000, 0x00000000aec00000, 0x00000000aed00000|  0%| F|  |TAMS 0x00000000aec00000| PB 0x00000000aec00000| Untracked 
| 237|0x00000000aed00000, 0x00000000aed00000, 0x00000000aee00000|  0%| F|  |TAMS 0x00000000aed00000| PB 0x00000000aed00000| Untracked 
| 238|0x00000000aee00000, 0x00000000aee00000, 0x00000000aef00000|  0%| F|  |TAMS 0x00000000aee00000| PB 0x00000000aee00000| Untracked 
| 239|0x00000000aef00000, 0x00000000aef00000, 0x00000000af000000|  0%| F|  |TAMS 0x00000000aef00000| PB 0x00000000aef00000| Untracked 
| 240|0x00000000af000000, 0x00000000af000000, 0x00000000af100000|  0%| F|  |TAMS 0x00000000af000000| PB 0x00000000af000000| Untracked 
| 241|0x00000000af100000, 0x00000000af100000, 0x00000000af200000|  0%| F|  |TAMS 0x00000000af100000| PB 0x00000000af100000| Untracked 
| 242|0x00000000af200000, 0x00000000af200000, 0x00000000af300000|  0%| F|  |TAMS 0x00000000af200000| PB 0x00000000af200000| Untracked 
| 243|0x00000000af300000, 0x00000000af300000, 0x00000000af400000|  0%| F|  |TAMS 0x00000000af300000| PB 0x00000000af300000| Untracked 
| 244|0x00000000af400000, 0x00000000af400000, 0x00000000af500000|  0%| F|  |TAMS 0x00000000af400000| PB 0x00000000af400000| Untracked 
| 245|0x00000000af500000, 0x00000000af500000, 0x00000000af600000|  0%| F|  |TAMS 0x00000000af500000| PB 0x00000000af500000| Untracked 
| 246|0x00000000af600000, 0x00000000af600000, 0x00000000af700000|  0%| F|  |TAMS 0x00000000af600000| PB 0x00000000af600000| Untracked 
| 247|0x00000000af700000, 0x00000000af700000, 0x00000000af800000|  0%| F|  |TAMS 0x00000000af700000| PB 0x00000000af700000| Untracked 
| 248|0x00000000af800000, 0x00000000af800000, 0x00000000af900000|  0%| F|  |TAMS 0x00000000af800000| PB 0x00000000af800000| Untracked 
| 249|0x00000000af900000, 0x00000000af900000, 0x00000000afa00000|  0%| F|  |TAMS 0x00000000af900000| PB 0x00000000af900000| Untracked 
| 250|0x00000000afa00000, 0x00000000afa00000, 0x00000000afb00000|  0%| F|  |TAMS 0x00000000afa00000| PB 0x00000000afa00000| Untracked 
| 251|0x00000000afb00000, 0x00000000afb00000, 0x00000000afc00000|  0%| F|  |TAMS 0x00000000afb00000| PB 0x00000000afb00000| Untracked 
| 252|0x00000000afc00000, 0x00000000afc00000, 0x00000000afd00000|  0%| F|  |TAMS 0x00000000afc00000| PB 0x00000000afc00000| Untracked 
| 253|0x00000000afd00000, 0x00000000afd00000, 0x00000000afe00000|  0%| F|  |TAMS 0x00000000afd00000| PB 0x00000000afd00000| Untracked 
| 254|0x00000000afe00000, 0x00000000afe00000, 0x00000000aff00000|  0%| F|  |TAMS 0x00000000afe00000| PB 0x00000000afe00000| Untracked 
| 255|0x00000000aff00000, 0x00000000aff00000, 0x00000000b0000000|  0%| F|  |TAMS 0x00000000aff00000| PB 0x00000000aff00000| Untracked 
| 256|0x00000000b0000000, 0x00000000b0000000, 0x00000000b0100000|  0%| F|  |TAMS 0x00000000b0000000| PB 0x00000000b0000000| Untracked 
| 257|0x00000000b0100000, 0x00000000b0100000, 0x00000000b0200000|  0%| F|  |TAMS 0x00000000b0100000| PB 0x00000000b0100000| Untracked 
| 258|0x00000000b0200000, 0x00000000b0200000, 0x00000000b0300000|  0%| F|  |TAMS 0x00000000b0200000| PB 0x00000000b0200000| Untracked 
| 259|0x00000000b0300000, 0x00000000b0300000, 0x00000000b0400000|  0%| F|  |TAMS 0x00000000b0300000| PB 0x00000000b0300000| Untracked 
| 260|0x00000000b0400000, 0x00000000b0400000, 0x00000000b0500000|  0%| F|  |TAMS 0x00000000b0400000| PB 0x00000000b0400000| Untracked 
| 261|0x00000000b0500000, 0x00000000b0500000, 0x00000000b0600000|  0%| F|  |TAMS 0x00000000b0500000| PB 0x00000000b0500000| Untracked 
| 262|0x00000000b0600000, 0x00000000b0680000, 0x00000000b0700000| 50%| E|  |TAMS 0x00000000b0600000| PB 0x00000000b0600000| Complete 
| 263|0x00000000b0700000, 0x00000000b0800000, 0x00000000b0800000|100%| E|CS|TAMS 0x00000000b0700000| PB 0x00000000b0700000| Complete 
| 264|0x00000000b0800000, 0x00000000b0900000, 0x00000000b0900000|100%| E|CS|TAMS 0x00000000b0800000| PB 0x00000000b0800000| Complete 
|1531|0x00000000ffb00000, 0x00000000ffc00000, 0x00000000ffc00000|100%| E|CS|TAMS 0x00000000ffb00000| PB 0x00000000ffb00000| Complete 
|1532|0x00000000ffc00000, 0x00000000ffd00000, 0x00000000ffd00000|100%| E|CS|TAMS 0x00000000ffc00000| PB 0x00000000ffc00000| Complete 
|1533|0x00000000ffd00000, 0x00000000ffe00000, 0x00000000ffe00000|100%| E|CS|TAMS 0x00000000ffd00000| PB 0x00000000ffd00000| Complete 
|1534|0x00000000ffe00000, 0x00000000fff00000, 0x00000000fff00000|100%| O|  |TAMS 0x00000000ffe00000| PB 0x00000000ffe00000| Untracked 
|1535|0x00000000fff00000, 0x0000000100000000, 0x0000000100000000|100%| E|CS|TAMS 0x00000000fff00000| PB 0x00000000fff00000| Complete 

Card table byte_map: [0x00000287e1800000,0x00000287e1b00000] _byte_map_base: 0x00000287e1300000

Marking Bits: (CMBitMap*) 0x00000287cedfcc50
 Bits: [0x00000287e1b00000, 0x00000287e3300000)

Polling page: 0x00000287ccb70000

Metaspace:

Usage:
  Non-class:     80.90 MB used.
      Class:     12.97 MB used.
       Both:     93.87 MB used.

Virtual space:
  Non-class space:      128.00 MB reserved,      82.25 MB ( 64%) committed,  2 nodes.
      Class space:        1.00 GB reserved,      14.38 MB (  1%) committed,  1 nodes.
             Both:        1.12 GB reserved,      96.62 MB (  8%) committed. 

Chunk freelists:
   Non-Class:  13.57 MB
       Class:  1.50 MB
        Both:  15.06 MB

MaxMetaspaceSize: unlimited
CompressedClassSpaceSize: 1.00 GB
Initial GC threshold: 21.00 MB
Current GC threshold: 160.62 MB
CDS: on
 - commit_granule_bytes: 65536.
 - commit_granule_words: 8192.
 - virtual_space_node_default_size: 8388608.
 - enlarge_chunks_in_place: 1.
 - use_allocation_guard: 0.


Internal statistics:

num_allocs_failed_limit: 6.
num_arena_births: 5006.
num_arena_deaths: 0.
num_vsnodes_births: 3.
num_vsnodes_deaths: 0.
num_space_committed: 1546.
num_space_uncommitted: 0.
num_chunks_returned_to_freelist: 6.
num_chunks_taken_from_freelist: 10078.
num_chunk_merges: 6.
num_chunk_splits: 6350.
num_chunks_enlarged: 3645.
num_inconsistent_stats: 0.

CodeHeap 'non-profiled nmethods': size=120000Kb used=12280Kb max_used=14732Kb free=107719Kb
 bounds [0x00000287d9a80000, 0x00000287da8f0000, 0x00000287e0fb0000]
CodeHeap 'profiled nmethods': size=120000Kb used=21500Kb max_used=27149Kb free=98499Kb
 bounds [0x00000287d1fb0000, 0x00000287d3af0000, 0x00000287d94e0000]
CodeHeap 'non-nmethods': size=5760Kb used=2720Kb max_used=2791Kb free=3040Kb
 bounds [0x00000287d94e0000, 0x00000287d97a0000, 0x00000287d9a80000]
CodeCache: size=245760Kb, used=36500Kb, max_used=44672Kb, free=209258Kb
 total_blobs=12451, nmethods=11475, adapters=879, full_count=0
Compilation: enabled, stopped_count=0, restarted_count=0

Compilation events (20 events):
Event: 481.335 Thread 0x00000287e5fdad60 nmethod 22676 0x00000287d9beb890 code [0x00000287d9beba20, 0x00000287d9bebae8]
Event: 481.338 Thread 0x00000287e5fdad60 22679       1       com.android.build.gradle.internal.tasks.ValidateSigningTask_Decorated::getModelIdentityDisplayName (5 bytes)
Event: 481.338 Thread 0x00000287e5fdad60 nmethod 22679 0x00000287d9bef390 code [0x00000287d9bef520, 0x00000287d9bef5f0]
Event: 481.371 Thread 0x00000287e5fdad60 22680       1       com.android.build.gradle.internal.dsl.LibraryAndroidResourcesImpl$AgpDecorated::getCruncherEnabledOverride (5 bytes)
Event: 481.371 Thread 0x00000287e5fdad60 nmethod 22680 0x00000287d9bffc90 code [0x00000287d9bffe20, 0x00000287d9bffee8]
Event: 481.376 Thread 0x00000287e5fdad60 22681       3       com.android.build.gradle.internal.tasks.ExportConsumerProguardFilesTask_Decorated::$gradleFactory (13 bytes)
Event: 481.376 Thread 0x00000287e5fdad60 nmethod 22681 0x00000287d22d5310 code [0x00000287d22d54c0, 0x00000287d22d5660]
Event: 481.392 Thread 0x00000287e5fdad60 22682       3       com.android.build.gradle.internal.lint.AndroidArtifactInput_Decorated::getProjectCompileLintModels (36 bytes)
Event: 481.393 Thread 0x00000287e5fdad60 nmethod 22682 0x00000287d2770290 code [0x00000287d2770480, 0x00000287d2770880]
Event: 481.393 Thread 0x00000287e5fdad60 22683       3       com.android.build.gradle.internal.lint.AndroidArtifactInput_Decorated::getProjectCompileLintModelsFileCollection (33 bytes)
Event: 481.394 Thread 0x00000287e5fdad60 nmethod 22683 0x00000287d2283290 code [0x00000287d2283460, 0x00000287d2283848]
Event: 481.413 Thread 0x00000287e5fdad60 22684       3       org.gradle.api.internal.file.DefaultFilePropertyFactory$DefaultRegularFileVar::fromFile (6 bytes)
Event: 481.415 Thread 0x00000287e5fdad60 nmethod 22684 0x00000287d2475890 code [0x00000287d2475ac0, 0x00000287d24763b0]
Event: 481.415 Thread 0x00000287e5fdad60 22685       3       org.gradle.api.internal.file.DefaultFilePropertyFactory$DefaultRegularFileVar::fromFile (18 bytes)
Event: 481.415 Thread 0x00000287e5fdad60 nmethod 22685 0x00000287d21f5710 code [0x00000287d21f5940, 0x00000287d21f61d0]
Event: 481.421 Thread 0x00000287e5fdad60 22686       3       com.android.build.gradle.internal.tasks.MergeConsumerProguardFilesTask_Decorated::$gradleFactory (13 bytes)
Event: 481.422 Thread 0x00000287e5fdad60 nmethod 22686 0x00000287d2380610 code [0x00000287d23807c0, 0x00000287d2380960]
Event: 481.423 Thread 0x00000287e5fdad60 22687       3       org.gradle.api.internal.provider.DefaultMapProperty$CollectingSupplier::plus (24 bytes)
Event: 481.429 Thread 0x00000287e5fdad60 nmethod 22687 0x00000287d2949510 code [0x00000287d2949700, 0x00000287d2949c68]
Event: 481.429 Thread 0x00000287e5fdad60 22688       3       com.android.build.gradle.internal.services.ProjectServices::initializeAapt2Input (182 bytes)

GC Heap History (20 events):
Event: 331.523 GC heap before
{Heap before GC invocations=85 (full 0):
 garbage-first heap   total 276480K, used 241514K [0x00000000a0000000, 0x0000000100000000)
  region size 1024K, 94 young (96256K), 11 survivors (11264K)
 Metaspace       used 94972K, committed 97600K, reserved 1179648K
  class space    used 13198K, committed 14528K, reserved 1048576K
}
Event: 331.569 GC heap after
{Heap after GC invocations=86 (full 0):
 garbage-first heap   total 276480K, used 145755K [0x00000000a0000000, 0x0000000100000000)
  region size 1024K, 12 young (12288K), 12 survivors (12288K)
 Metaspace       used 94972K, committed 97600K, reserved 1179648K
  class space    used 13198K, committed 14528K, reserved 1048576K
}
Event: 361.345 GC heap before
{Heap before GC invocations=86 (full 0):
 garbage-first heap   total 276480K, used 237915K [0x00000000a0000000, 0x0000000100000000)
  region size 1024K, 102 young (104448K), 12 survivors (12288K)
 Metaspace       used 95107K, committed 97792K, reserved 1179648K
  class space    used 13213K, committed 14592K, reserved 1048576K
}
Event: 361.360 GC heap after
{Heap after GC invocations=87 (full 0):
 garbage-first heap   total 276480K, used 143000K [0x00000000a0000000, 0x0000000100000000)
  region size 1024K, 5 young (5120K), 5 survivors (5120K)
 Metaspace       used 95107K, committed 97792K, reserved 1179648K
  class space    used 13213K, committed 14592K, reserved 1048576K
}
Event: 372.504 GC heap before
{Heap before GC invocations=87 (full 0):
 garbage-first heap   total 276480K, used 240280K [0x00000000a0000000, 0x0000000100000000)
  region size 1024K, 100 young (102400K), 5 survivors (5120K)
 Metaspace       used 95169K, committed 97920K, reserved 1179648K
  class space    used 13214K, committed 14592K, reserved 1048576K
}
Event: 372.527 GC heap after
{Heap after GC invocations=88 (full 0):
 garbage-first heap   total 276480K, used 153568K [0x00000000a0000000, 0x0000000100000000)
  region size 1024K, 13 young (13312K), 13 survivors (13312K)
 Metaspace       used 95169K, committed 97920K, reserved 1179648K
  class space    used 13214K, committed 14592K, reserved 1048576K
}
Event: 389.111 GC heap before
{Heap before GC invocations=89 (full 0):
 garbage-first heap   total 276480K, used 233440K [0x00000000a0000000, 0x0000000100000000)
  region size 1024K, 101 young (103424K), 13 survivors (13312K)
 Metaspace       used 95235K, committed 97984K, reserved 1179648K
  class space    used 13215K, committed 14592K, reserved 1048576K
}
Event: 389.139 GC heap after
{Heap after GC invocations=90 (full 0):
 garbage-first heap   total 276480K, used 157604K [0x00000000a0000000, 0x0000000100000000)
  region size 1024K, 13 young (13312K), 13 survivors (13312K)
 Metaspace       used 95235K, committed 97984K, reserved 1179648K
  class space    used 13215K, committed 14592K, reserved 1048576K
}
Event: 411.216 GC heap before
{Heap before GC invocations=90 (full 0):
 garbage-first heap   total 276480K, used 242596K [0x00000000a0000000, 0x0000000100000000)
  region size 1024K, 96 young (98304K), 13 survivors (13312K)
 Metaspace       used 95405K, committed 98112K, reserved 1179648K
  class space    used 13226K, committed 14592K, reserved 1048576K
}
Event: 411.246 GC heap after
{Heap after GC invocations=91 (full 0):
 garbage-first heap   total 276480K, used 142836K [0x00000000a0000000, 0x0000000100000000)
  region size 1024K, 11 young (11264K), 11 survivors (11264K)
 Metaspace       used 95405K, committed 98112K, reserved 1179648K
  class space    used 13226K, committed 14592K, reserved 1048576K
}
Event: 422.310 GC heap before
{Heap before GC invocations=91 (full 0):
 garbage-first heap   total 276480K, used 239092K [0x00000000a0000000, 0x0000000100000000)
  region size 1024K, 105 young (107520K), 11 survivors (11264K)
 Metaspace       used 95765K, committed 98496K, reserved 1179648K
  class space    used 13264K, committed 14656K, reserved 1048576K
}
Event: 422.321 GC heap after
{Heap after GC invocations=92 (full 0):
 garbage-first heap   total 276480K, used 142649K [0x00000000a0000000, 0x0000000100000000)
  region size 1024K, 4 young (4096K), 4 survivors (4096K)
 Metaspace       used 95765K, committed 98496K, reserved 1179648K
  class space    used 13264K, committed 14656K, reserved 1048576K
}
Event: 430.432 GC heap before
{Heap before GC invocations=93 (full 0):
 garbage-first heap   total 276480K, used 236857K [0x00000000a0000000, 0x0000000100000000)
  region size 1024K, 103 young (105472K), 4 survivors (4096K)
 Metaspace       used 95809K, committed 98560K, reserved 1179648K
  class space    used 13264K, committed 14656K, reserved 1048576K
}
Event: 430.447 GC heap after
{Heap after GC invocations=94 (full 0):
 garbage-first heap   total 276480K, used 147603K [0x00000000a0000000, 0x0000000100000000)
  region size 1024K, 13 young (13312K), 13 survivors (13312K)
 Metaspace       used 95809K, committed 98560K, reserved 1179648K
  class space    used 13264K, committed 14656K, reserved 1048576K
}
Event: 449.358 GC heap before
{Heap before GC invocations=94 (full 0):
 garbage-first heap   total 276480K, used 242835K [0x00000000a0000000, 0x0000000100000000)
  region size 1024K, 107 young (109568K), 13 survivors (13312K)
 Metaspace       used 95860K, committed 98688K, reserved 1179648K
  class space    used 13266K, committed 14656K, reserved 1048576K
}
Event: 449.396 GC heap after
{Heap after GC invocations=95 (full 0):
 garbage-first heap   total 276480K, used 149862K [0x00000000a0000000, 0x0000000100000000)
  region size 1024K, 14 young (14336K), 14 survivors (14336K)
 Metaspace       used 95860K, committed 98688K, reserved 1179648K
  class space    used 13266K, committed 14656K, reserved 1048576K
}
Event: 465.560 GC heap before
{Heap before GC invocations=95 (full 0):
 garbage-first heap   total 276480K, used 240998K [0x00000000a0000000, 0x0000000100000000)
  region size 1024K, 104 young (106496K), 14 survivors (14336K)
 Metaspace       used 95922K, committed 98688K, reserved 1179648K
  class space    used 13268K, committed 14656K, reserved 1048576K
}
Event: 465.571 GC heap after
{Heap after GC invocations=96 (full 0):
 garbage-first heap   total 276480K, used 148894K [0x00000000a0000000, 0x0000000100000000)
  region size 1024K, 9 young (9216K), 9 survivors (9216K)
 Metaspace       used 95922K, committed 98688K, reserved 1179648K
  class space    used 13268K, committed 14656K, reserved 1048576K
}
Event: 476.768 GC heap before
{Heap before GC invocations=97 (full 0):
 garbage-first heap   total 276480K, used 240030K [0x00000000a0000000, 0x0000000100000000)
  region size 1024K, 102 young (104448K), 9 survivors (9216K)
 Metaspace       used 96026K, committed 98816K, reserved 1179648K
  class space    used 13275K, committed 14656K, reserved 1048576K
}
Event: 476.784 GC heap after
{Heap after GC invocations=98 (full 0):
 garbage-first heap   total 276480K, used 142581K [0x00000000a0000000, 0x0000000100000000)
  region size 1024K, 6 young (6144K), 6 survivors (6144K)
 Metaspace       used 96026K, committed 98816K, reserved 1179648K
  class space    used 13275K, committed 14656K, reserved 1048576K
}

Dll operation events (20 events):
Event: 0.528 Attempting to load shared library C:\Users\Lucas Hernandez\.vscode\extensions\redhat.java-1.56.0-win32-x64\jre\21.0.12.1-win32-x86_64\bin\nio.dll
Event: 0.529 Loaded shared library C:\Users\Lucas Hernandez\.vscode\extensions\redhat.java-1.56.0-win32-x64\jre\21.0.12.1-win32-x86_64\bin\nio.dll
Event: 0.554 Attempting to load shared library C:\Users\Lucas Hernandez\.vscode\extensions\redhat.java-1.56.0-win32-x64\jre\21.0.12.1-win32-x86_64\bin\zip.dll
Event: 0.554 Loaded shared library C:\Users\Lucas Hernandez\.vscode\extensions\redhat.java-1.56.0-win32-x64\jre\21.0.12.1-win32-x86_64\bin\zip.dll
Event: 3.875 Attempting to load shared library C:\Users\Lucas Hernandez\.vscode\extensions\redhat.java-1.56.0-win32-x64\jre\21.0.12.1-win32-x86_64\bin\jimage.dll
Event: 3.875 Loaded shared library C:\Users\Lucas Hernandez\.vscode\extensions\redhat.java-1.56.0-win32-x64\jre\21.0.12.1-win32-x86_64\bin\jimage.dll
Event: 5.860 Attempting to load shared library C:\Users\Lucas Hernandez\.vscode\extensions\redhat.java-1.56.0-win32-x64\jre\21.0.12.1-win32-x86_64\bin\verify.dll
Event: 5.861 Loaded shared library C:\Users\Lucas Hernandez\.vscode\extensions\redhat.java-1.56.0-win32-x64\jre\21.0.12.1-win32-x86_64\bin\verify.dll
Event: 6.759 Attempting to load shared library C:\Users\Lucas Hernandez\.gradle\native\1def1411415f61bf3af743bc5b6707747c0891f09f0c88961ee8f79bc544acac\windows-amd64\native-platform.dll
Event: 6.759 Loaded shared library C:\Users\Lucas Hernandez\.gradle\native\1def1411415f61bf3af743bc5b6707747c0891f09f0c88961ee8f79bc544acac\windows-amd64\native-platform.dll
Event: 6.838 Attempting to load shared library C:\Users\Lucas Hernandez\.gradle\native\0.2.7\x86_64-windows-gnu\gradle-fileevents.dll
Event: 6.839 Loaded shared library C:\Users\Lucas Hernandez\.gradle\native\0.2.7\x86_64-windows-gnu\gradle-fileevents.dll
Event: 20.374 Attempting to load shared library C:\Users\Lucas Hernandez\.vscode\extensions\redhat.java-1.56.0-win32-x64\jre\21.0.12.1-win32-x86_64\bin\management.dll
Event: 20.378 Loaded shared library C:\Users\Lucas Hernandez\.vscode\extensions\redhat.java-1.56.0-win32-x64\jre\21.0.12.1-win32-x86_64\bin\management.dll
Event: 20.506 Attempting to load shared library C:\Users\Lucas Hernandez\.vscode\extensions\redhat.java-1.56.0-win32-x64\jre\21.0.12.1-win32-x86_64\bin\management_ext.dll
Event: 20.507 Loaded shared library C:\Users\Lucas Hernandez\.vscode\extensions\redhat.java-1.56.0-win32-x64\jre\21.0.12.1-win32-x86_64\bin\management_ext.dll
Event: 24.996 Attempting to load shared library C:\Users\Lucas Hernandez\.vscode\extensions\redhat.java-1.56.0-win32-x64\jre\21.0.12.1-win32-x86_64\bin\extnet.dll
Event: 24.996 Loaded shared library C:\Users\Lucas Hernandez\.vscode\extensions\redhat.java-1.56.0-win32-x64\jre\21.0.12.1-win32-x86_64\bin\extnet.dll
Event: 28.002 Attempting to load shared library C:\Users\Lucas Hernandez\.vscode\extensions\redhat.java-1.56.0-win32-x64\jre\21.0.12.1-win32-x86_64\bin\sunmscapi.dll
Event: 28.007 Loaded shared library C:\Users\Lucas Hernandez\.vscode\extensions\redhat.java-1.56.0-win32-x64\jre\21.0.12.1-win32-x86_64\bin\sunmscapi.dll

Deoptimization events (20 events):
Event: 467.477 Thread 0x00000287eb574440 Uncommon trap: trap_request=0xffffff6e fr.pc=0x00000287d9aaec98 relative=0x00000000000000f8
Event: 467.477 Thread 0x00000287eb574440 Uncommon trap: reason=loop_limit_check action=maybe_recompile pc=0x00000287d9aaec98 method=java.util.BitSet.recalculateWordsInUse()V @ 8 c2
Event: 467.477 Thread 0x00000287eb574440 DEOPT PACKING pc=0x00000287d9aaec98 sp=0x000000ae458f93c0
Event: 467.479 Thread 0x00000287eb574440 DEOPT UNPACKING pc=0x00000287d9534422 sp=0x000000ae458f9350 mode 2
Event: 474.696 Thread 0x00000287eb574440 Uncommon trap: trap_request=0xffffff45 fr.pc=0x00000287da0cc628 relative=0x0000000000000e48
Event: 474.696 Thread 0x00000287eb574440 Uncommon trap: reason=unstable_if action=reinterpret pc=0x00000287da0cc628 method=com.google.common.collect.MapMakerInternalMap$Segment.postReadCleanup()V @ 10 c2
Event: 474.696 Thread 0x00000287eb574440 DEOPT PACKING pc=0x00000287da0cc628 sp=0x000000ae458fa1a0
Event: 474.696 Thread 0x00000287eb574440 DEOPT UNPACKING pc=0x00000287d9534422 sp=0x000000ae458fa030 mode 2
Event: 476.683 Thread 0x00000287eb574440 DEOPT PACKING pc=0x00000287d20c6b72 sp=0x000000ae458f94b0
Event: 476.683 Thread 0x00000287eb574440 DEOPT UNPACKING pc=0x00000287d9534bc2 sp=0x000000ae458f8938 mode 0
Event: 480.629 Thread 0x00000287eb574440 DEOPT PACKING pc=0x00000287d294dbb4 sp=0x000000ae458fb490
Event: 480.629 Thread 0x00000287eb574440 DEOPT UNPACKING pc=0x00000287d9534bc2 sp=0x000000ae458fa918 mode 0
Event: 481.061 Thread 0x00000287eb574440 DEOPT PACKING pc=0x00000287d294dbb4 sp=0x000000ae458fb490
Event: 481.061 Thread 0x00000287eb574440 DEOPT UNPACKING pc=0x00000287d9534bc2 sp=0x000000ae458fa918 mode 0
Event: 481.209 Thread 0x00000287eb574440 DEOPT PACKING pc=0x00000287d294dbb4 sp=0x000000ae458fb490
Event: 481.209 Thread 0x00000287eb574440 DEOPT UNPACKING pc=0x00000287d9534bc2 sp=0x000000ae458fa918 mode 0
Event: 481.362 Thread 0x00000287eb574440 DEOPT PACKING pc=0x00000287d294dbb4 sp=0x000000ae458fb490
Event: 481.362 Thread 0x00000287eb574440 DEOPT UNPACKING pc=0x00000287d9534bc2 sp=0x000000ae458fa918 mode 0
Event: 481.424 Thread 0x00000287eb574440 DEOPT PACKING pc=0x00000287d294dbb4 sp=0x000000ae458fb490
Event: 481.424 Thread 0x00000287eb574440 DEOPT UNPACKING pc=0x00000287d9534bc2 sp=0x000000ae458fa918 mode 0

Classes loaded (20 events):
Event: 131.306 Loading class javax/crypto/JceSecurity$3
Event: 131.306 Loading class javax/crypto/JceSecurity$3 done
Event: 131.306 Loading class javax/crypto/ProviderVerifier
Event: 131.306 Loading class javax/crypto/ProviderVerifier done
Event: 131.440 Loading class java/security/cert/CertificateEncodingException
Event: 131.440 Loading class java/security/cert/CertificateEncodingException done
Event: 132.882 Loading class java/text/MessageFormat
Event: 132.882 Loading class java/text/MessageFormat done
Event: 132.882 Loading class java/text/MessageFormat$Field
Event: 132.883 Loading class java/text/MessageFormat$Field done
Event: 132.889 Loading class java/io/FileReader
Event: 132.889 Loading class java/io/FileReader done
Event: 132.988 Loading class java/util/TreeMap$EntrySpliterator
Event: 132.988 Loading class java/util/TreeMap$EntrySpliterator done
Event: 145.632 Loading class java/util/AbstractList$RandomAccessSubList
Event: 145.632 Loading class java/util/AbstractList$SubList
Event: 145.632 Loading class java/util/AbstractList$SubList done
Event: 145.632 Loading class java/util/AbstractList$RandomAccessSubList done
Event: 145.632 Loading class java/util/AbstractList$SubList$1
Event: 145.632 Loading class java/util/AbstractList$SubList$1 done

Classes unloaded (0 events):
No events

Classes redefined (0 events):
No events

Internal exceptions (20 events):
Event: 481.205 Thread 0x00000287eb574440 Exception <a 'java/lang/NoClassDefFoundError'{0x00000000abca7048}: org/jetbrains/kotlin/gradle/plugin/KotlinBasePluginWrapper> (0x00000000abca7048) 
thrown [s\src\hotspot\share\oops\constantPool.cpp, line 873]
Event: 481.207 Thread 0x00000287eb574440 Exception <a 'java/lang/NoClassDefFoundError'{0x00000000abcd9de0}: org/jetbrains/kotlin/gradle/plugin/KotlinBasePluginWrapper> (0x00000000abcd9de0) 
thrown [s\src\hotspot\share\oops\constantPool.cpp, line 873]
Event: 481.209 Thread 0x00000287eb574440 Exception <a 'java/lang/NoClassDefFoundError'{0x00000000abcf8cb0}: org/jetbrains/kotlin/gradle/plugin/KotlinBasePluginWrapper> (0x00000000abcf8cb0) 
thrown [s\src\hotspot\share\oops\constantPool.cpp, line 873]
Event: 481.334 Thread 0x00000287eb574440 Exception <a 'java/lang/NoClassDefFoundError'{0x00000000ab943dc0}: org/jetbrains/kotlin/gradle/plugin/KotlinBasePluginWrapper> (0x00000000ab943dc0) 
thrown [s\src\hotspot\share\oops\constantPool.cpp, line 873]
Event: 481.335 Thread 0x00000287eb574440 Exception <a 'java/lang/NoClassDefFoundError'{0x00000000ab96ba18}: org/jetbrains/kotlin/gradle/plugin/KotlinBasePluginWrapper> (0x00000000ab96ba18) 
thrown [s\src\hotspot\share\oops\constantPool.cpp, line 873]
Event: 481.381 Thread 0x00000287eb574440 Exception <a 'java/lang/NoClassDefFoundError'{0x00000000ab75d528}: org/jetbrains/kotlin/gradle/plugin/KotlinBasePluginWrapper> (0x00000000ab75d528) 
thrown [s\src\hotspot\share\oops\constantPool.cpp, line 873]
Event: 481.383 Thread 0x00000287eb574440 Exception <a 'java/lang/NoClassDefFoundError'{0x00000000ab779328}: org/jetbrains/kotlin/gradle/plugin/KotlinBasePluginWrapper> (0x00000000ab779328) 
thrown [s\src\hotspot\share\oops\constantPool.cpp, line 873]
Event: 481.398 Thread 0x00000287eb574440 Exception <a 'java/lang/NoClassDefFoundError'{0x00000000ab505f90}: org/jetbrains/kotlin/gradle/plugin/KotlinBasePluginWrapper> (0x00000000ab505f90) 
thrown [s\src\hotspot\share\oops\constantPool.cpp, line 873]
Event: 481.400 Thread 0x00000287eb574440 Exception <a 'java/lang/NoClassDefFoundError'{0x00000000ab52f838}: org/jetbrains/kotlin/gradle/plugin/KotlinBasePluginWrapper> (0x00000000ab52f838) 
thrown [s\src\hotspot\share\oops\constantPool.cpp, line 873]
Event: 481.402 Thread 0x00000287eb574440 Exception <a 'java/lang/NoClassDefFoundError'{0x00000000ab5576e0}: org/jetbrains/kotlin/gradle/plugin/KotlinBasePluginWrapper> (0x00000000ab5576e0) 
thrown [s\src\hotspot\share\oops\constantPool.cpp, line 873]
Event: 481.404 Thread 0x00000287eb574440 Exception <a 'java/lang/NoClassDefFoundError'{0x00000000ab584448}: org/jetbrains/kotlin/gradle/plugin/KotlinBasePluginWrapper> (0x00000000ab584448) 
thrown [s\src\hotspot\share\oops\constantPool.cpp, line 873]
Event: 481.406 Thread 0x00000287eb574440 Exception <a 'java/lang/NoClassDefFoundError'{0x00000000ab5ac100}: org/jetbrains/kotlin/gradle/plugin/KotlinBasePluginWrapper> (0x00000000ab5ac100) 
thrown [s\src\hotspot\share\oops\constantPool.cpp, line 873]
Event: 481.407 Thread 0x00000287eb574440 Exception <a 'java/lang/NoClassDefFoundError'{0x00000000ab5d7f70}: org/jetbrains/kotlin/gradle/plugin/KotlinBasePluginWrapper> (0x00000000ab5d7f70) 
thrown [s\src\hotspot\share\oops\constantPool.cpp, line 873]
Event: 481.409 Thread 0x00000287eb574440 Exception <a 'java/lang/NoClassDefFoundError'{0x00000000ab5ff158}: org/jetbrains/kotlin/gradle/plugin/KotlinBasePluginWrapper> (0x00000000ab5ff158) 
thrown [s\src\hotspot\share\oops\constantPool.cpp, line 873]
Event: 481.411 Thread 0x00000287eb574440 Exception <a 'java/lang/NoClassDefFoundError'{0x00000000ab4281d8}: org/jetbrains/kotlin/gradle/plugin/KotlinBasePluginWrapper> (0x00000000ab4281d8) 
thrown [s\src\hotspot\share\oops\constantPool.cpp, line 873]
Event: 481.412 Thread 0x00000287eb574440 Exception <a 'java/lang/NoClassDefFoundError'{0x00000000ab454e10}: org/jetbrains/kotlin/gradle/plugin/KotlinBasePluginWrapper> (0x00000000ab454e10) 
thrown [s\src\hotspot\share\oops\constantPool.cpp, line 873]
Event: 481.416 Thread 0x00000287eb574440 Exception <a 'java/lang/NoClassDefFoundError'{0x00000000ab484a60}: org/jetbrains/kotlin/gradle/plugin/KotlinBasePluginWrapper> (0x00000000ab484a60) 
thrown [s\src\hotspot\share\oops\constantPool.cpp, line 873]
Event: 481.418 Thread 0x00000287eb574440 Exception <a 'java/lang/NoClassDefFoundError'{0x00000000ab4af270}: org/jetbrains/kotlin/gradle/plugin/KotlinBasePluginWrapper> (0x00000000ab4af270) 
thrown [s\src\hotspot\share\oops\constantPool.cpp, line 873]
Event: 481.434 Thread 0x00000287eb574440 Exception <a 'java/lang/NoClassDefFoundError'{0x00000000ab245ae8}: org/jetbrains/kotlin/gradle/plugin/KotlinBasePluginWrapper> (0x00000000ab245ae8) 
thrown [s\src\hotspot\share\oops\constantPool.cpp, line 873]
Event: 481.435 Thread 0x00000287eb574440 Exception <a 'java/lang/NoClassDefFoundError'{0x00000000ab26c4a8}: org/jetbrains/kotlin/gradle/plugin/KotlinBasePluginWrapper> (0x00000000ab26c4a8) 
thrown [s\src\hotspot\share\oops\constantPool.cpp, line 873]

ZGC Phase Switch (0 events):
No events

VM Operations (20 events):
Event: 469.108 Executing safepoint VM operation: Cleanup
Event: 469.250 Executing safepoint VM operation: Cleanup done
Event: 474.286 Executing safepoint VM operation: Cleanup
Event: 474.568 Executing safepoint VM operation: Cleanup done
Event: 475.575 Executing safepoint VM operation: Cleanup
Event: 475.575 Executing safepoint VM operation: Cleanup done
Event: 476.580 Executing safepoint VM operation: Cleanup
Event: 476.596 Executing safepoint VM operation: Cleanup done
Event: 476.768 Executing safepoint VM operation: G1CollectForAllocation (G1 Evacuation Pause)
Event: 476.785 Executing safepoint VM operation: G1CollectForAllocation (G1 Evacuation Pause) done
Event: 477.785 Executing safepoint VM operation: Cleanup
Event: 477.800 Executing safepoint VM operation: Cleanup done
Event: 478.814 Executing safepoint VM operation: Cleanup
Event: 478.829 Executing safepoint VM operation: Cleanup done
Event: 480.847 Executing safepoint VM operation: Cleanup
Event: 480.878 Executing safepoint VM operation: Cleanup done
Event: 481.074 Executing non-safepoint VM operation: HandshakeAllThreads (HandshakeForDeflation)
Event: 481.085 Executing non-safepoint VM operation: HandshakeAllThreads (HandshakeForDeflation) done
Event: 481.085 Executing non-safepoint VM operation: RendezvousGCThreads
Event: 481.085 Executing non-safepoint VM operation: RendezvousGCThreads done

Memory protections (0 events):
No events

Nmethod flushes (20 events):
Event: 465.953 Thread 0x00000287e5fab220 flushing  nmethod 0x00000287d3632090
Event: 465.953 Thread 0x00000287e5fab220 flushing  nmethod 0x00000287d3632b90
Event: 465.953 Thread 0x00000287e5fab220 flushing  nmethod 0x00000287d3632f90
Event: 465.953 Thread 0x00000287e5fab220 flushing  nmethod 0x00000287d3634610
Event: 465.953 Thread 0x00000287e5fab220 flushing  nmethod 0x00000287d3635710
Event: 465.953 Thread 0x00000287e5fab220 flushing  nmethod 0x00000287d37c8890
Event: 465.953 Thread 0x00000287e5fab220 flushing  nmethod 0x00000287d37cdd90
Event: 465.953 Thread 0x00000287e5fab220 flushing  nmethod 0x00000287d37f9410
Event: 465.953 Thread 0x00000287e5fab220 flushing  nmethod 0x00000287d37f9890
Event: 465.953 Thread 0x00000287e5fab220 flushing  nmethod 0x00000287d37fbc90
Event: 465.953 Thread 0x00000287e5fab220 flushing  nmethod 0x00000287d37fd790
Event: 465.953 Thread 0x00000287e5fab220 flushing  nmethod 0x00000287d388b810
Event: 465.953 Thread 0x00000287e5fab220 flushing  nmethod 0x00000287d3895a90
Event: 465.953 Thread 0x00000287e5fab220 flushing  nmethod 0x00000287d389a690
Event: 465.953 Thread 0x00000287e5fab220 flushing  nmethod 0x00000287d3932890
Event: 465.953 Thread 0x00000287e5fab220 flushing  nmethod 0x00000287d3933a90
Event: 465.953 Thread 0x00000287e5fab220 flushing  nmethod 0x00000287d3975d90
Event: 465.953 Thread 0x00000287e5fab220 flushing  nmethod 0x00000287d3982e90
Event: 465.953 Thread 0x00000287e5fab220 flushing  nmethod 0x00000287d3a00a10
Event: 465.953 Thread 0x00000287e5fab220 flushing  nmethod 0x00000287d3a01510

Events (20 events):
Event: 478.477 Thread 0x00000287eb574440 Thread added: 0x00000287f10802e0
Event: 478.481 Thread 0x00000287eb574440 Thread added: 0x00000287f107d4f0
Event: 478.483 Thread 0x00000287eb574440 Thread added: 0x00000287f107ef30
Event: 478.490 Thread 0x00000287eb574440 Thread added: 0x00000287f107db80
Event: 478.491 Thread 0x00000287eb574440 Thread added: 0x00000287f107e210
Event: 478.496 Thread 0x00000287eb574440 Thread added: 0x00000287f107f5c0
Event: 478.497 Thread 0x00000287eb574440 Thread added: 0x00000287f107ce60
Event: 478.502 Thread 0x00000287eb574440 Thread added: 0x00000287ec842c30
Event: 478.503 Thread 0x00000287eb574440 Thread added: 0x00000287ec8432c0
Event: 479.208 Thread 0x00000287eb574440 Thread added: 0x00000287ec83fe40
Event: 479.242 Thread 0x00000287eb574440 Thread added: 0x00000287ec8411f0
Event: 479.243 Thread 0x00000287eb574440 Thread added: 0x00000287ec840b60
Event: 479.279 Thread 0x00000287eb574440 Thread added: 0x00000287ec8404d0
Event: 479.284 Thread 0x00000287eb574440 Thread added: 0x00000287ec841f10
Event: 479.284 Thread 0x00000287eb574440 Thread added: 0x00000287ec841880
Event: 479.302 Thread 0x00000287eb574440 Thread added: 0x00000287ec8425a0
Event: 479.303 Thread 0x00000287eb574440 Thread added: 0x00000287eee9e9a0
Event: 479.303 Thread 0x00000287eb574440 Thread added: 0x00000287eee9cf60
Event: 479.303 Thread 0x00000287eb574440 Thread added: 0x00000287eeea03e0
Event: 479.304 Thread 0x00000287eb574440 Thread added: 0x00000287eee9f030


Dynamic libraries:
0x00007ff61a400000 - 0x00007ff61a40e000 	C:\Users\Lucas Hernandez\.vscode\extensions\redhat.java-1.56.0-win32-x64\jre\21.0.12.1-win32-x86_64\bin\java.exe
0x00007ffa77d80000 - 0x00007ffa77fe7000 	C:\WINDOWS\SYSTEM32\ntdll.dll
0x00007ffa765c0000 - 0x00007ffa7668b000 	C:\WINDOWS\System32\KERNEL32.DLL
0x00007ffa74f80000 - 0x00007ffa75382000 	C:\WINDOWS\System32\KERNELBASE.dll
0x00007ffa75940000 - 0x00007ffa75a8c000 	C:\WINDOWS\System32\ucrtbase.dll
0x00007ffa54440000 - 0x00007ffa54458000 	C:\Users\Lucas Hernandez\.vscode\extensions\redhat.java-1.56.0-win32-x64\jre\21.0.12.1-win32-x86_64\bin\jli.dll
0x00007ffa76d80000 - 0x00007ffa76f4f000 	C:\WINDOWS\System32\USER32.dll
0x00007ffa75630000 - 0x00007ffa75657000 	C:\WINDOWS\System32\win32u.dll
0x00007ffa76590000 - 0x00007ffa765bb000 	C:\WINDOWS\System32\GDI32.dll
0x00007ffa75390000 - 0x00007ffa754b9000 	C:\WINDOWS\System32\gdi32full.dll
0x00007ffa75580000 - 0x00007ffa75623000 	C:\WINDOWS\System32\msvcp_win.dll
0x00007ffa55230000 - 0x00007ffa5524e000 	C:\Users\Lucas Hernandez\.vscode\extensions\redhat.java-1.56.0-win32-x64\jre\21.0.12.1-win32-x86_64\bin\VCRUNTIME140.dll
0x00007ffa626a0000 - 0x00007ffa62930000 	C:\WINDOWS\WinSxS\amd64_microsoft.windows.common-controls_6595b64144ccf1df_6.0.26100.9278_none_3e0d1ba8e3303201\COMCTL32.dll
0x00007ffa77060000 - 0x00007ffa77109000 	C:\WINDOWS\System32\msvcrt.dll
0x00007ffa75db0000 - 0x00007ffa75de1000 	C:\WINDOWS\System32\IMM32.DLL
0x00007ffa60070000 - 0x00007ffa6007c000 	C:\Users\Lucas Hernandez\.vscode\extensions\redhat.java-1.56.0-win32-x64\jre\21.0.12.1-win32-x86_64\bin\vcruntime140_1.dll
0x00007ffa258a0000 - 0x00007ffa2592d000 	C:\Users\Lucas Hernandez\.vscode\extensions\redhat.java-1.56.0-win32-x64\jre\21.0.12.1-win32-x86_64\bin\msvcp140.dll
0x00007ff9a90d0000 - 0x00007ff9a9e72000 	C:\Users\Lucas Hernandez\.vscode\extensions\redhat.java-1.56.0-win32-x64\jre\21.0.12.1-win32-x86_64\bin\server\jvm.dll
0x00007ffa76b60000 - 0x00007ffa76c1c000 	C:\WINDOWS\System32\ADVAPI32.dll
0x00007ffa771a0000 - 0x00007ffa77249000 	C:\WINDOWS\System32\sechost.dll
0x00007ffa76a40000 - 0x00007ffa76b58000 	C:\WINDOWS\System32\RPCRT4.dll
0x00007ffa75c10000 - 0x00007ffa75c90000 	C:\WINDOWS\System32\WS2_32.dll
0x00007ffa74e00000 - 0x00007ffa74e5e000 	C:\WINDOWS\SYSTEM32\POWRPROF.dll
0x00007ffa6c150000 - 0x00007ffa6c186000 	C:\WINDOWS\SYSTEM32\WINMM.dll
0x00007ffa6cd30000 - 0x00007ffa6cd3b000 	C:\WINDOWS\SYSTEM32\VERSION.dll
0x00007ffa74de0000 - 0x00007ffa74df5000 	C:\WINDOWS\SYSTEM32\UMPDC.dll
0x00007ffa73c30000 - 0x00007ffa73c4b000 	C:\WINDOWS\SYSTEM32\kernel.appcore.dll
0x00007ffa5ff20000 - 0x00007ffa5ff2a000 	C:\Users\Lucas Hernandez\.vscode\extensions\redhat.java-1.56.0-win32-x64\jre\21.0.12.1-win32-x86_64\bin\jimage.dll
0x00007ffa68aa0000 - 0x00007ffa68cec000 	C:\WINDOWS\SYSTEM32\DBGHELP.DLL
0x00007ffa766b0000 - 0x00007ffa76a35000 	C:\WINDOWS\System32\combase.dll
0x00007ffa776e0000 - 0x00007ffa777b9000 	C:\WINDOWS\System32\OLEAUT32.dll
0x00007ffa5e7b0000 - 0x00007ffa5e7eb000 	C:\WINDOWS\SYSTEM32\dbgcore.DLL
0x00007ffa75880000 - 0x00007ffa7592c000 	C:\WINDOWS\System32\bcryptPrimitives.dll
0x00007ffa58db0000 - 0x00007ffa58dbf000 	C:\Users\Lucas Hernandez\.vscode\extensions\redhat.java-1.56.0-win32-x64\jre\21.0.12.1-win32-x86_64\bin\instrument.dll
0x00007ffa54380000 - 0x00007ffa543a0000 	C:\Users\Lucas Hernandez\.vscode\extensions\redhat.java-1.56.0-win32-x64\jre\21.0.12.1-win32-x86_64\bin\java.dll
0x00007ffa75df0000 - 0x00007ffa76588000 	C:\WINDOWS\System32\SHELL32.dll
0x00007ffa729c0000 - 0x00007ffa7326e000 	C:\WINDOWS\SYSTEM32\windows.storage.dll
0x00007ffa76f60000 - 0x00007ffa7705b000 	C:\WINDOWS\System32\SHCORE.dll
0x00007ffa77b40000 - 0x00007ffa77ba6000 	C:\WINDOWS\System32\shlwapi.dll
0x00007ffa74ea0000 - 0x00007ffa74ec9000 	C:\WINDOWS\SYSTEM32\profapi.dll
0x00007ffa54120000 - 0x00007ffa54138000 	C:\Users\Lucas Hernandez\.vscode\extensions\redhat.java-1.56.0-win32-x64\jre\21.0.12.1-win32-x86_64\bin\zip.dll
0x00007ffa5f810000 - 0x00007ffa5f820000 	C:\Users\Lucas Hernandez\.vscode\extensions\redhat.java-1.56.0-win32-x64\jre\21.0.12.1-win32-x86_64\bin\net.dll
0x00007ffa6ca10000 - 0x00007ffa6cb3a000 	C:\WINDOWS\SYSTEM32\WINHTTP.dll
0x00007ffa74210000 - 0x00007ffa7427c000 	C:\WINDOWS\system32\mswsock.dll
0x00007ffa53680000 - 0x00007ffa53696000 	C:\Users\Lucas Hernandez\.vscode\extensions\redhat.java-1.56.0-win32-x64\jre\21.0.12.1-win32-x86_64\bin\nio.dll
0x00007ffa57e70000 - 0x00007ffa57e80000 	C:\Users\Lucas Hernandez\.vscode\extensions\redhat.java-1.56.0-win32-x64\jre\21.0.12.1-win32-x86_64\bin\verify.dll
0x00007ffa47ff0000 - 0x00007ffa48017000 	C:\Users\Lucas Hernandez\.gradle\native\1def1411415f61bf3af743bc5b6707747c0891f09f0c88961ee8f79bc544acac\windows-amd64\native-platform.dll
0x00007ffa25c60000 - 0x00007ffa25cd8000 	C:\Users\Lucas Hernandez\.gradle\native\0.2.7\x86_64-windows-gnu\gradle-fileevents.dll
0x00007ffa6fe70000 - 0x00007ffa6fe7a000 	C:\Users\Lucas Hernandez\.vscode\extensions\redhat.java-1.56.0-win32-x64\jre\21.0.12.1-win32-x86_64\bin\management.dll
0x00007ffa6fe60000 - 0x00007ffa6fe6c000 	C:\Users\Lucas Hernandez\.vscode\extensions\redhat.java-1.56.0-win32-x64\jre\21.0.12.1-win32-x86_64\bin\management_ext.dll
0x00007ffa77c00000 - 0x00007ffa77c08000 	C:\WINDOWS\System32\PSAPI.DLL
0x00007ffa735d0000 - 0x00007ffa73603000 	C:\WINDOWS\SYSTEM32\IPHLPAPI.DLL
0x00007ffa77c10000 - 0x00007ffa77c1a000 	C:\WINDOWS\System32\NSI.dll
0x00007ffa60960000 - 0x00007ffa60969000 	C:\Users\Lucas Hernandez\.vscode\extensions\redhat.java-1.56.0-win32-x64\jre\21.0.12.1-win32-x86_64\bin\extnet.dll
0x00007ffa74520000 - 0x00007ffa7453b000 	C:\WINDOWS\SYSTEM32\CRYPTSP.dll
0x00007ffa73b90000 - 0x00007ffa73bc9000 	C:\WINDOWS\system32\rsaenh.dll
0x00007ffa742c0000 - 0x00007ffa742f4000 	C:\WINDOWS\SYSTEM32\USERENV.dll
0x00007ffa74e70000 - 0x00007ffa74e9a000 	C:\WINDOWS\SYSTEM32\bcrypt.dll
0x00007ffa74500000 - 0x00007ffa7450c000 	C:\WINDOWS\SYSTEM32\CRYPTBASE.dll
0x00007ffa60950000 - 0x00007ffa6095e000 	C:\Users\Lucas Hernandez\.vscode\extensions\redhat.java-1.56.0-win32-x64\jre\21.0.12.1-win32-x86_64\bin\sunmscapi.dll
0x00007ffa756f0000 - 0x00007ffa7586e000 	C:\WINDOWS\System32\CRYPT32.dll
0x00007ffa74740000 - 0x00007ffa74770000 	C:\WINDOWS\SYSTEM32\ncrypt.dll
0x00007ffa746f0000 - 0x00007ffa7472f000 	C:\WINDOWS\SYSTEM32\NTASN1.dll
0x00007ffa3a230000 - 0x00007ffa3a238000 	C:\WINDOWS\system32\wshunix.dll

JVMTI agents:
C:\Users\Lucas Hernandez\.gradle\wrapper\dists\gradle-8.14.3-all\10utluxaxniiv4wxiphsi49nj\gradle-8.14.3\lib\agents\gradle-instrumentation-agent-8.14.3.jar path:C:\Users\Lucas Hernandez\.vscode\extensions\redhat.java-1.56.0-win32-x64\jre\21.0.12.1-win32-x86_64\bin\instrument.dll, loaded, initialized, instrumentlib options:none

dbghelp: loaded successfully - version: 4.0.5 - missing functions: none
symbol engine: initialized successfully - sym options: 0x614 - pdb path: .;C:\Users\Lucas Hernandez\.vscode\extensions\redhat.java-1.56.0-win32-x64\jre\21.0.12.1-win32-x86_64\bin;C:\WINDOWS\SYSTEM32;C:\WINDOWS\WinSxS\amd64_microsoft.windows.common-controls_6595b64144ccf1df_6.0.26100.9278_none_3e0d1ba8e3303201;C:\Users\Lucas Hernandez\.vscode\extensions\redhat.java-1.56.0-win32-x64\jre\21.0.12.1-win32-x86_64\bin\server;C:\Users\Lucas Hernandez\.gradle\native\1def1411415f61bf3af743bc5b6707747c0891f09f0c88961ee8f79bc544acac\windows-amd64;C:\Users\Lucas Hernandez\.gradle\native\0.2.7\x86_64-windows-gnu

VM Arguments:
jvm_args: --add-opens=java.base/java.lang=ALL-UNNAMED --add-opens=java.base/java.lang.invoke=ALL-UNNAMED --add-opens=java.base/java.util=ALL-UNNAMED --add-opens=java.prefs/java.util.prefs=ALL-UNNAMED --add-exports=jdk.compiler/com.sun.tools.javac.api=ALL-UNNAMED --add-exports=jdk.compiler/com.sun.tools.javac.util=ALL-UNNAMED --add-opens=java.base/java.util=ALL-UNNAMED --add-opens=java.prefs/java.util.prefs=ALL-UNNAMED --add-opens=java.base/java.nio.charset=ALL-UNNAMED --add-opens=java.base/java.net=ALL-UNNAMED --add-opens=java.base/java.util.concurrent.atomic=ALL-UNNAMED --add-opens=java.xml/javax.xml.namespace=ALL-UNNAMED -Xmx1536m -Dfile.encoding=UTF-8 -Duser.country=ES -Duser.language=es -Duser.variant -javaagent:C:\Users\Lucas Hernandez\.gradle\wrapper\dists\gradle-8.14.3-all\10utluxaxniiv4wxiphsi49nj\gradle-8.14.3\lib\agents\gradle-instrumentation-agent-8.14.3.jar 
java_command: org.gradle.launcher.daemon.bootstrap.GradleDaemon 8.14.3
java_class_path (initial): C:\Users\Lucas Hernandez\.gradle\wrapper\dists\gradle-8.14.3-all\10utluxaxniiv4wxiphsi49nj\gradle-8.14.3\lib\gradle-daemon-main-8.14.3.jar
Launcher Type: SUN_STANDARD

[Global flags]
     intx CICompilerCount                          = 4                                         {product} {ergonomic}
     uint ConcGCThreads                            = 3                                         {product} {ergonomic}
     uint G1ConcRefinementThreads                  = 10                                        {product} {ergonomic}
   size_t G1HeapRegionSize                         = 1048576                                   {product} {ergonomic}
    uintx GCDrainStackTargetSize                   = 64                                        {product} {ergonomic}
   size_t InitialHeapSize                          = 260046848                                 {product} {ergonomic}
   size_t MarkStackSize                            = 4194304                                   {product} {ergonomic}
   size_t MaxHeapSize                              = 1610612736                                {product} {command line}
   size_t MaxNewSize                               = 965738496                                 {product} {ergonomic}
   size_t MinHeapDeltaBytes                        = 1048576                                   {product} {ergonomic}
   size_t MinHeapSize                              = 8388608                                   {product} {ergonomic}
    uintx NonNMethodCodeHeapSize                   = 5839372                                {pd product} {ergonomic}
    uintx NonProfiledCodeHeapSize                  = 122909434                              {pd product} {ergonomic}
    uintx ProfiledCodeHeapSize                     = 122909434                              {pd product} {ergonomic}
    uintx ReservedCodeCacheSize                    = 251658240                              {pd product} {ergonomic}
     bool SegmentedCodeCache                       = true                                      {product} {ergonomic}
   size_t SoftMaxHeapSize                          = 1610612736                             {manageable} {ergonomic}
     bool UseCompressedOops                        = true                           {product lp64_product} {ergonomic}
     bool UseG1GC                                  = true                                      {product} {ergonomic}
     bool UseLargePagesIndividualAllocation        = false                                  {pd product} {ergonomic}

Logging:
Log output configuration:
 #0: stdout all=warning uptime,level,tags foldmultilines=false
 #1: stderr all=off uptime,level,tags foldmultilines=false

Release file:
JAVA_VERSION="21.0.12.1" 
MODULES="java.base java.compiler java.datatransfer java.xml java.prefs java.desktop java.instrument java.logging java.management java.security.sasl java.naming java.rmi java.management.rmi java.net.http java.scripting java.security.jgss java.transaction.xa java.sql java.sql.rowset java.xml.crypto java.se java.smartcardio jdk.accessibility jdk.internal.jvmstat jdk.attach jdk.charsets jdk.internal.opt jdk.zipfs jdk.compiler jdk.crypto.ec jdk.crypto.cryptoki jdk.crypto.mscapi jdk.dynalink jdk.internal.ed jdk.editpad jdk.hotspot.agent jdk.httpserver jdk.internal.le jdk.internal.vm.ci jdk.internal.vm.compiler jdk.internal.vm.compiler.management jdk.jartool jdk.javadoc jdk.jcmd jdk.management jdk.management.agent jdk.jconsole jdk.jdeps jdk.jdwp.agent jdk.jdi jdk.jfr jdk.jshell jdk.jsobject jdk.jstatd jdk.localedata jdk.management.jfr jdk.naming.dns jdk.naming.rmi jdk.net jdk.nio.mapmode jdk.random jdk.sctp jdk.security.auth jdk.security.jgss jdk.unsupported jdk.unsupported.desktop jdk.xml.dom" 

Environment Variables:
JAVA_HOME=C:\Program Files\Eclipse Adoptium\jdk-17.0.20.101-hotspot\
PATH=C:\Program Files\Eclipse Adoptium\jdk-17.0.20.101-hotspot\bin;C:\Users\Lucas Hernandez\AppData\Local\Programs\Python\Python314\Scripts\;C:\Users\Lucas Hernandez\AppData\Local\Programs\Python\Python314\;C:\app\dbhomeXE\bin;C:\WINDOWS\system32;C:\WINDOWS;C:\WINDOWS\System32\Wbem;C:\WINDOWS\System32\WindowsPowerShell\v1.0\;C:\WINDOWS\System32\OpenSSH\;C:\Program Files\Docker\Docker\resources\bin;C:\Program Files\nodejs\;C:\ProgramData\chocolatey\bin;C:\Program Files\dotnet\;C:\Program Files\Git\cmd;C:\Program Files\MySQL\MySQL Shell 8.0\bin\;C:\Users\Lucas Hernandez\AppData\Local\Microsoft\WindowsApps;C:\Program Files\JetBrains\IntelliJ IDEA 2025.2.2\bin;C:\Users\Lucas Hernandez\AppData\Local\GitHubDesktop\bin;C:\Users\Lucas Hernandez\AppData\Local\Programs\Microsoft VS Code\bin;C:\Users\Lucas Hernandez\AppData\Local\Python\bin;C:\Users\Lucas Hernandez\AppData\Local\Programs\cursor\resources\app\bin;C:\Users\Lucas Hernandez\AppData\Roaming\npm;C:\src\flutter\bin;;C:\Android\sdk\platform-tools;C:\Android\sdk\cmdline-tools\latest\bin;C:\Android\sdk\emulator
USERNAME=Lucas Hernandez
OS=Windows_NT
PROCESSOR_IDENTIFIER=AMD64 Family 23 Model 104 Stepping 1, AuthenticAMD
TMP=C:\Users\LUCASH~1\AppData\Local\Temp
TEMP=C:\Users\LUCASH~1\AppData\Local\Temp




Periodic native trim disabled

---------------  S Y S T E M  ---------------

OS:
 Windows 11 , 64 bit Build 26100 (10.0.26100.9444)
OS uptime: 11 days 19:08 hours
Hyper-V role detected

CPU: total 12 (initial active 12) (12 cores per cpu, 2 threads per core) family 23 model 104 stepping 1 microcode 0x8608103, cx8, cmov, fxsr, ht, mmx, 3dnowpref, sse, sse2, sse3, ssse3, sse4a, sse4.1, sse4.2, popcnt, lzcnt, tsc, tscinvbit, avx, avx2, aes, clmul, bmi1, bmi2, adx, sha, fma, vzeroupper, clflush, clflushopt, hv, rdtscp, rdpid, f16c
Processor Information for the first 12 processors :
  Max Mhz: 2100, Current Mhz: 2100, Mhz Limit: 2100

Memory: 4k page, system-wide physical 15754M (499M free)
TotalPageFile size 64906M (AvailPageFile size 322M)
current process WorkingSet (physical memory assigned to process): 374M, peak: 553M
current process commit charge ("private bytes"): 624M, peak: 626M

vm_info: OpenJDK 64-Bit Server VM (21.0.12.1+1-LTS) for windows-amd64 JRE (21.0.12.1+1-LTS), built on 2026-08-18T00:00:00Z by "admin" with MS VC++ 17.12 (VS2022)

END.
