version 2
JvmtiExport can_access_local_variables 0
JvmtiExport can_hotswap_or_post_breakpoint 0
JvmtiExport can_post_on_exceptions 0
# 836 ciObject found
instanceKlass org/gradle/cache/internal/DefaultFileLockManager$DefaultFileLock$1
ciInstanceKlass java/lang/Cloneable 1 0 7 100 1 100 1 1 1
instanceKlass org/gradle/api/internal/artifacts/DownloadArtifactBuildOperationType$1
instanceKlass org/gradle/api/internal/artifacts/DownloadArtifactBuildOperationType$Result
instanceKlass org/gradle/api/internal/artifacts/DownloadArtifactBuildOperationType
instanceKlass  @bci org/gradle/api/internal/artifacts/ivyservice/ivyresolve/CachingModuleComponentRepository findCachingModuleSource (Lorg/gradle/internal/component/model/ModuleSources;)Lorg/gradle/api/internal/artifacts/ivyservice/ivyresolve/ModuleDescriptorHashModuleSource; 9 <appendix> member <vmtarget> ; # org/gradle/api/internal/artifacts/ivyservice/ivyresolve/CachingModuleComponentRepository$$Lambda+0x0000028b1c7b3bd8
# instanceKlass org/gradle/api/internal/artifacts/ivyservice/ivyresolve/CachingModuleComponentRepository$$Lambda+0x0000028b1c7b39b0
instanceKlass org/gradle/api/internal/artifacts/ivyservice/modulecache/artifacts/DefaultCachedArtifact
# instanceKlass java/lang/invoke/LambdaForm$DMH+0x0000028b1c7b4000
# instanceKlass org/gradle/internal/resource/cached/AbstractCachedIndex$$Lambda+0x0000028b1c7b3500
instanceKlass  @bci org/gradle/internal/resource/cached/AbstractCachedIndex lookup (Ljava/lang/Object;)Lorg/gradle/internal/resource/cached/CachedItem; 11 <appendix> member <vmtarget> ; # org/gradle/internal/resource/cached/AbstractCachedIndex$$Lambda+0x0000028b1c7b32d8
instanceKlass org/gradle/api/internal/artifacts/ivyservice/modulecache/artifacts/ArtifactAtRepositoryKey
# instanceKlass org/gradle/api/internal/artifacts/ivyservice/ivyresolve/ErrorHandlingModuleComponentRepository$ErrorHandlingModuleComponentRepositoryAccess$$Lambda+0x0000028b1c7b2e90
# instanceKlass org/gradle/api/internal/artifacts/ivyservice/ivyresolve/ErrorHandlingModuleComponentRepository$ErrorHandlingModuleComponentRepositoryAccess$$Lambda+0x0000028b1c7b2c68
# instanceKlass org/gradle/api/internal/artifacts/ivyservice/ivyresolve/ErrorHandlingModuleComponentRepository$ErrorHandlingModuleComponentRepositoryAccess$$Lambda+0x0000028b1c7b2a40
# instanceKlass org/gradle/api/internal/artifacts/ivyservice/ivyresolve/ErrorHandlingModuleComponentRepository$ErrorHandlingModuleComponentRepositoryAccess$$Lambda+0x0000028b1c7b2818
# instanceKlass org/gradle/api/internal/artifacts/ivyservice/ivyresolve/ErrorHandlingModuleComponentRepository$ErrorHandlingModuleComponentRepositoryAccess$$Lambda+0x0000028b1c7b25f0
instanceKlass  @bci org/gradle/api/internal/artifacts/ivyservice/ivyresolve/ErrorHandlingModuleComponentRepository$ErrorHandlingModuleComponentRepositoryAccess resolveArtifact (Lorg/gradle/internal/component/model/ComponentArtifactMetadata;Lorg/gradle/internal/component/model/ModuleSources;Lorg/gradle/internal/resolve/result/BuildableArtifactFileResolveResult;)V 19 <appendix> member <vmtarget> ; # org/gradle/api/internal/artifacts/ivyservice/ivyresolve/ErrorHandlingModuleComponentRepository$ErrorHandlingModuleComponentRepositoryAccess$$Lambda+0x0000028b1c7b23c8
# instanceKlass org/gradle/api/internal/artifacts/ivyservice/ivyresolve/ErrorHandlingModuleComponentRepository$ErrorHandlingModuleComponentRepositoryAccess$$Lambda+0x0000028b1c7b21a0
# instanceKlass org/gradle/api/internal/artifacts/ivyservice/ivyresolve/ErrorHandlingModuleComponentRepository$ErrorHandlingModuleComponentRepositoryAccess$$Lambda+0x0000028b1c7b1f78
instanceKlass  @bci org/gradle/api/internal/artifacts/ivyservice/ivyresolve/ErrorHandlingModuleComponentRepository$ErrorHandlingModuleComponentRepositoryAccess resolveArtifact (Lorg/gradle/internal/component/model/ComponentArtifactMetadata;Lorg/gradle/internal/component/model/ModuleSources;Lorg/gradle/internal/resolve/result/BuildableArtifactFileResolveResult;)V 13 <appendix> member <vmtarget> ; # org/gradle/api/internal/artifacts/ivyservice/ivyresolve/ErrorHandlingModuleComponentRepository$ErrorHandlingModuleComponentRepositoryAccess$$Lambda+0x0000028b1c7b1d50
# instanceKlass org/gradle/api/internal/artifacts/ivyservice/ivyresolve/ErrorHandlingModuleComponentRepository$ErrorHandlingModuleComponentRepositoryAccess$$Lambda+0x0000028b1c7b1b28
# instanceKlass org/gradle/api/internal/artifacts/ivyservice/ivyresolve/ErrorHandlingModuleComponentRepository$ErrorHandlingModuleComponentRepositoryAccess$$Lambda+0x0000028b1c7b1900
# instanceKlass org/gradle/api/internal/artifacts/ivyservice/ivyresolve/ErrorHandlingModuleComponentRepository$ErrorHandlingModuleComponentRepositoryAccess$$Lambda+0x0000028b1c7b16d8
instanceKlass  @bci org/gradle/api/internal/artifacts/ivyservice/ivyresolve/ErrorHandlingModuleComponentRepository$ErrorHandlingModuleComponentRepositoryAccess resolveArtifact (Lorg/gradle/internal/component/model/ComponentArtifactMetadata;Lorg/gradle/internal/component/model/ModuleSources;Lorg/gradle/internal/resolve/result/BuildableArtifactFileResolveResult;)V 6 <appendix> member <vmtarget> ; # org/gradle/api/internal/artifacts/ivyservice/ivyresolve/ErrorHandlingModuleComponentRepository$ErrorHandlingModuleComponentRepositoryAccess$$Lambda+0x0000028b1c7b14b0
instanceKlass org/gradle/api/internal/artifacts/DownloadArtifactBuildOperationType$DetailsImpl
instanceKlass org/gradle/api/internal/artifacts/DownloadArtifactBuildOperationType$Details
# instanceKlass org/gradle/internal/operations/DefaultBuildOperationQueue$WorkerRunnable$$Lambda+0x0000028b1c7a5da0
instanceKlass  @bci org/gradle/internal/operations/DefaultBuildOperationQueue$WorkerRunnable lambda$runBatch$1 (Lorg/gradle/internal/operations/BuildOperation;)Ljava/lang/Integer; 28 <appendix> member <vmtarget> ; # org/gradle/internal/operations/DefaultBuildOperationQueue$WorkerRunnable$$Lambda+0x0000028b1c7a5b78
# instanceKlass org/gradle/internal/operations/DefaultBuildOperationQueue$WorkerRunnable$$Lambda+0x0000028b1c7a5950
instanceKlass  @bci org/gradle/internal/operations/DefaultBuildOperationQueue$WorkerRunnable runBatch (Lorg/gradle/internal/operations/BuildOperation;)V 13 <appendix> member <vmtarget> ; # org/gradle/internal/operations/DefaultBuildOperationQueue$WorkerRunnable$$Lambda+0x0000028b1c7a5728
instanceKlass org/gradle/internal/operations/DefaultBuildOperationQueue$WorkerRunnable
instanceKlass org/gradle/api/internal/artifacts/ivyservice/resolveengine/artifact/ArtifactBackedResolvedVariant$DownloadArtifactFile
instanceKlass org/gradle/internal/operations/DefaultBuildOperationQueue
instanceKlass  @bci org/gradle/internal/operations/DefaultBuildOperationExecutor runAll (Lorg/gradle/api/Action;Lorg/gradle/internal/operations/BuildOperationConstraint;)V 11 <appendix> argL0 ; # org/gradle/internal/operations/DefaultBuildOperationExecutor$$Lambda+0x0000028b1c7a4c38
instanceKlass org/gradle/internal/operations/DefaultBuildOperationExecutor$QueueWorker
instanceKlass org/gradle/api/internal/artifacts/ivyservice/resolveengine/artifact/ParallelResolveArtifactSet$VisitingSet$StartVisitAction
instanceKlass org/gradle/api/internal/artifacts/ivyservice/resolveengine/artifact/ResolvedArtifactSet$Visitor
instanceKlass org/gradle/api/internal/artifacts/ivyservice/resolveengine/artifact/ParallelResolveArtifactSet
instanceKlass org/gradle/api/internal/artifacts/ivyservice/resolveengine/artifact/ResolvedArtifactSetResolver$1$2
instanceKlass org/gradle/api/internal/artifacts/ResolveArtifactsBuildOperationType$Details
instanceKlass org/gradle/api/internal/artifacts/ivyservice/resolveengine/artifact/ResolvedArtifactSetResolver$1
instanceKlass  @bci org/gradle/api/internal/artifacts/ivyservice/resolveengine/artifact/ResolvedArtifactSetResolver visitInUnmanagedWorkerThread (Lorg/gradle/api/internal/artifacts/ivyservice/resolveengine/artifact/ResolvedArtifactSet;Lorg/gradle/api/internal/artifacts/ivyservice/resolveengine/artifact/ArtifactVisitor;Lorg/gradle/api/internal/artifacts/configurations/ResolutionHost;)V 8 <appendix> member <vmtarget> ; # org/gradle/api/internal/artifacts/ivyservice/resolveengine/artifact/ResolvedArtifactSetResolver$$Lambda+0x0000028b1c7a8800
instanceKlass org/gradle/api/internal/artifacts/ivyservice/resolveengine/artifact/ArtifactBackedResolvedVariant$SingleArtifactSet
instanceKlass org/gradle/api/internal/artifacts/DefaultResolvedArtifact
instanceKlass  @bci org/gradle/api/internal/artifacts/ivyservice/ivyresolve/RepositoryChainArtifactResolver lambda$resolveArtifact$2 (Lorg/gradle/internal/component/model/ComponentArtifactMetadata;Lorg/gradle/internal/component/model/ComponentArtifactResolveMetadata;Lorg/gradle/api/internal/artifacts/ivyservice/ivyresolve/ModuleComponentRepository;Lorg/gradle/api/artifacts/component/ComponentArtifactIdentifier;)Lorg/gradle/api/internal/artifacts/ivyservice/resolveengine/artifact/ResolvableArtifact; 52 <appendix> member <vmtarget> ; # org/gradle/api/internal/artifacts/ivyservice/ivyresolve/RepositoryChainArtifactResolver$$Lambda+0x0000028b1c7a9720
instanceKlass org/gradle/api/artifacts/ResolvedArtifact
instanceKlass org/gradle/api/internal/artifacts/DefaultResolvableArtifact
instanceKlass  @bci org/gradle/api/internal/artifacts/ivyservice/ivyresolve/RepositoryChainArtifactResolver lambda$resolveArtifact$2 (Lorg/gradle/internal/component/model/ComponentArtifactMetadata;Lorg/gradle/internal/component/model/ComponentArtifactResolveMetadata;Lorg/gradle/api/internal/artifacts/ivyservice/ivyresolve/ModuleComponentRepository;Lorg/gradle/api/artifacts/component/ComponentArtifactIdentifier;)Lorg/gradle/api/internal/artifacts/ivyservice/resolveengine/artifact/ResolvableArtifact; 17 <appendix> member <vmtarget> ; # org/gradle/api/internal/artifacts/ivyservice/ivyresolve/RepositoryChainArtifactResolver$$Lambda+0x0000028b1c7a9248
instanceKlass  @bci org/gradle/api/internal/artifacts/ivyservice/ivyresolve/RepositoryChainArtifactResolver resolveArtifact (Lorg/gradle/internal/component/model/ComponentArtifactResolveMetadata;Lorg/gradle/internal/component/model/ComponentArtifactMetadata;Lorg/gradle/internal/resolve/result/BuildableArtifactResolveResult;)V 30 <appendix> member <vmtarget> ; # org/gradle/api/internal/artifacts/ivyservice/ivyresolve/RepositoryChainArtifactResolver$$Lambda+0x0000028b1c7a9000
instanceKlass  @bci org/gradle/api/internal/artifacts/ivyservice/ivyresolve/RepositoryChainArtifactResolver findSourceRepository (Lorg/gradle/internal/component/model/ModuleSources;)Lorg/gradle/api/internal/artifacts/ivyservice/ivyresolve/ModuleComponentRepository; 8 <appendix> argL0 ; # org/gradle/api/internal/artifacts/ivyservice/ivyresolve/RepositoryChainArtifactResolver$$Lambda+0x0000028b1c7abda8
instanceKlass  @bci org/gradle/api/internal/artifacts/ivyservice/resolveengine/artifact/VariantResolvingArtifactSet select (Lorg/gradle/api/internal/artifacts/transform/ArtifactVariantSelector;Lorg/gradle/api/internal/artifacts/ivyservice/resolveengine/artifact/ArtifactSelectionSpec;)Lorg/gradle/api/internal/artifacts/ivyservice/resolveengine/artifact/ResolvedArtifactSet; 142 <appendix> member <vmtarget> ; # org/gradle/api/internal/artifacts/ivyservice/resolveengine/artifact/VariantResolvingArtifactSet$$Lambda+0x0000028b1c7ab2a0
instanceKlass org/gradle/api/internal/artifacts/transform/ArtifactVariantSelector$ResolvedArtifactTransformer
instanceKlass org/gradle/api/internal/artifacts/ivyservice/resolveengine/artifact/DefaultResolvedVariantSet
instanceKlass org/gradle/internal/resolve/result/BuildableArtifactResolveResult
instanceKlass org/gradle/internal/resolve/resolver/DefaultComponentArtifactResolver
instanceKlass org/gradle/api/internal/artifacts/ivyservice/resolveengine/artifact/ArtifactBackedResolvedVariant
instanceKlass org/gradle/api/internal/artifacts/dsl/ArtifactFile
instanceKlass org/gradle/internal/component/external/model/UrlBackedArtifactMetadata
instanceKlass org/gradle/internal/component/model/DefaultExternalComponentGraphResolveState$ExternalArtifactResolveMetadata
instanceKlass org/gradle/internal/component/local/model/OpaqueComponentIdentifier
instanceKlass org/gradle/api/internal/artifacts/configurations/ResolveConfigurationResolutionBuildOperationResult$LazyDesugaringAttributeContainer
instanceKlass org/gradle/api/internal/artifacts/configurations/ResolveConfigurationResolutionBuildOperationResult
instanceKlass org/gradle/api/internal/artifacts/configurations/ResolveConfigurationDependenciesBuildOperationType$Result
instanceKlass  @bci org/gradle/api/internal/artifacts/configurations/DefaultConfiguration$1 captureBuildOperationResult (Lorg/gradle/internal/operations/BuildOperationContext;Lorg/gradle/api/internal/artifacts/ResolverResults;)V 17 <appendix> member <vmtarget> ; # org/gradle/api/internal/artifacts/configurations/DefaultConfiguration$1$$Lambda+0x0000028b1c7af838
instanceKlass org/gradle/api/internal/artifacts/ivyservice/DefaultResolvedConfiguration
instanceKlass org/gradle/api/internal/artifacts/ivyservice/DefaultLenientConfiguration
instanceKlass org/gradle/api/internal/artifacts/ivyservice/resolveengine/oldresult/TransientConfigurationResultsLoader
instanceKlass  @bci org/gradle/api/internal/artifacts/ivyservice/resolveengine/result/StreamingResolutionResultBuilder getResolutionResult (Ljava/util/Set;)Lorg/gradle/api/internal/artifacts/result/MinimalResolutionResult; 50 <appendix> member <vmtarget> ; # org/gradle/api/internal/artifacts/ivyservice/resolveengine/result/StreamingResolutionResultBuilder$$Lambda+0x0000028b1c7aee78
instanceKlass org/gradle/api/internal/artifacts/ivyservice/resolveengine/result/StreamingResolutionResultBuilder$RootFactory
instanceKlass org/gradle/api/internal/artifacts/ivyservice/resolveengine/oldresult/DefaultResolvedGraphResults
instanceKlass org/gradle/api/internal/artifacts/ivyservice/resolveengine/result/DefaultVisitedFileDependencyResults
instanceKlass org/gradle/api/internal/artifacts/ivyservice/resolveengine/store/DefaultBinaryStore$SimpleBinaryData
instanceKlass  @bci org/gradle/api/internal/artifacts/ivyservice/resolveengine/oldresult/TransientConfigurationResultsBuilder done (Ljava/lang/Long;)V 5 <appendix> member <vmtarget> ; # org/gradle/api/internal/artifacts/ivyservice/resolveengine/oldresult/TransientConfigurationResultsBuilder$$Lambda+0x0000028b1c7ae348
instanceKlass  @bci org/gradle/api/internal/artifacts/ivyservice/resolveengine/result/StreamingResolutionResultBuilder finish (Lorg/gradle/api/internal/artifacts/ivyservice/resolveengine/graph/RootGraphNode;)V 5 <appendix> member <vmtarget> ; # org/gradle/api/internal/artifacts/ivyservice/resolveengine/result/StreamingResolutionResultBuilder$$Lambda+0x0000028b1c7ae120
instanceKlass  @bci org/gradle/api/internal/artifacts/ivyservice/resolveengine/excludes/factories/NormalizingExcludeFactory doUnion (Ljava/util/Set;)Lorg/gradle/api/internal/artifacts/ivyservice/resolveengine/excludes/specs/ExcludeSpec; 1086 <appendix> member <vmtarget> ; # org/gradle/api/internal/artifacts/ivyservice/resolveengine/excludes/factories/NormalizingExcludeFactory$$Lambda+0x0000028b1c7aded8
instanceKlass org/gradle/api/internal/artifacts/ivyservice/resolveengine/excludes/simple/DefaultModuleIdSetExclude
instanceKlass  @bci org/gradle/api/internal/artifacts/ivyservice/resolveengine/excludes/factories/NormalizingExcludeFactory doUnion (Ljava/util/Set;)Lorg/gradle/api/internal/artifacts/ivyservice/resolveengine/excludes/specs/ExcludeSpec; 200 <appendix> argL0 ; # org/gradle/api/internal/artifacts/ivyservice/resolveengine/excludes/factories/NormalizingExcludeFactory$$Lambda+0x0000028b1c7ada48
instanceKlass  @bci java/util/stream/Collectors lambda$groupingBy$53 (Ljava/util/function/Function;Ljava/util/function/Supplier;Ljava/util/function/BiConsumer;Ljava/util/Map;Ljava/lang/Object;)V 20 <appendix> member <vmtarget> ; # java/util/stream/Collectors$$Lambda+0x0000028b1c5d0870
instanceKlass  @bci java/util/stream/Collectors mapMerger (Ljava/util/function/BinaryOperator;)Ljava/util/function/BinaryOperator; 1 <appendix> member <vmtarget> ; # java/util/stream/Collectors$$Lambda+0x0000028b1c5d0620
instanceKlass  @bci java/util/stream/Collectors groupingBy (Ljava/util/function/Function;Ljava/util/function/Supplier;Ljava/util/stream/Collector;)Ljava/util/stream/Collector; 19 <appendix> member <vmtarget> ; # java/util/stream/Collectors$$Lambda+0x0000028b1c5d03e8
instanceKlass  @bci java/util/stream/Collectors groupingBy (Ljava/util/function/Function;Ljava/util/stream/Collector;)Ljava/util/stream/Collector; 1 <appendix> argL0 ; # java/util/stream/Collectors$$Lambda+0x0000028b1c5d01c8
instanceKlass  @bci org/gradle/api/internal/artifacts/ivyservice/resolveengine/excludes/factories/NormalizingExcludeFactory doUnion (Ljava/util/Set;)Lorg/gradle/api/internal/artifacts/ivyservice/resolveengine/excludes/specs/ExcludeSpec; 78 <appendix> argL0 ; # org/gradle/api/internal/artifacts/ivyservice/resolveengine/excludes/factories/NormalizingExcludeFactory$$Lambda+0x0000028b1c7ad808
instanceKlass org/gradle/api/internal/artifacts/ivyservice/resolveengine/excludes/factories/NormalizingExcludeFactory$FlattenOperationResult
instanceKlass  @bci org/gradle/api/internal/artifacts/ivyservice/resolveengine/excludes/factories/NormalizingExcludeFactory doUnion (Ljava/util/Set;)Lorg/gradle/api/internal/artifacts/ivyservice/resolveengine/excludes/specs/ExcludeSpec; 31 <appendix> member <vmtarget> ; # org/gradle/api/internal/artifacts/ivyservice/resolveengine/excludes/factories/NormalizingExcludeFactory$$Lambda+0x0000028b1c7ad158
instanceKlass  @bci org/gradle/api/internal/artifacts/ivyservice/resolveengine/excludes/factories/NormalizingExcludeFactory doUnion (Ljava/util/Set;)Lorg/gradle/api/internal/artifacts/ivyservice/resolveengine/excludes/specs/ExcludeSpec; 19 <appendix> member <vmtarget> ; # org/gradle/api/internal/artifacts/ivyservice/resolveengine/excludes/factories/NormalizingExcludeFactory$$Lambda+0x0000028b1c7acf00
instanceKlass  @bci org/gradle/api/internal/artifacts/ivyservice/resolveengine/excludes/factories/NormalizingExcludeFactory simplifySet (Ljava/lang/Class;Ljava/util/Set;)Ljava/util/Set; 12 <appendix> member <vmtarget> ; # org/gradle/api/internal/artifacts/ivyservice/resolveengine/excludes/factories/NormalizingExcludeFactory$$Lambda+0x0000028b1c7acca8
instanceKlass org/gradle/api/internal/artifacts/ivyservice/resolveengine/excludes/specs/ExcludeAllOf
instanceKlass  @bci org/gradle/api/internal/artifacts/ivyservice/resolveengine/excludes/factories/CachingExcludeFactory anyOf (Ljava/util/Set;)Lorg/gradle/api/internal/artifacts/ivyservice/resolveengine/excludes/specs/ExcludeSpec; 14 <appendix> member <vmtarget> ; # org/gradle/api/internal/artifacts/ivyservice/resolveengine/excludes/factories/CachingExcludeFactory$$Lambda+0x0000028b1c7ac860
instanceKlass org/gradle/api/internal/artifacts/ivyservice/resolveengine/excludes/factories/CachingExcludeFactory$ExcludesKey
instanceKlass  @bci org/gradle/api/internal/artifacts/ivyservice/resolveengine/oldresult/TransientConfigurationResultsBuilder parentChildMapping (Ljava/lang/Long;Ljava/lang/Long;I)V 7 <appendix> member <vmtarget> ; # org/gradle/api/internal/artifacts/ivyservice/resolveengine/oldresult/TransientConfigurationResultsBuilder$$Lambda+0x0000028b1c7ac428
instanceKlass  @cpi org/gradle/api/internal/artifacts/ivyservice/resolveengine/oldresult/TransientConfigurationResultsBuilder 228 form vmentry <vmtarget> ; # java/lang/invoke/LambdaForm$DMH+0x0000028b1c7a8400
instanceKlass  @bci org/gradle/api/internal/artifacts/ivyservice/resolveengine/artifact/VariantResolvingArtifactSet <init> (Lorg/gradle/internal/resolve/resolver/VariantArtifactResolver;Lorg/gradle/internal/component/model/ComponentGraphResolveState;Lorg/gradle/internal/component/model/VariantGraphResolveState;Lorg/gradle/api/internal/artifacts/ivyservice/resolveengine/graph/DependencyGraphEdge;Lorg/gradle/internal/component/model/GraphVariantSelector;Lorg/gradle/api/internal/attributes/AttributesSchemaInternal;)V 9 <appendix> member <vmtarget> ; # org/gradle/api/internal/artifacts/ivyservice/resolveengine/artifact/VariantResolvingArtifactSet$$Lambda+0x0000028b1c7ac200
instanceKlass org/gradle/api/internal/artifacts/ivyservice/resolveengine/artifact/ResolvedVariantSet
instanceKlass org/gradle/api/internal/artifacts/ivyservice/resolveengine/artifact/VariantResolvingArtifactSet
instanceKlass  @bci org/gradle/api/internal/artifacts/ivyservice/resolveengine/artifact/ResolvedArtifactsGraphVisitor resolveVariantArtifacts (Lorg/gradle/api/internal/artifacts/ivyservice/resolveengine/graph/DependencyGraphEdge;Lorg/gradle/api/internal/artifacts/ivyservice/resolveengine/graph/DependencyGraphNode;)Lorg/gradle/api/internal/artifacts/ivyservice/resolveengine/artifact/ResolvedArtifactsGraphVisitor$ArtifactsForNode; 131 <appendix> member <vmtarget> ; # org/gradle/api/internal/artifacts/ivyservice/resolveengine/artifact/ResolvedArtifactsGraphVisitor$$Lambda+0x0000028b1c7a39a8
instanceKlass  @cpi org/gradle/api/internal/artifacts/ivyservice/resolveengine/artifact/ResolvedArtifactsGraphVisitor 188 form vmentry <vmtarget> ; # java/lang/invoke/LambdaForm$DMH+0x0000028b1c7a8000
instanceKlass org/gradle/api/internal/artifacts/ivyservice/resolveengine/artifact/ResolvedArtifactsGraphVisitor$ArtifactsForNode
instanceKlass  @bci org/gradle/api/internal/artifacts/ivyservice/resolveengine/result/StreamingResolutionResultBuilder visitEdges (Lorg/gradle/api/internal/artifacts/ivyservice/resolveengine/graph/DependencyGraphNode;)V 77 <appendix> member <vmtarget> ; # org/gradle/api/internal/artifacts/ivyservice/resolveengine/result/StreamingResolutionResultBuilder$$Lambda+0x0000028b1c7a3570
instanceKlass  @bci org/gradle/api/internal/artifacts/ivyservice/resolveengine/oldresult/TransientConfigurationResultsBuilder firstLevelDependency (Ljava/lang/Long;)V 5 <appendix> member <vmtarget> ; # org/gradle/api/internal/artifacts/ivyservice/resolveengine/oldresult/TransientConfigurationResultsBuilder$$Lambda+0x0000028b1c7a3348
instanceKlass  @bci org/gradle/api/internal/artifacts/ivyservice/resolveengine/oldresult/TransientConfigurationResultsBuilder resolvedDependency (Ljava/lang/Long;Lorg/gradle/api/artifacts/ModuleVersionIdentifier;Ljava/lang/String;)V 8 <appendix> member <vmtarget> ; # org/gradle/api/internal/artifacts/ivyservice/resolveengine/oldresult/TransientConfigurationResultsBuilder$$Lambda+0x0000028b1c7a3120
instanceKlass  @bci org/gradle/api/internal/artifacts/ivyservice/resolveengine/result/StreamingResolutionResultBuilder visitNode (Lorg/gradle/api/internal/artifacts/ivyservice/resolveengine/graph/DependencyGraphNode;)V 31 <appendix> member <vmtarget> ; # org/gradle/api/internal/artifacts/ivyservice/resolveengine/result/StreamingResolutionResultBuilder$$Lambda+0x0000028b1c7a2ef8
instanceKlass  @bci org/gradle/api/internal/artifacts/ivyservice/resolveengine/result/StreamingResolutionResultBuilder visitSelector (Lorg/gradle/api/internal/artifacts/ivyservice/resolveengine/graph/DependencyGraphSelector;)V 6 <appendix> member <vmtarget> ; # org/gradle/api/internal/artifacts/ivyservice/resolveengine/result/StreamingResolutionResultBuilder$$Lambda+0x0000028b1c7a2890
instanceKlass org/gradle/cache/internal/BinaryStore$WriteAction
instanceKlass org/gradle/api/internal/artifacts/ivyservice/resolveengine/excludes/specs/ExcludeEverything
instanceKlass org/gradle/api/internal/artifacts/ivyservice/resolveengine/excludes/simple/DefaultModuleIdExclude
instanceKlass org/apache/ivy/plugins/matcher/PatternMatcher
instanceKlass org/gradle/api/internal/artifacts/ivyservice/resolveengine/excludes/PatternMatchers
instanceKlass  @bci org/gradle/api/internal/artifacts/ivyservice/resolveengine/excludes/ModuleExclusions forExclude (Lorg/gradle/internal/component/model/ExcludeMetadata;)Lorg/gradle/api/internal/artifacts/ivyservice/resolveengine/excludes/specs/ExcludeSpec; 6 <appendix> member <vmtarget> ; # org/gradle/api/internal/artifacts/ivyservice/resolveengine/excludes/ModuleExclusions$$Lambda+0x0000028b1c7a1de0
instanceKlass  @bci org/gradle/api/internal/artifacts/ivyservice/resolveengine/excludes/factories/OptimizingExcludeFactory anyOf (Ljava/util/Set;)Lorg/gradle/api/internal/artifacts/ivyservice/resolveengine/excludes/specs/ExcludeSpec; 3 <appendix> member <vmtarget> ; # org/gradle/api/internal/artifacts/ivyservice/resolveengine/excludes/factories/OptimizingExcludeFactory$$Lambda+0x0000028b1c7a1b98
instanceKlass  @bci org/gradle/api/internal/artifacts/ivyservice/resolveengine/graph/builder/NodeState computeModuleResolutionFilter (Ljava/util/List;)Lorg/gradle/api/internal/artifacts/ivyservice/resolveengine/excludes/specs/ExcludeSpec; 32 <appendix> argL0 ; # org/gradle/api/internal/artifacts/ivyservice/resolveengine/graph/builder/NodeState$$Lambda+0x0000028b1c7a1948
instanceKlass  @bci org/gradle/api/internal/artifacts/ivyservice/resolveengine/graph/builder/NodeState computeModuleResolutionFilter (Ljava/util/List;)Lorg/gradle/api/internal/artifacts/ivyservice/resolveengine/excludes/specs/ExcludeSpec; 22 <appendix> argL0 ; # org/gradle/api/internal/artifacts/ivyservice/resolveengine/graph/builder/NodeState$$Lambda+0x0000028b1c7a1708
instanceKlass  @bci org/gradle/api/internal/artifacts/ivyservice/resolveengine/graph/conflicts/DefaultCapabilitiesConflictHandler findNodesFor (Lorg/gradle/api/internal/capabilities/CapabilityInternal;)Ljava/util/Set; 12 <appendix> argL0 ; # org/gradle/api/internal/artifacts/ivyservice/resolveengine/graph/conflicts/DefaultCapabilitiesConflictHandler$$Lambda+0x0000028b1c7a14c8
instanceKlass org/gradle/api/internal/artifacts/ivyservice/resolveengine/graph/conflicts/DefaultCapabilitiesConflictHandler$Candidate
instanceKlass java/util/Collections$ReverseComparator2
instanceKlass java/util/Collections$ReverseComparator
instanceKlass org/gradle/api/internal/artifacts/ivyservice/resolveengine/graph/conflicts/VersionConflictResolutionDetails
instanceKlass org/gradle/api/internal/artifacts/ivyservice/resolveengine/graph/conflicts/DefaultConflictResolverDetails
instanceKlass org/gradle/api/internal/artifacts/ivyservice/resolveengine/graph/selectors/SelectorStateResolverResults$Registration
instanceKlass com/google/common/primitives/Longs$AsciiDigits
instanceKlass  @bci org/gradle/api/internal/artifacts/JavaEcosystemSupport$TargetJvmEnvironmentDisambiguationRules execute (Lorg/gradle/api/attributes/MultipleCandidatesDetails;)V 73 <appendix> member <vmtarget> ; # org/gradle/api/internal/artifacts/JavaEcosystemSupport$TargetJvmEnvironmentDisambiguationRules$$Lambda+0x0000028b1c77f680
instanceKlass  @bci org/gradle/api/internal/artifacts/JavaEcosystemSupport$TargetJvmEnvironmentDisambiguationRules execute (Lorg/gradle/api/attributes/MultipleCandidatesDetails;)V 50 <appendix> argL0 ; # org/gradle/api/internal/artifacts/JavaEcosystemSupport$TargetJvmEnvironmentDisambiguationRules$$Lambda+0x0000028b1c77f430
instanceKlass org/gradle/internal/component/model/DefaultMultipleCandidateResult
instanceKlass org/gradle/api/attributes/java/TargetJvmEnvironment$Impl
instanceKlass  @bci org/gradle/internal/component/model/MultipleCandidateMatcher disambiguateExtraAttribute (Lorg/gradle/api/attributes/Attribute;Ljava/util/BitSet;)V 3 <appendix> member <vmtarget> ; # org/gradle/internal/component/model/MultipleCandidateMatcher$$Lambda+0x0000028b1c7a0450
instanceKlass org/gradle/internal/component/model/AttributeSelectionUtils
instanceKlass  @bci org/gradle/api/internal/attributes/DefaultAttributesSchema$DefaultAttributeSelectionSchema collectExtraAttributes ([Lorg/gradle/api/internal/attributes/ImmutableAttributes;Lorg/gradle/api/internal/attributes/ImmutableAttributes;)[Lorg/gradle/api/attributes/Attribute; 19 <appendix> member <vmtarget> ; # org/gradle/api/internal/attributes/DefaultAttributesSchema$DefaultAttributeSelectionSchema$$Lambda+0x0000028b1c7a0000
instanceKlass org/gradle/api/internal/attributes/DefaultAttributesSchema$ExtraAttributesEntry
instanceKlass  @bci org/gradle/internal/component/model/MultipleCandidateMatcher disambiguateRequestedAttribute (I)V 6 <appendix> member <vmtarget> ; # org/gradle/internal/component/model/MultipleCandidateMatcher$$Lambda+0x0000028b1c79fa30
instanceKlass org/gradle/internal/component/model/AttributeSelectionSchema$PrecedenceResult
instanceKlass org/gradle/internal/component/external/model/ExternalModuleDependencyMetadata
instanceKlass org/gradle/internal/component/external/descriptor/DefaultExclude
instanceKlass org/gradle/internal/component/model/Exclude
instanceKlass org/gradle/internal/component/external/model/AbstractMutableModuleComponentResolveMetadata$DependencyConstraintImpl
instanceKlass org/gradle/internal/component/external/model/ComponentVariant$DependencyConstraint
instanceKlass  @bci org/gradle/api/internal/artifacts/repositories/metadata/DefaultMavenImmutableAttributesFactory platformWithUsage (Lorg/gradle/api/internal/attributes/ImmutableAttributes;Ljava/lang/String;Z)Lorg/gradle/api/internal/attributes/ImmutableAttributes; 33 <appendix> member <vmtarget> ; # org/gradle/api/internal/artifacts/repositories/metadata/DefaultMavenImmutableAttributesFactory$$Lambda+0x0000028b1c79e190
instanceKlass  @bci org/gradle/api/internal/artifacts/repositories/metadata/DefaultMavenImmutableAttributesFactory javadocVariant (Lorg/gradle/api/internal/attributes/ImmutableAttributes;)Lorg/gradle/api/internal/attributes/ImmutableAttributes; 18 <appendix> member <vmtarget> ; # org/gradle/api/internal/artifacts/repositories/metadata/DefaultMavenImmutableAttributesFactory$$Lambda+0x0000028b1c79df48
instanceKlass org/gradle/api/attributes/DocsType$Impl
instanceKlass  @bci org/gradle/api/internal/artifacts/repositories/metadata/DefaultMavenImmutableAttributesFactory sourcesVariant (Lorg/gradle/api/internal/attributes/ImmutableAttributes;)Lorg/gradle/api/internal/attributes/ImmutableAttributes; 18 <appendix> member <vmtarget> ; # org/gradle/api/internal/artifacts/repositories/metadata/DefaultMavenImmutableAttributesFactory$$Lambda+0x0000028b1c79da40
instanceKlass  @bci org/gradle/api/internal/artifacts/repositories/metadata/DefaultMavenImmutableAttributesFactory runtimeScope (Lorg/gradle/api/internal/attributes/ImmutableAttributes;)Lorg/gradle/api/internal/attributes/ImmutableAttributes; 14 <appendix> member <vmtarget> ; # org/gradle/api/internal/artifacts/repositories/metadata/DefaultMavenImmutableAttributesFactory$$Lambda+0x0000028b1c79d7f8
instanceKlass org/gradle/internal/component/external/model/DefaultConfigurationMetadata$1
instanceKlass org/gradle/internal/component/external/model/DefaultConfigurationMetadata$2
instanceKlass org/gradle/internal/component/external/model/DefaultConfigurationMetadata$Builder
instanceKlass  @bci org/gradle/api/internal/artifacts/repositories/metadata/DefaultMavenImmutableAttributesFactory compileScope (Lorg/gradle/api/internal/attributes/ImmutableAttributes;)Lorg/gradle/api/internal/attributes/ImmutableAttributes; 14 <appendix> member <vmtarget> ; # org/gradle/api/internal/artifacts/repositories/metadata/DefaultMavenImmutableAttributesFactory$$Lambda+0x0000028b1c79cf20
instanceKlass org/gradle/internal/component/external/model/ShadowedImmutableCapability
instanceKlass org/gradle/api/internal/capabilities/ShadowedCapability
instanceKlass  @bci org/gradle/internal/component/external/model/maven/DefaultMavenModuleResolveMetadata createConfiguration (Lorg/gradle/api/artifacts/component/ModuleComponentIdentifier;Ljava/lang/String;ZZLcom/google/common/collect/ImmutableSet;Lorg/gradle/internal/component/external/model/VariantMetadataRules;)Lorg/gradle/internal/component/external/model/DefaultConfigurationMetadata; 39 <appendix> member <vmtarget> ; # org/gradle/internal/component/external/model/maven/DefaultMavenModuleResolveMetadata$$Lambda+0x0000028b1c79ca78
instanceKlass org/gradle/internal/component/external/model/AbstractConfigurationMetadata
instanceKlass org/gradle/internal/component/external/model/DefaultModuleComponentArtifactMetadata
instanceKlass org/gradle/internal/component/model/DefaultIvyArtifactName
instanceKlass org/gradle/internal/component/external/model/ExternalDependencyDescriptor
instanceKlass org/gradle/api/internal/artifacts/ivyservice/resolveengine/excludes/factories/Optimizations
instanceKlass  @bci org/gradle/api/internal/artifacts/ivyservice/resolveengine/excludes/factories/OptimizingExcludeFactory anyOf (Lorg/gradle/api/internal/artifacts/ivyservice/resolveengine/excludes/specs/ExcludeSpec;Lorg/gradle/api/internal/artifacts/ivyservice/resolveengine/excludes/specs/ExcludeSpec;)Lorg/gradle/api/internal/artifacts/ivyservice/resolveengine/excludes/specs/ExcludeSpec; 3 <appendix> member <vmtarget> ; # org/gradle/api/internal/artifacts/ivyservice/resolveengine/excludes/factories/OptimizingExcludeFactory$$Lambda+0x0000028b1c799d08
instanceKlass  @bci org/gradle/api/internal/artifacts/ivyservice/resolveengine/graph/builder/ResolveState getNode (Lorg/gradle/api/internal/artifacts/ivyservice/resolveengine/graph/builder/ComponentState;Lorg/gradle/internal/component/model/VariantGraphResolveState;Z)Lorg/gradle/api/internal/artifacts/ivyservice/resolveengine/graph/builder/NodeState; 29 <appendix> member <vmtarget> ; # org/gradle/api/internal/artifacts/ivyservice/resolveengine/graph/builder/ResolveState$$Lambda+0x0000028b1c799ac0
instanceKlass org/gradle/internal/component/model/GraphVariantSelectionResult
instanceKlass org/gradle/internal/component/model/DefaultCompatibilityCheckResult
instanceKlass org/gradle/internal/component/model/MultipleCandidateMatcher
instanceKlass  @bci org/gradle/internal/component/model/DefaultAttributeMatcher matches (Ljava/util/Collection;Lorg/gradle/api/internal/attributes/AttributeContainerInternal;Lorg/gradle/internal/component/model/AttributeMatchingExplanationBuilder;)Ljava/util/List; 146 <appendix> member <vmtarget> ; # org/gradle/internal/component/model/DefaultAttributeMatcher$$Lambda+0x0000028b1c798d80
instanceKlass org/gradle/internal/component/model/DefaultAttributeMatcher$CachedQuery
instanceKlass org/gradle/internal/component/model/LoggingAttributeMatchingExplanationBuilder
instanceKlass  @bci org/gradle/internal/component/model/AttributeMatchingExplanationBuilder <clinit> ()V 0 <appendix> argL0 ; # org/gradle/internal/component/model/AttributeMatchingExplanationBuilder$$Lambda+0x0000028b1c798668
instanceKlass  @bci org/gradle/internal/component/model/DefaultExternalComponentGraphResolveState$DefaultConfigurationGraphResolveState <init> (JLorg/gradle/internal/component/model/AbstractComponentGraphResolveState;Lorg/gradle/internal/component/model/ModuleConfigurationMetadata;)V 23 <appendix> member <vmtarget> ; # org/gradle/internal/component/model/DefaultExternalComponentGraphResolveState$DefaultConfigurationGraphResolveState$$Lambda+0x0000028b1c798000
instanceKlass org/gradle/internal/component/model/DefaultExternalComponentGraphResolveState$DefaultConfigurationArtifactResolveState
instanceKlass  @bci org/gradle/internal/component/model/DefaultExternalComponentGraphResolveState resolveStateFor (Lorg/gradle/internal/component/model/ModuleConfigurationMetadata;)Lorg/gradle/internal/component/model/DefaultExternalComponentGraphResolveState$DefaultConfigurationGraphResolveState; 7 <appendix> member <vmtarget> ; # org/gradle/internal/component/model/DefaultExternalComponentGraphResolveState$$Lambda+0x0000028b1c797c18
instanceKlass  @bci org/gradle/internal/component/model/DefaultExternalComponentGraphResolveState lambda$new$1 (Lorg/gradle/internal/component/external/model/ExternalComponentGraphResolveMetadata;)Ljava/util/List; 29 <appendix> member <vmtarget> ; # org/gradle/internal/component/model/DefaultExternalComponentGraphResolveState$$Lambda+0x0000028b1c7976b0
instanceKlass  @bci org/gradle/internal/component/model/DefaultExternalComponentGraphResolveState lambda$new$1 (Lorg/gradle/internal/component/external/model/ExternalComponentGraphResolveMetadata;)Ljava/util/List; 18 <appendix> member <vmtarget> ; # org/gradle/internal/component/model/DefaultExternalComponentGraphResolveState$$Lambda+0x0000028b1c797468
instanceKlass org/gradle/internal/component/model/DefaultExternalComponentGraphResolveState$ExternalGraphSelectionCandidates
instanceKlass org/gradle/api/internal/artifacts/ivyservice/ivyresolve/ModuleComponentGraphSpecificResolveState
instanceKlass org/gradle/internal/resolve/ResolveExceptionAnalyzer
instanceKlass org/gradle/api/internal/artifacts/ivyservice/ivyresolve/RepositoryChainModuleResolution
instanceKlass org/gradle/api/internal/artifacts/ivyservice/ivyresolve/RepositoryChainComponentMetaDataResolver$2
instanceKlass org/gradle/api/internal/artifacts/DefaultComponentSelection
instanceKlass org/gradle/api/internal/artifacts/repositories/resolver/ComponentMetadataAdapter
instanceKlass org/gradle/api/internal/artifacts/ivyservice/ivyresolve/CachedMetadataProvider
instanceKlass  @bci org/gradle/api/internal/artifacts/ivyservice/ivyresolve/ErrorHandlingModuleComponentRepository$ErrorHandlingModuleComponentRepositoryAccess tryResolveAndMaybeDisable (Lorg/gradle/internal/resolve/result/ErroringResolveResult;Ljava/lang/Runnable;Lorg/gradle/api/Transformer;)V 3 <appendix> member <vmtarget> ; # org/gradle/api/internal/artifacts/ivyservice/ivyresolve/ErrorHandlingModuleComponentRepository$ErrorHandlingModuleComponentRepositoryAccess$$Lambda+0x0000028b1c796020
instanceKlass  @bci org/gradle/api/internal/artifacts/ivyservice/ivyresolve/ErrorHandlingModuleComponentRepository$ErrorHandlingModuleComponentRepositoryAccess resolveComponentMetaData (Lorg/gradle/api/artifacts/component/ModuleComponentIdentifier;Lorg/gradle/internal/component/model/ComponentOverrideMetadata;Lorg/gradle/internal/resolve/result/BuildableModuleComponentMetaDataResolveResult;)V 19 <appendix> member <vmtarget> ; # org/gradle/api/internal/artifacts/ivyservice/ivyresolve/ErrorHandlingModuleComponentRepository$ErrorHandlingModuleComponentRepositoryAccess$$Lambda+0x0000028b1c795df8
instanceKlass  @bci org/gradle/api/internal/artifacts/ivyservice/ivyresolve/ErrorHandlingModuleComponentRepository$ErrorHandlingModuleComponentRepositoryAccess resolveComponentMetaData (Lorg/gradle/api/artifacts/component/ModuleComponentIdentifier;Lorg/gradle/internal/component/model/ComponentOverrideMetadata;Lorg/gradle/internal/resolve/result/BuildableModuleComponentMetaDataResolveResult;)V 13 <appendix> member <vmtarget> ; # org/gradle/api/internal/artifacts/ivyservice/ivyresolve/ErrorHandlingModuleComponentRepository$ErrorHandlingModuleComponentRepositoryAccess$$Lambda+0x0000028b1c795bd0
instanceKlass  @bci org/gradle/api/internal/artifacts/ivyservice/ivyresolve/ErrorHandlingModuleComponentRepository$ErrorHandlingModuleComponentRepositoryAccess resolveComponentMetaData (Lorg/gradle/api/artifacts/component/ModuleComponentIdentifier;Lorg/gradle/internal/component/model/ComponentOverrideMetadata;Lorg/gradle/internal/resolve/result/BuildableModuleComponentMetaDataResolveResult;)V 6 <appendix> member <vmtarget> ; # org/gradle/api/internal/artifacts/ivyservice/ivyresolve/ErrorHandlingModuleComponentRepository$ErrorHandlingModuleComponentRepositoryAccess$$Lambda+0x0000028b1c7959a8
instanceKlass org/gradle/api/internal/artifacts/ivyservice/ivyresolve/ComponentMetaDataResolveState
instanceKlass  @bci org/gradle/api/internal/artifacts/ivyservice/ivyresolve/RepositoryChainComponentMetaDataResolver createValueContainerFor (Lorg/gradle/api/artifacts/component/ComponentIdentifier;Lorg/gradle/internal/component/model/ComponentOverrideMetadata;)Lorg/gradle/internal/model/CalculatedValue; 11 <appendix> member <vmtarget> ; # org/gradle/api/internal/artifacts/ivyservice/ivyresolve/RepositoryChainComponentMetaDataResolver$$Lambda+0x0000028b1c794d48
instanceKlass  @bci org/gradle/api/internal/artifacts/ivyservice/ivyresolve/RepositoryChainComponentMetaDataResolver resolve (Lorg/gradle/api/artifacts/component/ComponentIdentifier;Lorg/gradle/internal/component/model/ComponentOverrideMetadata;Lorg/gradle/internal/resolve/result/BuildableComponentResolveResult;)V 28 <appendix> member <vmtarget> ; # org/gradle/api/internal/artifacts/ivyservice/ivyresolve/RepositoryChainComponentMetaDataResolver$$Lambda+0x0000028b1c794b20
instanceKlass org/gradle/api/internal/artifacts/ivyservice/resolutionstrategy/DefaultCachePolicy$AbstractResolutionControl
instanceKlass org/gradle/api/internal/artifacts/ivyservice/modulecache/dynamicversions/DefaultResolvedModuleVersion
instanceKlass  @bci org/gradle/internal/component/model/DefaultExternalComponentGraphResolveState <init> (JLorg/gradle/internal/component/external/model/ExternalComponentGraphResolveMetadata;Lorg/gradle/internal/component/external/model/ExternalComponentResolveMetadata;Lorg/gradle/api/internal/attributes/AttributeDesugaring;Lorg/gradle/internal/component/model/ComponentIdGenerator;)V 75 <appendix> member <vmtarget> ; # org/gradle/internal/component/model/DefaultExternalComponentGraphResolveState$$Lambda+0x0000028b1c793938
instanceKlass  @bci org/gradle/internal/component/model/DefaultExternalComponentGraphResolveState <init> (JLorg/gradle/internal/component/external/model/ExternalComponentGraphResolveMetadata;Lorg/gradle/internal/component/external/model/ExternalComponentResolveMetadata;Lorg/gradle/api/internal/attributes/AttributeDesugaring;Lorg/gradle/internal/component/model/ComponentIdGenerator;)V 62 <appendix> argL0 ; # org/gradle/internal/component/model/DefaultExternalComponentGraphResolveState$$Lambda+0x0000028b1c7936f8
instanceKlass org/gradle/internal/component/external/model/GradleDependencyMetadata
instanceKlass  @bci org/gradle/internal/component/external/model/VariantMetadataRules getAttributes (Ljava/lang/String;)Lorg/gradle/api/internal/attributes/AttributeContainerInternal; 15 <appendix> member <vmtarget> ; # org/gradle/internal/component/external/model/VariantMetadataRules$$Lambda+0x0000028b1c7930e8
instanceKlass org/gradle/api/internal/attributes/AttributeValue$1
instanceKlass org/gradle/internal/component/external/model/LazyVariantBackedConfigurationMetadata$RuleAwareVariant
instanceKlass org/gradle/internal/component/external/model/AbstractVariantBackedConfigurationMetadata
instanceKlass  @bci org/gradle/internal/component/model/DefaultExternalComponentGraphResolveState <init> (JLorg/gradle/internal/component/external/model/ExternalComponentGraphResolveMetadata;Lorg/gradle/internal/component/external/model/ExternalComponentResolveMetadata;Lorg/gradle/api/internal/attributes/AttributeDesugaring;Lorg/gradle/internal/component/model/ComponentIdGenerator;)V 31 <appendix> member <vmtarget> ; # org/gradle/internal/component/model/DefaultExternalComponentGraphResolveState$$Lambda+0x0000028b1c7920c0
instanceKlass org/gradle/internal/component/external/model/ivy/IvyModuleResolveMetadata
instanceKlass org/gradle/api/internal/artifacts/ivyservice/ivyresolve/RepositoryChainModuleSource
instanceKlass org/gradle/internal/component/external/model/AbstractMutableModuleComponentResolveMetadata$ImmutableVariantImpl
instanceKlass org/gradle/internal/component/external/model/ComponentVariant
instanceKlass org/gradle/internal/component/model/ImmutableModuleSources
instanceKlass org/gradle/internal/component/external/model/AbstractModuleComponentResolveMetadata
instanceKlass org/gradle/internal/component/external/model/AbstractMutableModuleComponentResolveMetadata$FileImpl
instanceKlass org/gradle/internal/component/external/model/ComponentVariant$File
instanceKlass  @bci org/gradle/internal/component/external/model/AbstractMutableModuleComponentResolveMetadata$DependencyImpl <init> (Ljava/lang/String;Ljava/lang/String;Lorg/gradle/api/artifacts/VersionConstraint;Ljava/util/List;Ljava/lang/String;Lorg/gradle/api/internal/attributes/ImmutableAttributes;Ljava/util/List;ZLorg/gradle/internal/component/model/IvyArtifactName;)V 48 <appendix> argL0 ; # org/gradle/internal/component/external/model/AbstractMutableModuleComponentResolveMetadata$DependencyImpl$$Lambda+0x0000028b1c78daa0
instanceKlass org/gradle/internal/component/external/model/AbstractMutableModuleComponentResolveMetadata$DependencyImpl
instanceKlass org/gradle/internal/component/external/model/ComponentVariant$Dependency
instanceKlass org/gradle/internal/component/external/model/AbstractMutableModuleComponentResolveMetadata$MutableVariantImpl
instanceKlass org/gradle/api/internal/artifacts/repositories/metadata/DefaultMetadataFileSource
instanceKlass org/gradle/api/internal/artifacts/ivyservice/ivyresolve/ModuleDescriptorHashModuleSource
instanceKlass org/gradle/api/internal/artifacts/ivyservice/ivyresolve/parser/data/PomDependencyMgt
instanceKlass org/gradle/api/internal/artifacts/ivyservice/ivyresolve/parser/GradlePomModuleDescriptorBuilder
instanceKlass org/gradle/internal/component/model/MutableModuleSources
instanceKlass org/gradle/internal/component/external/model/VariantMetadataRules
instanceKlass org/gradle/internal/component/external/model/maven/MavenModuleResolveMetadata
instanceKlass org/gradle/internal/component/external/model/MutableComponentVariant
instanceKlass org/gradle/internal/component/external/model/AbstractMutableModuleComponentResolveMetadata
instanceKlass org/gradle/api/internal/artifacts/ivyservice/modulecache/ModuleMetadataSerializer$Reader
instanceKlass org/gradle/api/internal/artifacts/ivyservice/modulecache/StringDeduplicatingDecoder
instanceKlass  @bci org/gradle/internal/resource/local/DefaultLocallyAvailableResource <init> (Ljava/io/File;Lorg/gradle/internal/hash/ChecksumService;)V 3 <appendix> member <vmtarget> ; # org/gradle/internal/resource/local/DefaultLocallyAvailableResource$$Lambda+0x0000028b1c77d5f0
instanceKlass org/gradle/internal/resource/local/AbstractLocallyAvailableResource
instanceKlass org/gradle/internal/file/PathTraversalChecker
instanceKlass  @bci java/util/function/Predicate negate ()Ljava/util/function/Predicate; 1 <appendix> member <vmtarget> ; # java/util/function/Predicate$$Lambda+0x0000028b1c5cf360
instanceKlass  @cpi java/util/function/Predicate 75 form vmentry <vmtarget> ; # java/lang/invoke/LambdaForm$DMH+0x0000028b1c78c000
instanceKlass  @bci org/gradle/internal/resource/local/DefaultPathKeyFileStore getFile ([Ljava/lang/String;)Ljava/io/File; 17 <appendix> argL0 ; # org/gradle/internal/resource/local/DefaultPathKeyFileStore$$Lambda+0x0000028b1c77cc68
instanceKlass org/gradle/api/internal/artifacts/ivyservice/resolveengine/result/ComponentIdentifierSerializer$1
instanceKlass  @bci org/gradle/api/internal/artifacts/ivyservice/WritableArtifactCacheLockingAccessCoordinator$CacheLockingIndexedCache getIfPresent (Ljava/lang/Object;)Ljava/lang/Object; 9 <appendix> member <vmtarget> ; # org/gradle/api/internal/artifacts/ivyservice/WritableArtifactCacheLockingAccessCoordinator$CacheLockingIndexedCache$$Lambda+0x0000028b1c78ab50
instanceKlass  @bci org/gradle/api/internal/artifacts/ivyservice/modulecache/PersistentModuleMetadataCache get (Lorg/gradle/api/internal/artifacts/ivyservice/modulecache/ModuleComponentAtRepositoryKey;)Lorg/gradle/api/internal/artifacts/ivyservice/modulecache/ModuleMetadataCache$CachedMetadata; 12 <appendix> member <vmtarget> ; # org/gradle/api/internal/artifacts/ivyservice/modulecache/PersistentModuleMetadataCache$$Lambda+0x0000028b1c78a928
instanceKlass org/gradle/api/internal/artifacts/ivyservice/modulecache/DefaultCachedMetadata
instanceKlass org/gradle/api/internal/artifacts/ivyservice/WritableArtifactCacheLockingAccessCoordinator$CacheLockingIndexedCache
instanceKlass  @bci org/gradle/api/internal/artifacts/ivyservice/WritableArtifactCacheLockingAccessCoordinator createCacheCleanupStrategy (Lorg/gradle/api/internal/artifacts/ivyservice/ArtifactCacheMetadata;Lorg/gradle/internal/file/FileAccessTimeJournal;Lorg/gradle/cache/internal/UsedGradleVersions;Lorg/gradle/api/internal/cache/CacheConfigurationsInternal;)Lorg/gradle/cache/CacheCleanupStrategy; 21 <appendix> member <vmtarget> ; # org/gradle/api/internal/artifacts/ivyservice/WritableArtifactCacheLockingAccessCoordinator$$Lambda+0x0000028b1c78a1c0
instanceKlass org/gradle/cache/internal/CompositeCleanupAction$ScopedCleanupAction
instanceKlass org/gradle/api/internal/artifacts/ivyservice/modulecache/ModuleMetadataCacheEntry
instanceKlass org/gradle/api/internal/artifacts/ivyservice/modulecache/ModuleComponentAtRepositoryKey
instanceKlass org/gradle/api/internal/artifacts/ivyservice/resolveengine/graph/conflicts/PotentialConflictFactory$NoConflict
instanceKlass org/gradle/api/internal/artifacts/ivyservice/resolveengine/graph/conflicts/PotentialConflictFactory
instanceKlass  @bci org/gradle/api/internal/artifacts/ivyservice/resolveengine/graph/conflicts/DefaultConflictHandler hasKnownConflictFor (Lorg/gradle/api/artifacts/ModuleVersionIdentifier;)Z 5 <appendix> member <vmtarget> ; # org/gradle/api/internal/artifacts/ivyservice/resolveengine/graph/conflicts/DefaultConflictHandler$$Lambda+0x0000028b1c789040
instanceKlass org/gradle/api/internal/artifacts/ivyservice/resolveengine/graph/selectors/SelectorStateResolverResults
instanceKlass org/gradle/internal/component/local/model/DefaultProjectComponentSelector
instanceKlass org/gradle/internal/component/local/model/ProjectComponentSelectorInternal
instanceKlass org/gradle/internal/resolve/result/DefaultResourceAwareResolveResult
instanceKlass  @bci java/util/regex/CharPredicates ASCII_SPACE ()Ljava/util/regex/Pattern$BmpCharPredicate; 0 <appendix> argL0 ; # java/util/regex/CharPredicates$$Lambda+0x800000025
instanceKlass org/gradle/api/internal/artifacts/ivyservice/ivyresolve/strategy/AbstractVersionSelector
instanceKlass org/gradle/api/internal/artifacts/dependencies/DefaultResolvedVersionConstraint
instanceKlass  @bci org/gradle/api/internal/artifacts/ivyservice/resolveengine/graph/builder/ResolveState resolveVersionConstraint (Lorg/gradle/api/artifacts/VersionConstraint;)Lorg/gradle/api/internal/artifacts/ResolvedVersionConstraint; 6 <appendix> member <vmtarget> ; # org/gradle/api/internal/artifacts/ivyservice/resolveengine/graph/builder/ResolveState$$Lambda+0x0000028b1c786ed8
instanceKlass org/gradle/internal/component/model/DefaultComponentOverrideMetadata
instanceKlass org/gradle/internal/component/model/ComponentOverrideMetadata
instanceKlass org/gradle/internal/resolve/result/BuildableComponentIdResolveResult
instanceKlass org/gradle/internal/resolve/result/ComponentIdResolveResult
instanceKlass  @bci org/gradle/api/internal/artifacts/ivyservice/resolveengine/graph/builder/ResolveState getSelector (Lorg/gradle/api/internal/artifacts/ivyservice/resolveengine/graph/builder/DependencyState;Z)Lorg/gradle/api/internal/artifacts/ivyservice/resolveengine/graph/builder/SelectorState; 29 <appendix> member <vmtarget> ; # org/gradle/api/internal/artifacts/ivyservice/resolveengine/graph/builder/ResolveState$$Lambda+0x0000028b1c786430
instanceKlass org/gradle/api/internal/artifacts/ivyservice/resolveengine/graph/builder/SelectorState
instanceKlass org/gradle/api/internal/artifacts/ivyservice/resolveengine/graph/builder/ResolveState$SelectorCacheKey
instanceKlass org/gradle/api/internal/artifacts/ivyservice/resolveengine/graph/builder/LenientPlatformDependencyMetadata
instanceKlass org/gradle/api/internal/artifacts/ivyservice/resolveengine/graph/DependencyGraphSelector
instanceKlass  @bci org/gradle/api/internal/artifacts/ivyservice/resolveengine/graph/builder/NodeState createAndLinkEdgeState (Lorg/gradle/api/internal/artifacts/ivyservice/resolveengine/graph/builder/DependencyState;Ljava/util/Collection;Lorg/gradle/api/internal/artifacts/ivyservice/resolveengine/excludes/specs/ExcludeSpec;Z)V 7 <appendix> member <vmtarget> ; # org/gradle/api/internal/artifacts/ivyservice/resolveengine/graph/builder/NodeState$$Lambda+0x0000028b1c785698
instanceKlass  @bci org/gradle/api/internal/artifacts/configurations/DefaultConfiguration generateSyntheticDependencies ()Ljava/util/List; 85 <appendix> argL0 ; # org/gradle/api/internal/artifacts/configurations/DefaultConfiguration$$Lambda+0x0000028b1c785018
instanceKlass org/gradle/api/internal/artifacts/ivyservice/resolveengine/graph/CompositeDependencyArtifactsVisitor
instanceKlass org/gradle/api/internal/artifacts/ivyservice/ivyresolve/ErrorHandlingModuleComponentRepository$ErrorHandlingModuleComponentRepositoryAccess
instanceKlass org/gradle/api/internal/artifacts/ivyservice/ivyresolve/ErrorHandlingModuleComponentRepository
instanceKlass org/gradle/api/internal/artifacts/ivyservice/ivyresolve/BaseModuleComponentRepository
instanceKlass org/gradle/api/internal/artifacts/ivyservice/ivyresolve/CachingModuleComponentRepository$ResolveAndCacheRepositoryAccess
instanceKlass org/gradle/internal/resolve/result/BuildableModuleComponentMetaDataResolveResult
instanceKlass org/gradle/api/internal/artifacts/ivyservice/ivyresolve/CachingModuleComponentRepository$LocateInCacheRepositoryAccess
instanceKlass org/gradle/api/internal/artifacts/ivyservice/ivyresolve/CachingModuleComponentRepository
instanceKlass  @bci org/gradle/api/internal/artifacts/dsl/DefaultComponentMetadataProcessor <clinit> ()V 8 <appendix> argL0 ; # org/gradle/api/internal/artifacts/dsl/DefaultComponentMetadataProcessor$$Lambda+0x0000028b1c783210
instanceKlass org/gradle/api/internal/artifacts/dsl/WrappingComponentMetadataContext
instanceKlass org/gradle/api/artifacts/ComponentMetadataContext
instanceKlass org/gradle/api/artifacts/ComponentMetadataDetails
instanceKlass org/gradle/api/internal/artifacts/dsl/DefaultComponentMetadataProcessor
instanceKlass org/gradle/api/internal/artifacts/ivyservice/ivyresolve/ExternalModuleComponentResolverFactory$DefaultMetadataResolutionContext
instanceKlass org/gradle/api/internal/artifacts/repositories/resolver/ExternalResourceResolver$AbstractRepositoryAccess
instanceKlass org/gradle/api/internal/artifacts/ivyservice/ivyresolve/ModuleComponentRepositoryAccess
instanceKlass org/gradle/api/internal/artifacts/repositories/resolver/VersionLister
instanceKlass org/gradle/api/internal/artifacts/repositories/AbstractArtifactRepository$1
instanceKlass org/gradle/api/internal/artifacts/repositories/metadata/DefaultImmutableMetadataSources
instanceKlass org/gradle/api/internal/artifacts/repositories/metadata/RedirectingGradleMetadataModuleMetadataSource
instanceKlass org/gradle/api/internal/artifacts/repositories/metadata/MavenMetadataArtifactProvider
instanceKlass org/gradle/api/internal/artifacts/ivyservice/ivyresolve/parser/DescriptorParseContext
instanceKlass org/gradle/internal/component/model/ModuleDescriptorArtifactMetadata
instanceKlass org/gradle/api/internal/artifacts/repositories/metadata/GradleModuleMetadataCompatibilityConverter
instanceKlass org/gradle/api/internal/artifacts/repositories/metadata/DefaultGradleModuleMetadataSource
instanceKlass org/gradle/api/internal/artifacts/repositories/DefaultMavenArtifactRepository$MavenSnapshotDecoratingSource
instanceKlass  @bci org/gradle/api/internal/artifacts/repositories/DefaultUrlArtifactRepository createRedirectVerifier ()Lorg/gradle/internal/verifier/HttpRedirectVerifier; 18 <appendix> member <vmtarget> ; # org/gradle/api/internal/artifacts/repositories/DefaultUrlArtifactRepository$$Lambda+0x0000028b1c780500
instanceKlass  @bci org/gradle/api/internal/artifacts/repositories/DefaultUrlArtifactRepository createRedirectVerifier ()Lorg/gradle/internal/verifier/HttpRedirectVerifier; 11 <appendix> member <vmtarget> ; # org/gradle/api/internal/artifacts/repositories/DefaultUrlArtifactRepository$$Lambda+0x0000028b1c7802d8
instanceKlass org/gradle/api/internal/artifacts/ivyservice/ivyresolve/ExternalModuleComponentResolverFactory$ParentModuleLookupResolver
instanceKlass org/gradle/internal/resolve/result/BuildableArtifactFileResolveResult
instanceKlass org/gradle/internal/resolve/result/BuildableTypedResolveResult
instanceKlass org/gradle/internal/resolve/result/ErroringResolveResult
instanceKlass org/gradle/api/internal/artifacts/ivyservice/ivyresolve/RepositoryChainArtifactResolver
instanceKlass org/gradle/api/internal/artifacts/ivyservice/ivyresolve/RepositoryChainComponentMetaDataResolver
instanceKlass org/gradle/api/internal/artifacts/ivyservice/ivyresolve/DynamicVersionResolver
instanceKlass org/gradle/api/internal/artifacts/ivyservice/ivyresolve/RepositoryChainDependencyToComponentIdResolver
instanceKlass org/gradle/api/specs/NotSpec
instanceKlass  @bci org/gradle/api/internal/artifacts/ivyservice/ivyresolve/ComponentSelectionRulesProcessor <init> ()V 5 <appendix> argL0 ; # org/gradle/api/internal/artifacts/ivyservice/ivyresolve/ComponentSelectionRulesProcessor$$Lambda+0x0000028b1c77ae78
instanceKlass org/gradle/api/internal/artifacts/ivyservice/ivyresolve/ComponentSelectionRulesProcessor
instanceKlass org/gradle/api/internal/artifacts/ivyservice/ivyresolve/MetadataProvider
instanceKlass org/gradle/api/internal/artifacts/ivyservice/ivyresolve/Versioned
instanceKlass org/gradle/api/internal/artifacts/ComponentSelectionInternal
instanceKlass org/gradle/api/artifacts/ComponentSelection
instanceKlass org/gradle/api/internal/artifacts/ivyservice/ivyresolve/DefaultVersionedComponentChooser
instanceKlass org/gradle/api/internal/artifacts/ivyservice/ivyresolve/VersionedComponentChooser
instanceKlass org/gradle/api/internal/artifacts/ivyservice/ivyresolve/UserResolverChain
instanceKlass  @bci org/gradle/api/internal/artifacts/ivyservice/DefaultConfigurationResolver getFilteredRepositories (Lorg/gradle/api/internal/artifacts/ResolveContext;)Ljava/util/List; 18 <appendix> member <vmtarget> ; # org/gradle/api/internal/artifacts/ivyservice/DefaultConfigurationResolver$$Lambda+0x0000028b1c779d58
instanceKlass org/gradle/api/internal/artifacts/ivyservice/resolveengine/artifact/VisitedFileDependencyResults
instanceKlass org/gradle/api/internal/artifacts/ivyservice/resolveengine/result/FileDependencyCollectingGraphVisitor
instanceKlass org/gradle/api/internal/artifacts/ivyservice/resolveengine/result/ComponentSelectorSerializer$OptimizingAttributeContainerSerializer
instanceKlass org/gradle/api/internal/artifacts/ivyservice/resolveengine/result/ComponentResultSerializer
instanceKlass org/gradle/api/internal/artifacts/ivyservice/resolveengine/result/DependencyResultSerializer
instanceKlass org/gradle/api/internal/artifacts/ivyservice/resolveengine/result/StreamingResolutionResultBuilder
instanceKlass org/gradle/api/internal/artifacts/ivyservice/resolveengine/oldresult/ResolvedConfigurationDependencyGraphVisitor
instanceKlass org/gradle/api/internal/artifacts/ivyservice/resolveengine/oldresult/ResolvedGraphResults
instanceKlass org/gradle/api/internal/artifacts/ivyservice/resolveengine/oldresult/DefaultResolvedConfigurationBuilder
instanceKlass org/gradle/api/artifacts/ResolvedDependency
instanceKlass org/gradle/api/internal/artifacts/ivyservice/resolveengine/oldresult/TransientConfigurationResults
instanceKlass org/gradle/api/internal/artifacts/ivyservice/resolveengine/oldresult/TransientConfigurationResultsBuilder
instanceKlass org/gradle/api/internal/artifacts/ivyservice/resolveengine/store/CachedStoreFactory$SimpleStore
instanceKlass org/gradle/api/internal/artifacts/ivyservice/resolveengine/store/CachedStoreFactory$Stats
instanceKlass org/gradle/cache/internal/Store
instanceKlass org/gradle/api/internal/artifacts/ivyservice/resolveengine/store/CachedStoreFactory
instanceKlass org/gradle/cache/internal/BinaryStore$BinaryData
instanceKlass org/gradle/api/internal/artifacts/ivyservice/resolveengine/store/DefaultBinaryStore
instanceKlass java/io/DeleteOnExitHook$1
instanceKlass java/io/DeleteOnExitHook
instanceKlass org/gradle/cache/internal/BinaryStore
instanceKlass org/gradle/api/internal/artifacts/ivyservice/resolveengine/store/ResolutionResultsStoreFactory$1
instanceKlass  @bci org/gradle/api/internal/artifacts/repositories/descriptor/MavenRepositoryDescriptor$Builder create ()Lorg/gradle/api/internal/artifacts/repositories/descriptor/MavenRepositoryDescriptor; 125 <appendix> argL0 ; # org/gradle/api/internal/artifacts/repositories/descriptor/MavenRepositoryDescriptor$Builder$$Lambda+0x0000028b1c773b80
instanceKlass  @bci org/gradle/api/internal/artifacts/repositories/AbstractAuthenticationSupportedRepository getAuthenticationSchemes ()Ljava/util/List; 4 <appendix> argL0 ; # org/gradle/api/internal/artifacts/repositories/AbstractAuthenticationSupportedRepository$$Lambda+0x0000028b1c773960
instanceKlass org/gradle/api/internal/artifacts/repositories/descriptor/UrlRepositoryDescriptor$Builder
instanceKlass  @bci org/gradle/api/internal/artifacts/configurations/ResolveConfigurationResolutionBuildOperationDetails$RepositoryImpl transform (Ljava/util/List;)Ljava/util/List; 1 <appendix> argL0 ; # org/gradle/api/internal/artifacts/configurations/ResolveConfigurationResolutionBuildOperationDetails$RepositoryImpl$$Lambda+0x0000028b1c7732c0
instanceKlass org/gradle/api/internal/artifacts/configurations/ResolveConfigurationResolutionBuildOperationDetails$RepositoryImpl
instanceKlass org/gradle/api/internal/artifacts/configurations/ResolveConfigurationDependenciesBuildOperationType$Repository
instanceKlass  @bci org/gradle/api/internal/artifacts/DefaultDependencyManagementServices$DependencyResolutionScopeServices collectRepositories (Lorg/gradle/api/artifacts/dsl/RepositoryHandler;)Ljava/util/List; 13 <appendix> member <vmtarget> ; # org/gradle/api/internal/artifacts/DefaultDependencyManagementServices$DependencyResolutionScopeServices$$Lambda+0x0000028b1c772e18
instanceKlass org/gradle/api/internal/artifacts/configurations/ResolveConfigurationResolutionBuildOperationDetails
instanceKlass org/gradle/api/internal/artifacts/configurations/ResolveConfigurationDependenciesBuildOperationType$Details
instanceKlass org/gradle/api/internal/artifacts/configurations/DefaultConfiguration$1
instanceKlass  @bci org/gradle/api/internal/artifacts/configurations/DefaultConfiguration resolveExclusivelyIfRequired ()Lorg/gradle/api/internal/artifacts/ResolverResults; 5 <appendix> member <vmtarget> ; # org/gradle/api/internal/artifacts/configurations/DefaultConfiguration$$Lambda+0x0000028b1c7726b8
instanceKlass org/gradle/api/internal/artifacts/ivyservice/ResolvedArtifactCollectingVisitor
instanceKlass org/gradle/api/internal/initialization/transform/utils/InstrumentationClasspathMerger
instanceKlass  @bci org/gradle/api/internal/initialization/DefaultScriptClassPathResolver lambda$getInstrumentedProjectDependencies$10 (Lorg/gradle/api/artifacts/ArtifactView$ViewConfiguration;)V 13 <appendix> argL0 ; # org/gradle/api/internal/initialization/DefaultScriptClassPathResolver$$Lambda+0x0000028b1c771220
instanceKlass  @bci org/gradle/api/internal/initialization/DefaultScriptClassPathResolver lambda$getInstrumentedProjectDependencies$10 (Lorg/gradle/api/artifacts/ArtifactView$ViewConfiguration;)V 1 <appendix> argL0 ; # org/gradle/api/internal/initialization/DefaultScriptClassPathResolver$$Lambda+0x0000028b1c771000
instanceKlass  @bci org/gradle/api/internal/initialization/DefaultScriptClassPathResolver getInstrumentedProjectDependencies (Lorg/gradle/api/artifacts/Configuration;)Lorg/gradle/api/artifacts/ArtifactCollection; 6 <appendix> argL0 ; # org/gradle/api/internal/initialization/DefaultScriptClassPathResolver$$Lambda+0x0000028b1c777c68
instanceKlass org/gradle/internal/model/CalculatedValueContainerFactory$SupplierBackedCalculator
instanceKlass  @bci org/gradle/api/internal/artifacts/configurations/DefaultArtifactCollection <init> (Lorg/gradle/api/internal/artifacts/configurations/ResolutionBackedFileCollection;ZLorg/gradle/api/internal/artifacts/configurations/ResolutionHost;Lorg/gradle/internal/model/CalculatedValueFactory;)V 28 <appendix> member <vmtarget> ; # org/gradle/api/internal/artifacts/configurations/DefaultArtifactCollection$$Lambda+0x0000028b1c772210
instanceKlass org/gradle/api/internal/artifacts/configurations/DefaultArtifactCollection$ArtifactSetResult
instanceKlass org/gradle/api/internal/artifacts/configurations/DefaultArtifactCollection
instanceKlass  @bci org/gradle/api/internal/initialization/DefaultScriptClassPathResolver lambda$getInstrumentedExternalDependencies$8 (Lorg/gradle/api/artifacts/ArtifactView$ViewConfiguration;)V 13 <appendix> argL0 ; # org/gradle/api/internal/initialization/DefaultScriptClassPathResolver$$Lambda+0x0000028b1c7777c0
instanceKlass  @bci org/gradle/api/internal/initialization/DefaultScriptClassPathResolver lambda$getInstrumentedExternalDependencies$8 (Lorg/gradle/api/artifacts/ArtifactView$ViewConfiguration;)V 1 <appendix> argL0 ; # org/gradle/api/internal/initialization/DefaultScriptClassPathResolver$$Lambda+0x0000028b1c7775a0
instanceKlass  @bci org/gradle/api/internal/initialization/DefaultScriptClassPathResolver getInstrumentedExternalDependencies (Lorg/gradle/api/artifacts/Configuration;)Lorg/gradle/api/artifacts/ArtifactCollection; 6 <appendix> argL0 ; # org/gradle/api/internal/initialization/DefaultScriptClassPathResolver$$Lambda+0x0000028b1c777380
instanceKlass  @bci org/gradle/api/internal/file/collections/DefaultConfigurableFileCollection$UnresolvedItemsCollector addItem (Lorg/gradle/api/internal/file/collections/DefaultConfigurableFileCollection;Lorg/gradle/internal/file/PathToFileResolver;Lorg/gradle/internal/Factory;Lorg/gradle/api/internal/tasks/TaskDependencyFactory;Lorg/gradle/api/internal/provider/PropertyHost;Ljava/lang/Object;Lcom/google/common/collect/ImmutableList;)V 22 <appendix> member <vmtarget> ; # org/gradle/api/internal/file/collections/DefaultConfigurableFileCollection$UnresolvedItemsCollector$$Lambda+0x0000028b1c777158
instanceKlass org/gradle/api/internal/file/FileCollectionExecutionTimeValue
instanceKlass  @bci org/gradle/api/internal/initialization/transform/services/CacheInstrumentationDataBuildService$1 setTypeHierarchyAnalysisResult (Lorg/gradle/api/file/FileCollection;)V 1 <appendix> argL0 ; # org/gradle/api/internal/initialization/transform/services/CacheInstrumentationDataBuildService$1$$Lambda+0x0000028b1c776870
instanceKlass org/gradle/api/internal/initialization/transform/utils/InstrumentationTransformUtils
instanceKlass  @bci org/gradle/api/internal/initialization/DefaultScriptClassPathResolver lambda$getAnalysisResult$4 (Lorg/gradle/api/artifacts/ArtifactView$ViewConfiguration;)V 14 <appendix> argL0 ; # org/gradle/api/internal/initialization/DefaultScriptClassPathResolver$$Lambda+0x0000028b1c776448
instanceKlass  @bci org/gradle/api/internal/initialization/DefaultScriptClassPathResolver lambda$getAnalysisResult$4 (Lorg/gradle/api/artifacts/ArtifactView$ViewConfiguration;)V 2 <appendix> member <vmtarget> ; # org/gradle/api/internal/initialization/DefaultScriptClassPathResolver$$Lambda+0x0000028b1c776220
instanceKlass  @bci org/gradle/api/internal/initialization/DefaultScriptClassPathResolver getAnalysisResult (Lorg/gradle/api/artifacts/Configuration;)Lorg/gradle/api/file/FileCollection; 7 <appendix> member <vmtarget> ; # org/gradle/api/internal/initialization/DefaultScriptClassPathResolver$$Lambda+0x0000028b1c775ff8
instanceKlass  @bci org/gradle/api/internal/initialization/DefaultScriptClassPathResolver lambda$getOriginalDependencies$6 (Lorg/gradle/api/artifacts/ArtifactView$ViewConfiguration;)V 1 <appendix> argL0 ; # org/gradle/api/internal/initialization/DefaultScriptClassPathResolver$$Lambda+0x0000028b1c775dd8
instanceKlass  @bci org/gradle/api/internal/initialization/DefaultScriptClassPathResolver getOriginalDependencies (Lorg/gradle/api/artifacts/Configuration;)Lorg/gradle/api/artifacts/ArtifactView; 6 <appendix> argL0 ; # org/gradle/api/internal/initialization/DefaultScriptClassPathResolver$$Lambda+0x0000028b1c775bb8
instanceKlass org/gradle/api/internal/initialization/transform/services/CacheInstrumentationDataBuildService$1
instanceKlass  @bci org/gradle/api/internal/initialization/transform/services/CacheInstrumentationDataBuildService$ResolutionData_Decorated $gradleInit ()V 1 <appendix> member <vmtarget> ; # org/gradle/api/internal/initialization/transform/services/CacheInstrumentationDataBuildService$ResolutionData_Decorated$$Lambda+0x0000028b1c775720
instanceKlass  @bci org/gradle/api/internal/initialization/transform/services/CacheInstrumentationDataBuildService$ResolutionData <init> (Lorg/gradle/api/internal/initialization/transform/services/InjectedInstrumentationServices;Lorg/gradle/api/internal/initialization/transform/utils/InstrumentationAnalysisSerializer;Lcom/google/common/cache/Cache;)V 48 <appendix> member <vmtarget> ; # org/gradle/api/internal/initialization/transform/services/CacheInstrumentationDataBuildService$ResolutionData$$Lambda+0x0000028b1c7754f8
instanceKlass  @bci org/gradle/api/internal/initialization/transform/services/CacheInstrumentationDataBuildService$ResolutionData <init> (Lorg/gradle/api/internal/initialization/transform/services/InjectedInstrumentationServices;Lorg/gradle/api/internal/initialization/transform/utils/InstrumentationAnalysisSerializer;Lcom/google/common/cache/Cache;)V 30 <appendix> member <vmtarget> ; # org/gradle/api/internal/initialization/transform/services/CacheInstrumentationDataBuildService$ResolutionData$$Lambda+0x0000028b1c7752d0
instanceKlass org/gradle/internal/classpath/types/ExternalPluginsInstrumentationTypeRegistry
instanceKlass org/gradle/api/internal/initialization/transform/utils/DefaultInstrumentationAnalysisSerializer
instanceKlass org/gradle/api/internal/initialization/transform/utils/CachedInstrumentationAnalysisSerializer
instanceKlass  @bci org/gradle/api/internal/initialization/transform/services/InjectedInstrumentationServices_Decorated $gradleInit ()V 1 <appendix> member <vmtarget> ; # org/gradle/api/internal/initialization/transform/services/InjectedInstrumentationServices_Decorated$$Lambda+0x0000028b1c7745e0
instanceKlass  @bci org/gradle/api/internal/initialization/transform/services/InjectedInstrumentationServices <init> ()V 27 <appendix> member <vmtarget> ; # org/gradle/api/internal/initialization/transform/services/InjectedInstrumentationServices$$Lambda+0x0000028b1c7743b8
instanceKlass  @bci org/gradle/api/internal/initialization/transform/services/InjectedInstrumentationServices <init> ()V 9 <appendix> member <vmtarget> ; # org/gradle/api/internal/initialization/transform/services/InjectedInstrumentationServices$$Lambda+0x0000028b1c757cb0
instanceKlass  @bci org/gradle/api/internal/initialization/transform/services/CacheInstrumentationDataBuildService newResolutionScope (J)Lorg/gradle/api/internal/initialization/transform/services/CacheInstrumentationDataBuildService$ResolutionScope; 10 <appendix> member <vmtarget> ; # org/gradle/api/internal/initialization/transform/services/CacheInstrumentationDataBuildService$$Lambda+0x0000028b1c757a78
instanceKlass  @cpi org/gradle/api/internal/initialization/transform/services/CacheInstrumentationDataBuildService 177 form vmentry <vmtarget> ; # java/lang/invoke/LambdaForm$DMH+0x0000028b1c770000
instanceKlass  @bci org/gradle/api/internal/initialization/transform/services/CacheInstrumentationDataBuildService$Inject $gradleInit ()V 1 <appendix> member <vmtarget> ; # org/gradle/api/internal/initialization/transform/services/CacheInstrumentationDataBuildService$Inject$$Lambda+0x0000028b1c757850
instanceKlass  @bci org/gradle/api/internal/initialization/transform/services/CacheInstrumentationDataBuildService <init> ()V 55 <appendix> argL0 ; # org/gradle/api/internal/initialization/transform/services/CacheInstrumentationDataBuildService$$Lambda+0x0000028b1c757630
instanceKlass  @bci org/gradle/api/internal/initialization/transform/services/CacheInstrumentationDataBuildService <init> ()V 38 <appendix> member <vmtarget> ; # org/gradle/api/internal/initialization/transform/services/CacheInstrumentationDataBuildService$$Lambda+0x0000028b1c757408
instanceKlass  @bci org/gradle/api/internal/initialization/transform/services/CacheInstrumentationDataBuildService <init> ()V 20 <appendix> member <vmtarget> ; # org/gradle/api/internal/initialization/transform/services/CacheInstrumentationDataBuildService$$Lambda+0x0000028b1c7571e0
instanceKlass org/gradle/api/internal/initialization/transform/services/CacheInstrumentationDataBuildService$ResolutionData
instanceKlass org/gradle/api/internal/initialization/transform/services/CacheInstrumentationDataBuildService$ResolutionScope
instanceKlass org/gradle/api/internal/initialization/transform/utils/InstrumentationAnalysisSerializer
instanceKlass org/gradle/internal/isolated/IsolationScheme$ServicesForIsolatedObject
instanceKlass  @bci org/gradle/api/services/internal/RegisteredBuildServiceProvider instantiationServicesFor (Lorg/gradle/api/services/BuildServiceParameters;)Lorg/gradle/internal/service/ServiceLookup; 12 <appendix> argL0 ; # org/gradle/api/services/internal/RegisteredBuildServiceProvider$$Lambda+0x0000028b1c756448
instanceKlass org/gradle/internal/snapshot/impl/NullValueSnapshot
instanceKlass  @bci org/gradle/api/internal/initialization/DefaultBuildLogicBuilder resolveClassPath (Lorg/gradle/api/artifacts/Configuration;Lorg/gradle/api/internal/initialization/ScriptClassPathResolutionContext;)Lorg/gradle/internal/classpath/ClassPath; 16 <appendix> member <vmtarget> ; # org/gradle/api/internal/initialization/DefaultBuildLogicBuilder$$Lambda+0x0000028b1c755f98
instanceKlass  @bci org/gradle/api/internal/artifacts/configurations/ResolutionBackedFileCollection visitDependencies (Lorg/gradle/api/internal/tasks/TaskDependencyResolveContext;)V 57 <appendix> member <vmtarget> ; # org/gradle/api/internal/artifacts/configurations/ResolutionBackedFileCollection$$Lambda+0x0000028b1c768a38
instanceKlass  @bci org/gradle/api/internal/artifacts/ivyservice/resolveengine/artifact/DefaultSelectedArtifactSet visitDependencies (Lorg/gradle/api/internal/tasks/TaskDependencyResolveContext;)V 10 <appendix> member <vmtarget> ; # org/gradle/api/internal/artifacts/ivyservice/resolveengine/artifact/DefaultSelectedArtifactSet$$Lambda+0x0000028b1c768800
instanceKlass org/gradle/api/internal/artifacts/ivyservice/resolveengine/artifact/DefaultSelectedArtifactSet
instanceKlass org/gradle/api/internal/artifacts/ivyservice/resolveengine/artifact/ResolvedArtifactSet$1
instanceKlass org/gradle/api/internal/artifacts/ivyservice/resolveengine/artifact/CompositeResolvedArtifactSet
instanceKlass org/gradle/api/internal/artifacts/ivyservice/resolveengine/artifact/DefaultVisitedArtifactResults$DefaultSelectedArtifactResults
instanceKlass org/gradle/api/internal/artifacts/ivyservice/resolveengine/artifact/ArtifactSelectionSpec
instanceKlass org/gradle/api/internal/artifacts/DefaultResolverResults
instanceKlass org/gradle/api/internal/artifacts/DefaultResolverResults$DefaultLegacyResolverResults
instanceKlass org/gradle/api/internal/artifacts/ResolverResults$LegacyResolverResults
instanceKlass  @bci org/gradle/api/internal/artifacts/ivyservice/DefaultConfigurationResolver resolveBuildDependencies (Lorg/gradle/api/internal/artifacts/ResolveContext;)Lorg/gradle/api/internal/artifacts/ResolverResults; 195 <appendix> member <vmtarget> ; # org/gradle/api/internal/artifacts/ivyservice/DefaultConfigurationResolver$$Lambda+0x0000028b1c76b958
instanceKlass org/gradle/api/internal/artifacts/ivyservice/resolveengine/artifact/SelectedArtifactResults
instanceKlass org/gradle/api/internal/artifacts/ivyservice/resolveengine/artifact/DefaultVisitedArtifactResults
instanceKlass org/gradle/api/internal/artifacts/ivyservice/resolveengine/artifact/DefaultVisitedArtifactSet
instanceKlass org/gradle/internal/component/model/AttributeMatchingExplanationBuilder
instanceKlass org/gradle/api/internal/artifacts/transform/AttributeMatchingArtifactVariantSelector
instanceKlass  @bci org/gradle/api/internal/artifacts/configurations/DefaultConfiguration getDependenciesResolverFactory ()Lorg/gradle/api/internal/artifacts/transform/TransformUpstreamDependenciesResolverFactory; 61 <appendix> member <vmtarget> ; # org/gradle/api/internal/artifacts/configurations/DefaultConfiguration$$Lambda+0x0000028b1c76aca0
instanceKlass org/gradle/api/internal/artifacts/transform/FilteredResultFactory
instanceKlass org/gradle/api/internal/artifacts/configurations/DefaultConfiguration$DefaultConfigurationIdentity
instanceKlass  @bci org/gradle/api/internal/artifacts/transform/DefaultTransformUpstreamDependenciesResolverFactory <clinit> ()V 0 <appendix> argL0 ; # org/gradle/api/internal/artifacts/transform/DefaultTransformUpstreamDependenciesResolverFactory$$Lambda+0x0000028b1c76a630
instanceKlass org/gradle/api/internal/artifacts/transform/TransformUpstreamDependencies
instanceKlass org/gradle/api/internal/artifacts/transform/TransformUpstreamDependenciesResolver
instanceKlass org/gradle/api/internal/artifacts/transform/DefaultTransformUpstreamDependenciesResolverFactory
instanceKlass  @bci org/gradle/api/internal/artifacts/configurations/DefaultConfiguration getDependenciesResolverFactory ()Lorg/gradle/api/internal/artifacts/transform/TransformUpstreamDependenciesResolverFactory; 33 <appendix> argL0 ; # org/gradle/api/internal/artifacts/configurations/DefaultConfiguration$$Lambda+0x0000028b1c76fbf0
instanceKlass  @bci org/gradle/api/internal/artifacts/ivyservice/InMemoryResolutionResultBuilder getResolutionResult ()Lorg/gradle/api/internal/artifacts/result/MinimalResolutionResult; 22 <appendix> member <vmtarget> ; # org/gradle/api/internal/artifacts/ivyservice/InMemoryResolutionResultBuilder$$Lambda+0x0000028b1c76f9c8
instanceKlass org/gradle/api/internal/artifacts/result/MinimalResolutionResult
instanceKlass org/gradle/api/internal/artifacts/ivyservice/resolveengine/graph/results/DefaultVisitedGraphResults
instanceKlass org/gradle/api/internal/artifacts/result/DefaultResolvedComponentResult
instanceKlass org/gradle/api/internal/artifacts/result/ResolvedComponentResultInternal
instanceKlass  @bci org/gradle/api/internal/attributes/AttributeDesugaring desugar (Lorg/gradle/api/internal/attributes/ImmutableAttributes;)Lorg/gradle/api/internal/attributes/ImmutableAttributes; 17 <appendix> member <vmtarget> ; # org/gradle/api/internal/attributes/AttributeDesugaring$$Lambda+0x0000028b1c76edf0
instanceKlass org/gradle/api/internal/artifacts/result/DefaultResolvedVariantResult
instanceKlass  @bci org/gradle/api/internal/artifacts/ivyservice/resolveengine/graph/builder/ComponentState getSelectedVariants ()Ljava/util/List; 11 <appendix> member <vmtarget> ; # org/gradle/api/internal/artifacts/ivyservice/resolveengine/graph/builder/ComponentState$$Lambda+0x0000028b1c76e948
instanceKlass org/gradle/api/internal/artifacts/ivyservice/resolveengine/result/ComponentSelectionReasons$DefaultComponentSelectionReason
instanceKlass org/gradle/api/artifacts/component/ProjectComponentSelector
instanceKlass  @bci org/gradle/api/internal/artifacts/ivyservice/resolveengine/graph/builder/NodeState cachedDependencyStateFor (Lorg/gradle/internal/component/model/DependencyMetadata;)Lorg/gradle/api/internal/artifacts/ivyservice/resolveengine/graph/builder/DependencyState; 6 <appendix> member <vmtarget> ; # org/gradle/api/internal/artifacts/ivyservice/resolveengine/graph/builder/NodeState$$Lambda+0x0000028b1c76e420
instanceKlass org/gradle/api/internal/artifacts/ivyservice/resolveengine/graph/builder/DependencyState
instanceKlass org/gradle/api/internal/artifacts/ivyservice/resolveengine/strict/StrictVersionConstraints
instanceKlass org/gradle/api/internal/artifacts/ivyservice/resolveengine/graph/builder/DefaultPendingDependenciesVisitor
instanceKlass org/gradle/api/internal/artifacts/ivyservice/resolveengine/graph/builder/DependencyGraphBuilder$1
instanceKlass org/gradle/api/internal/artifacts/ComponentVariantNodeIdentifier
instanceKlass org/gradle/api/internal/artifacts/NodeIdentifier
instanceKlass org/gradle/api/internal/artifacts/ivyservice/resolveengine/graph/selectors/SelectorStateResolver
instanceKlass org/gradle/internal/component/model/ComponentGraphSpecificResolveState$1
instanceKlass org/gradle/internal/component/model/ComponentGraphSpecificResolveState
instanceKlass org/gradle/internal/resolve/result/BuildableComponentResolveResult
instanceKlass org/gradle/internal/resolve/result/ResourceAwareResolveResult
instanceKlass org/gradle/internal/resolve/result/ComponentResolveResult
instanceKlass org/gradle/internal/resolve/result/ResolveResult
instanceKlass  @bci org/gradle/api/internal/artifacts/ivyservice/resolveengine/graph/builder/ModuleResolveState getVersion (Lorg/gradle/api/artifacts/ModuleVersionIdentifier;Lorg/gradle/api/artifacts/component/ComponentIdentifier;)Lorg/gradle/api/internal/artifacts/ivyservice/resolveengine/graph/builder/ComponentState; 38 <appendix> member <vmtarget> ; # org/gradle/api/internal/artifacts/ivyservice/resolveengine/graph/builder/ModuleResolveState$$Lambda+0x0000028b1c7679d8
instanceKlass org/gradle/api/internal/artifacts/ivyservice/resolveengine/graph/builder/ComponentState
instanceKlass org/gradle/api/internal/artifacts/ivyservice/resolveengine/graph/DependencyGraphComponent
instanceKlass org/gradle/api/internal/artifacts/ivyservice/resolveengine/graph/ResolvedGraphComponent
instanceKlass org/gradle/api/internal/artifacts/ivyservice/resolveengine/graph/builder/ModuleSelectors$SelectorComparator
instanceKlass org/gradle/api/internal/artifacts/ivyservice/ivyresolve/strategy/VersionParser$DefaultVersion
instanceKlass  @bci org/gradle/api/internal/artifacts/ivyservice/ivyresolve/strategy/VersionParser transform (Ljava/lang/String;)Lorg/gradle/api/internal/artifacts/ivyservice/ivyresolve/strategy/Version; 6 <appendix> member <vmtarget> ; # org/gradle/api/internal/artifacts/ivyservice/ivyresolve/strategy/VersionParser$$Lambda+0x0000028b1c766a20
instanceKlass org/gradle/api/internal/artifacts/ivyservice/resolveengine/graph/builder/ModuleSelectors
instanceKlass org/gradle/api/internal/artifacts/ivyservice/resolveengine/graph/builder/PendingDependencies
instanceKlass org/gradle/api/internal/artifacts/ivyservice/resolveengine/graph/selectors/ResolvableSelectorState
instanceKlass  @bci org/gradle/api/internal/artifacts/ivyservice/resolveengine/oldresult/TransientConfigurationResultsBuilder parentChildMapping (Ljava/lang/Long;Ljava/lang/Long;I)V 7 <adapter> ; # java/lang/invoke/LambdaForm$MH+0x0000028b1c768400
instanceKlass  @bci org/gradle/api/internal/artifacts/ivyservice/resolveengine/oldresult/TransientConfigurationResultsBuilder parentChildMapping (Ljava/lang/Long;Ljava/lang/Long;I)V 7 <appendix> form vmentry <vmtarget> ; # java/lang/invoke/LambdaForm$DMH+0x0000028b1c768000
instanceKlass  @bci org/gradle/api/internal/artifacts/ivyservice/resolveengine/graph/builder/ResolveState getModule (Lorg/gradle/api/artifacts/ModuleIdentifier;Z)Lorg/gradle/api/internal/artifacts/ivyservice/resolveengine/graph/builder/ModuleResolveState; 8 <appendix> member <vmtarget> ; # org/gradle/api/internal/artifacts/ivyservice/resolveengine/graph/builder/ResolveState$$Lambda+0x0000028b1c766108
instanceKlass org/gradle/api/internal/artifacts/ivyservice/resolveengine/graph/builder/ModuleResolveState
instanceKlass org/gradle/api/internal/artifacts/ivyservice/resolveengine/graph/conflicts/CandidateModule
instanceKlass org/gradle/internal/component/model/DelegatingDependencyMetadata
instanceKlass org/gradle/internal/component/local/model/DslOriginDependencyMetadata
instanceKlass  @bci org/gradle/api/internal/artifacts/ivyservice/moduleconverter/dependencies/AbstractDependencyMetadataConverter convertExcludeRules (Ljava/util/Set;)Ljava/util/List; 10 <appendix> member <vmtarget> ; # org/gradle/api/internal/artifacts/ivyservice/moduleconverter/dependencies/AbstractDependencyMetadataConverter$$Lambda+0x0000028b1c764ce0
instanceKlass org/gradle/internal/component/external/model/DefaultModuleComponentSelector
instanceKlass  @bci org/gradle/api/internal/artifacts/ivyservice/moduleconverter/dependencies/DefaultLocalConfigurationMetadataBuilder getDefinedState (Lorg/gradle/api/internal/artifacts/configurations/ConfigurationInternal;Lorg/gradle/api/internal/artifacts/ivyservice/moduleconverter/dependencies/LocalConfigurationMetadataBuilder$DependencyCache;)Lorg/gradle/api/internal/artifacts/ivyservice/moduleconverter/dependencies/LocalConfigurationMetadataBuilder$DependencyState; 3 <appendix> member <vmtarget> ; # org/gradle/api/internal/artifacts/ivyservice/moduleconverter/dependencies/DefaultLocalConfigurationMetadataBuilder$$Lambda+0x0000028b1c764538
instanceKlass org/gradle/api/internal/artifacts/ivyservice/moduleconverter/dependencies/LocalConfigurationMetadataBuilder$DependencyState
instanceKlass  @bci org/gradle/api/internal/artifacts/ivyservice/moduleconverter/dependencies/DefaultLocalConfigurationMetadataBuilder lambda$getConfigurationDependencyState$5 (Lorg/gradle/api/internal/artifacts/configurations/ConfigurationsProvider;Lcom/google/common/collect/ImmutableSet;Lorg/gradle/api/internal/artifacts/ivyservice/moduleconverter/dependencies/LocalConfigurationMetadataBuilder$DependencyCache;Lorg/gradle/api/internal/attributes/ImmutableAttributes;Ljava/lang/Object;)Lorg/gradle/internal/component/local/model/DefaultLocalConfigurationMetadata$ConfigurationDependencyMetadata; 25 <appendix> member <vmtarget> ; # org/gradle/api/internal/artifacts/ivyservice/moduleconverter/dependencies/DefaultLocalConfigurationMetadataBuilder$$Lambda+0x0000028b1c7640f0
instanceKlass  @bci org/gradle/api/internal/artifacts/ivyservice/moduleconverter/dependencies/DefaultLocalConfigurationMetadataBuilder lambda$getConfigurationDependencyState$6 (Lorg/gradle/internal/model/ModelContainer;Lorg/gradle/api/internal/artifacts/configurations/ConfigurationsProvider;Lcom/google/common/collect/ImmutableSet;Lorg/gradle/api/internal/artifacts/ivyservice/moduleconverter/dependencies/LocalConfigurationMetadataBuilder$DependencyCache;Lorg/gradle/api/internal/attributes/ImmutableAttributes;Lorg/gradle/api/internal/tasks/NodeExecutionContext;)Lorg/gradle/internal/component/local/model/DefaultLocalConfigurationMetadata$ConfigurationDependencyMetadata; 8 <appendix> member <vmtarget> ; # org/gradle/api/internal/artifacts/ivyservice/moduleconverter/dependencies/DefaultLocalConfigurationMetadataBuilder$$Lambda+0x0000028b1c763ea8
instanceKlass org/gradle/api/internal/artifacts/ivyservice/resolveengine/graph/builder/ReplaceSelectionWithConflictResultAction
instanceKlass org/gradle/api/internal/artifacts/ivyservice/resolveengine/graph/builder/ResolveOptimizations
instanceKlass org/gradle/api/internal/artifacts/ivyservice/resolveengine/graph/builder/DeselectVersionAction
instanceKlass org/gradle/api/internal/artifacts/ResolvedVersionConstraint
instanceKlass org/gradle/api/internal/artifacts/ivyservice/resolveengine/graph/builder/PendingDependenciesVisitor
instanceKlass org/gradle/api/internal/artifacts/ivyservice/resolveengine/ComponentResolutionState
instanceKlass org/gradle/api/internal/artifacts/ivyservice/ivyresolve/StringVersioned
instanceKlass org/gradle/api/internal/artifacts/ivyservice/resolveengine/graph/builder/ResolveState
instanceKlass org/gradle/api/internal/artifacts/ivyservice/resolveengine/graph/selectors/ComponentStateFactory
instanceKlass org/gradle/api/internal/artifacts/ivyservice/resolveengine/graph/conflicts/PotentialConflict
instanceKlass org/gradle/api/internal/artifacts/ivyservice/resolveengine/graph/conflicts/CapabilitiesConflictHandler$Candidate
instanceKlass org/gradle/api/internal/artifacts/ivyservice/resolveengine/graph/conflicts/DefaultCapabilitiesConflictHandler
instanceKlass org/gradle/api/internal/artifacts/ivyservice/resolveengine/graph/conflicts/ConflictContainer
instanceKlass org/gradle/api/internal/artifacts/ivyservice/resolveengine/ConflictResolverDetails
instanceKlass org/gradle/api/internal/artifacts/ivyservice/resolveengine/graph/conflicts/DefaultConflictHandler
instanceKlass org/gradle/api/internal/artifacts/ivyservice/resolveengine/graph/builder/ResolutionConflictTracker
instanceKlass org/gradle/api/internal/artifacts/ivyservice/resolveengine/graph/conflicts/RejectRemainingCandidates
instanceKlass org/gradle/api/internal/artifacts/ivyservice/resolveengine/graph/conflicts/LastCandidateCapabilityResolver
instanceKlass org/gradle/api/internal/artifacts/ivyservice/resolveengine/graph/conflicts/UserConfiguredCapabilityResolver
instanceKlass org/gradle/api/internal/artifacts/ivyservice/resolveengine/LatestModuleConflictResolver
instanceKlass  @bci org/gradle/api/internal/artifacts/ivyservice/dependencysubstitution/DependencySubstitutionApplicator <clinit> ()V 9 <appendix> argL0 ; # org/gradle/api/internal/artifacts/ivyservice/dependencysubstitution/DependencySubstitutionApplicator$$Lambda+0x0000028b1c7610b0
instanceKlass org/gradle/api/internal/artifacts/ivyservice/dependencysubstitution/DependencySubstitutionApplicator$SubstitutionResult
instanceKlass org/gradle/api/internal/artifacts/ivyservice/dependencysubstitution/NoOpSubstitution
instanceKlass org/gradle/api/internal/artifacts/ivyservice/clientmodule/ClientModuleResolver
instanceKlass org/gradle/api/internal/artifacts/ivyservice/resolveengine/graph/CompositeDependencyGraphVisitor
instanceKlass org/gradle/api/internal/artifacts/ivyservice/moduleconverter/DefaultRootComponentMetadataBuilder$1
instanceKlass  @bci org/gradle/internal/component/local/model/DefaultLocalComponentGraphResolveState$DefaultLocalConfigurationGraphResolveState <init> (JLorg/gradle/internal/component/model/AbstractComponentGraphResolveState;Lorg/gradle/internal/component/model/ComponentGraphResolveMetadata;Lorg/gradle/internal/component/local/model/LocalConfigurationGraphResolveMetadata;Lorg/gradle/internal/model/CalculatedValueContainerFactory;)V 30 <appendix> member <vmtarget> ; # org/gradle/internal/component/local/model/DefaultLocalComponentGraphResolveState$DefaultLocalConfigurationGraphResolveState$$Lambda+0x0000028b1c760260
instanceKlass org/gradle/internal/component/local/model/DefaultLocalComponentGraphResolveState$DefaultLocalConfigurationArtifactResolveState
instanceKlass org/gradle/internal/component/model/VariantArtifactResolveState
instanceKlass  @bci org/gradle/internal/component/model/AbstractComponentGraphResolveState$AbstractVariantGraphResolveState <init> (Lorg/gradle/internal/component/model/AbstractComponentGraphResolveState;)V 9 <appendix> member <vmtarget> ; # org/gradle/internal/component/model/AbstractComponentGraphResolveState$AbstractVariantGraphResolveState$$Lambda+0x0000028b1c75cc00
instanceKlass org/gradle/internal/component/local/model/DefaultLocalConfigurationMetadata
instanceKlass org/gradle/internal/component/local/model/LocalConfigurationMetadata
instanceKlass  @bci org/gradle/api/internal/artifacts/ivyservice/moduleconverter/dependencies/DefaultLocalConfigurationMetadataBuilder getConfigurationArtifacts (Ljava/lang/String;Ljava/lang/String;Lorg/gradle/api/artifacts/component/ComponentIdentifier;Lcom/google/common/collect/ImmutableSet;Lorg/gradle/api/internal/artifacts/configurations/ConfigurationsProvider;Lorg/gradle/internal/model/ModelContainer;Lorg/gradle/internal/model/CalculatedValueContainerFactory;)Lorg/gradle/internal/model/CalculatedValue; 15 <appendix> member <vmtarget> ; # org/gradle/api/internal/artifacts/ivyservice/moduleconverter/dependencies/DefaultLocalConfigurationMetadataBuilder$$Lambda+0x0000028b1c75d490
instanceKlass  @bci org/gradle/api/internal/artifacts/ivyservice/moduleconverter/dependencies/DefaultLocalConfigurationMetadataBuilder getConfigurationDependencyState (Ljava/lang/String;Lcom/google/common/collect/ImmutableSet;Lorg/gradle/api/internal/attributes/ImmutableAttributes;Lorg/gradle/api/internal/artifacts/configurations/ConfigurationsProvider;Lorg/gradle/api/internal/artifacts/ivyservice/moduleconverter/dependencies/LocalConfigurationMetadataBuilder$DependencyCache;Lorg/gradle/internal/model/ModelContainer;Lorg/gradle/internal/model/CalculatedValueContainerFactory;)Lorg/gradle/internal/model/CalculatedValue; 17 <appendix> member <vmtarget> ; # org/gradle/api/internal/artifacts/ivyservice/moduleconverter/dependencies/DefaultLocalConfigurationMetadataBuilder$$Lambda+0x0000028b1c75d210
instanceKlass org/gradle/internal/component/local/model/DefaultLocalConfigurationMetadata$ConfigurationDependencyMetadata
instanceKlass org/gradle/internal/component/model/DefaultVariantMetadata
instanceKlass  @bci org/gradle/api/internal/artifacts/ivyservice/moduleconverter/dependencies/DefaultLocalConfigurationMetadataBuilder getVariantArtifacts (Lorg/gradle/internal/DisplayName;Lorg/gradle/api/artifacts/component/ComponentIdentifier;Ljava/util/Collection;Lorg/gradle/internal/model/ModelContainer;Lorg/gradle/internal/model/CalculatedValueContainerFactory;)Lorg/gradle/internal/model/CalculatedValue; 11 <appendix> member <vmtarget> ; # org/gradle/api/internal/artifacts/ivyservice/moduleconverter/dependencies/DefaultLocalConfigurationMetadataBuilder$$Lambda+0x0000028b1c75f718
instanceKlass org/gradle/api/internal/artifacts/ivyservice/moduleconverter/dependencies/DefaultLocalConfigurationMetadataBuilder$1
instanceKlass org/gradle/internal/component/external/model/ImmutableCapabilities
instanceKlass org/gradle/api/internal/artifacts/configurations/Configurations
instanceKlass org/gradle/internal/component/model/ComponentConfigurationIdentifier
instanceKlass  @bci org/gradle/api/internal/artifacts/configurations/DefaultConfiguration markAsObserved ()V 9 <appendix> argL0 ; # org/gradle/api/internal/artifacts/configurations/DefaultConfiguration$$Lambda+0x0000028b1c75ec88
instanceKlass  @bci org/gradle/internal/component/local/model/LocalComponentGraphResolveStateFactory$ConfigurationsProviderMetadataFactory getConfiguration (Ljava/lang/String;)Lorg/gradle/internal/component/local/model/LocalConfigurationGraphResolveMetadata; 6 <appendix> member <vmtarget> ; # org/gradle/internal/component/local/model/LocalComponentGraphResolveStateFactory$ConfigurationsProviderMetadataFactory$$Lambda+0x0000028b1c75ea40
instanceKlass org/gradle/internal/model/CalculatedValueContainer$GlobalContext
instanceKlass  @bci org/gradle/internal/model/CalculatedValueContainer$CalculationState attachValue (Lorg/gradle/internal/model/CalculatedValueContainer;Lorg/gradle/api/internal/tasks/NodeExecutionContext;)V 24 <appendix> member <vmtarget> ; # org/gradle/internal/model/CalculatedValueContainer$CalculationState$$Lambda+0x0000028b1c754fc0
instanceKlass  @bci org/gradle/internal/model/CalculatedValueContainerFactory$DefaultCalculatedValueCache lambda$computeIfAbsent$1 (Ljava/util/function/Function;Ljava/lang/Object;)Lorg/gradle/internal/model/CalculatedValue; 14 <appendix> member <vmtarget> ; # org/gradle/internal/model/CalculatedValueContainerFactory$DefaultCalculatedValueCache$$Lambda+0x0000028b1c754d40
instanceKlass  @bci org/gradle/internal/model/CalculatedValueContainerFactory$DefaultCalculatedValueCache computeIfAbsent (Ljava/lang/Object;Ljava/util/function/Function;)Ljava/lang/Object; 7 <appendix> member <vmtarget> ; # org/gradle/internal/model/CalculatedValueContainerFactory$DefaultCalculatedValueCache$$Lambda+0x0000028b1c754af8
instanceKlass  @bci org/gradle/internal/component/local/model/DefaultLocalComponentGraphResolveState getConfiguration (Ljava/lang/String;)Lorg/gradle/internal/component/model/ConfigurationGraphResolveState; 7 <appendix> member <vmtarget> ; # org/gradle/internal/component/local/model/DefaultLocalComponentGraphResolveState$$Lambda+0x0000028b1c75e7f8
instanceKlass org/gradle/internal/component/model/AbstractComponentGraphResolveState$AbstractVariantGraphResolveState
instanceKlass org/gradle/internal/component/model/ConfigurationGraphResolveState
instanceKlass org/gradle/internal/component/model/VariantGraphResolveState
instanceKlass  @bci org/gradle/internal/component/local/model/DefaultLocalComponentGraphResolveState initCalculatedValues ()V 47 <appendix> member <vmtarget> ; # org/gradle/internal/component/local/model/DefaultLocalComponentGraphResolveState$$Lambda+0x0000028b1c75bb78
instanceKlass  @bci org/gradle/internal/component/local/model/DefaultLocalComponentGraphResolveState initCalculatedValues ()V 18 <appendix> member <vmtarget> ; # org/gradle/internal/component/local/model/DefaultLocalComponentGraphResolveState$$Lambda+0x0000028b1c75b8f8
instanceKlass org/gradle/internal/component/local/model/LocalComponentGraphResolveState$LocalComponentGraphSelectionCandidates
instanceKlass org/gradle/internal/component/model/ComponentArtifactResolveMetadata
instanceKlass org/gradle/internal/component/model/GraphSelectionCandidates
instanceKlass org/gradle/internal/component/model/AbstractComponentGraphResolveState
instanceKlass org/gradle/internal/component/model/ComponentArtifactResolveState
instanceKlass org/gradle/internal/component/local/model/LocalComponentGraphResolveMetadata
instanceKlass org/gradle/api/internal/artifacts/ivyservice/moduleconverter/dependencies/LocalConfigurationMetadataBuilder$DependencyCache
instanceKlass org/gradle/internal/component/local/model/LocalComponentGraphResolveStateFactory$ConfigurationsProviderMetadataFactory
instanceKlass org/gradle/api/internal/artifacts/DefaultModuleVersionIdentifier
instanceKlass  @bci org/gradle/api/internal/artifacts/DefaultImmutableModuleIdentifierFactory moduleWithVersion (Lorg/gradle/api/artifacts/ModuleIdentifier;Ljava/lang/String;)Lorg/gradle/api/artifacts/ModuleVersionIdentifier; 23 <appendix> argL0 ; # org/gradle/api/internal/artifacts/DefaultImmutableModuleIdentifierFactory$$Lambda+0x0000028b1c759eb0
instanceKlass  @bci org/gradle/api/internal/artifacts/DefaultImmutableModuleIdentifierFactory module (Ljava/lang/String;Ljava/lang/String;)Lorg/gradle/api/artifacts/ModuleIdentifier; 23 <appendix> argL0 ; # org/gradle/api/internal/artifacts/DefaultImmutableModuleIdentifierFactory$$Lambda+0x0000028b1c759c70
instanceKlass  @bci org/gradle/internal/service/scopes/ProjectScopeServices createProjectFinder ()Lorg/gradle/api/internal/artifacts/dsl/dependencies/ProjectFinder; 5 <appendix> member <vmtarget> ; # org/gradle/internal/service/scopes/ProjectScopeServices$$Lambda+0x0000028b1c7548d0
instanceKlass org/gradle/internal/service/scopes/DefaultProjectFinder
# instanceKlass java/lang/invoke/LambdaForm$MH+0x0000028b1c75c800
# instanceKlass java/lang/invoke/LambdaForm$MH+0x0000028b1c75c400
# instanceKlass java/lang/invoke/LambdaForm$MH+0x0000028b1c75c000
instanceKlass  @bci org/gradle/api/internal/artifacts/dsl/DefaultComponentMetadataHandler createFactory (Lorg/gradle/internal/management/DependencyResolutionManagementInternal;)Lorg/gradle/api/internal/artifacts/ComponentMetadataProcessorFactory; 9 <appendix> member <vmtarget> ; # org/gradle/api/internal/artifacts/dsl/DefaultComponentMetadataHandler$$Lambda+0x0000028b1c759a48
instanceKlass  @bci org/gradle/api/internal/artifacts/dsl/DefaultComponentMetadataHandler createFactory (Lorg/gradle/internal/management/DependencyResolutionManagementInternal;)Lorg/gradle/api/internal/artifacts/ComponentMetadataProcessorFactory; 2 <appendix> member <vmtarget> ; # org/gradle/api/internal/artifacts/dsl/DefaultComponentMetadataHandler$$Lambda+0x0000028b1c759820
instanceKlass  @bci org/gradle/api/internal/artifacts/ivyservice/moduleconverter/DefaultRootComponentMetadataBuilder createComponentState (Lorg/gradle/api/internal/artifacts/Module;Lorg/gradle/api/artifacts/component/ComponentIdentifier;)Lorg/gradle/internal/component/local/model/LocalComponentGraphResolveState; 71 <appendix> member <vmtarget> ; # org/gradle/api/internal/artifacts/ivyservice/moduleconverter/DefaultRootComponentMetadataBuilder$$Lambda+0x0000028b1c7595d8
instanceKlass org/gradle/api/internal/artifacts/ProjectBackedModule
instanceKlass org/gradle/internal/resolve/resolver/ComponentArtifactResolver
instanceKlass org/gradle/internal/component/model/VariantResolveMetadata$Identifier
instanceKlass org/gradle/internal/resolve/resolver/DefaultVariantArtifactResolver
instanceKlass org/gradle/internal/resolve/resolver/VariantArtifactResolver
instanceKlass org/gradle/api/internal/artifacts/ivyservice/resolveengine/artifact/ResolvedArtifactsGraphVisitor
instanceKlass org/gradle/api/internal/artifacts/ivyservice/resolveengine/ComponentResolversChain$ArtifactResolverChain
instanceKlass org/gradle/api/internal/artifacts/ivyservice/ivyresolve/ErrorHandlingArtifactResolver
instanceKlass org/gradle/api/internal/artifacts/ivyservice/resolveengine/ComponentResolversChain$ComponentMetaDataResolverChain
instanceKlass org/gradle/api/internal/artifacts/ivyservice/resolveengine/ComponentResolversChain$DependencyToComponentIdResolverChain
instanceKlass org/gradle/api/internal/artifacts/ivyservice/resolveengine/VirtualComponentMetadataResolver
instanceKlass org/gradle/api/internal/artifacts/ivyservice/resolveengine/ComponentResolversChain
instanceKlass org/gradle/api/internal/artifacts/ivyservice/ivyresolve/NoRepositoriesResolver
instanceKlass org/gradle/api/internal/artifacts/ivyservice/resolveengine/artifact/ArtifactSet
instanceKlass org/gradle/api/internal/artifacts/ivyservice/resolveengine/artifact/VisitedArtifactResults
instanceKlass org/gradle/api/internal/artifacts/ivyservice/resolveengine/artifact/DefaultResolvedArtifactsBuilder
instanceKlass org/gradle/api/internal/artifacts/ivyservice/resolveengine/projectresult/ResolvedLocalComponentsResultGraphVisitor
instanceKlass org/gradle/api/internal/artifacts/ivyservice/resolveengine/result/CachingDependencyResultFactory
instanceKlass org/gradle/api/artifacts/result/DependencyResult
instanceKlass org/gradle/api/internal/artifacts/ivyservice/resolveengine/result/ResolutionResultGraphBuilder
instanceKlass org/gradle/api/internal/artifacts/ivyservice/resolveengine/result/ResolvedComponentVisitor
instanceKlass org/gradle/api/internal/artifacts/ivyservice/InMemoryResolutionResultBuilder
instanceKlass org/gradle/api/internal/artifacts/ivyservice/resolveengine/oldresult/ResolutionFailureCollector
instanceKlass org/gradle/api/internal/CompositeDomainObjectSet$2
instanceKlass org/gradle/api/internal/CompositeDomainObjectSet$1
instanceKlass org/gradle/api/internal/CompositeDomainObjectSet$ItemNotInCompositeSpec
instanceKlass org/gradle/api/internal/CompositeDomainObjectSet$ItemIsUniqueInCompositeSpec
instanceKlass org/gradle/api/internal/CompositeDomainObjectSet$DomainObjectCompositeCollection
instanceKlass  @bci org/gradle/api/internal/artifacts/configurations/DefaultConfiguration runDependencyActions ()V 1 <appendix> argL0 ; # org/gradle/api/internal/artifacts/configurations/DefaultConfiguration$$Lambda+0x0000028b1c751d68
instanceKlass  @bci org/gradle/api/internal/artifacts/configurations/DefaultConfiguration resolveGraphForBuildDependenciesIfRequired ()Lorg/gradle/api/internal/artifacts/ResolverResults; 9 <appendix> member <vmtarget> ; # org/gradle/api/internal/artifacts/configurations/DefaultConfiguration$$Lambda+0x0000028b1c751b20
instanceKlass org/gradle/api/internal/artifacts/configurations/DefaultConfiguration$DefaultResolutionHost
instanceKlass org/gradle/api/internal/artifacts/configurations/ResolutionResultProvider$1
instanceKlass  @bci org/gradle/api/internal/artifacts/resolver/DefaultResolutionOutputs$DefaultArtifactView getFiles ()Lorg/gradle/api/internal/artifacts/configurations/ResolutionBackedFileCollection; 14 <appendix> member <vmtarget> ; # org/gradle/api/internal/artifacts/resolver/DefaultResolutionOutputs$DefaultArtifactView$$Lambda+0x0000028b1c751418
instanceKlass org/gradle/api/internal/artifacts/configurations/DefaultConfiguration$ResolverResultsResolutionResultProvider
instanceKlass org/gradle/api/internal/artifacts/ivyservice/resolveengine/artifact/ResolvedFileVisitor
instanceKlass org/gradle/api/internal/artifacts/configurations/ArtifactCollectionInternal
instanceKlass org/gradle/api/internal/artifacts/resolver/DefaultResolutionOutputs$DefaultArtifactView
instanceKlass  @bci org/gradle/api/internal/artifacts/resolver/DefaultResolutionOutputs$DefaultArtifactViewConfiguration_Decorated $gradleInit ()V 1 <appendix> member <vmtarget> ; # org/gradle/api/internal/artifacts/resolver/DefaultResolutionOutputs$DefaultArtifactViewConfiguration_Decorated$$Lambda+0x0000028b1c750440
instanceKlass org/gradle/api/internal/artifacts/resolver/DefaultResolutionOutputs$DefaultArtifactViewConfiguration
instanceKlass org/gradle/api/artifacts/ArtifactView$ViewConfiguration
instanceKlass org/gradle/api/internal/artifacts/resolver/DefaultResolutionOutputs
instanceKlass  @bci org/gradle/api/internal/tasks/TaskDependencyContainer <clinit> ()V 0 <appendix> argL0 ; # org/gradle/api/internal/tasks/TaskDependencyContainer$$Lambda+0x0000028b1c746c08
instanceKlass org/gradle/api/internal/tasks/DefaultTaskDependency$TaskDependencySet
instanceKlass org/gradle/internal/graph/CachingDirectedGraphWalker$NodeDetails
instanceKlass org/gradle/api/internal/tasks/WorkDependencyResolver$1
instanceKlass  @bci org/gradle/api/internal/file/AbstractFileCollection getBuildDependencies ()Lorg/gradle/api/tasks/TaskDependency; 22 <appendix> member <vmtarget> ; # org/gradle/api/internal/file/AbstractFileCollection$$Lambda+0x0000028b1c745fa0
instanceKlass  @bci org/gradle/api/internal/file/AbstractFileCollection getBuildDependencies ()Lorg/gradle/api/tasks/TaskDependency; 9 <appendix> member <vmtarget> ; # org/gradle/api/internal/file/AbstractFileCollection$$Lambda+0x0000028b1c745d68
instanceKlass org/gradle/api/internal/tasks/TaskDependencyUtil
instanceKlass  @bci org/gradle/api/internal/artifacts/ivyservice/resolutionstrategy/DefaultResolutionStrategy_Decorated $gradleInit ()V 1 <appendix> member <vmtarget> ; # org/gradle/api/internal/artifacts/ivyservice/resolutionstrategy/DefaultResolutionStrategy_Decorated$$Lambda+0x0000028b1c74f800
instanceKlass  @bci org/gradle/api/internal/artifacts/ivyservice/resolutionstrategy/DefaultCachePolicy cacheMissingArtifactsFor (ILjava/util/concurrent/TimeUnit;)V 3 <appendix> member <vmtarget> ; # org/gradle/api/internal/artifacts/ivyservice/resolutionstrategy/DefaultCachePolicy$$Lambda+0x0000028b1c74b9f0
instanceKlass  @bci org/gradle/api/internal/artifacts/ivyservice/resolutionstrategy/DefaultCachePolicy cacheChangingModulesFor (ILjava/util/concurrent/TimeUnit;)V 24 <appendix> member <vmtarget> ; # org/gradle/api/internal/artifacts/ivyservice/resolutionstrategy/DefaultCachePolicy$$Lambda+0x0000028b1c74b7c8
instanceKlass org/gradle/api/internal/artifacts/cache/ArtifactResolutionControl
instanceKlass  @bci org/gradle/api/internal/artifacts/ivyservice/resolutionstrategy/DefaultCachePolicy cacheChangingModulesFor (ILjava/util/concurrent/TimeUnit;)V 13 <appendix> member <vmtarget> ; # org/gradle/api/internal/artifacts/ivyservice/resolutionstrategy/DefaultCachePolicy$$Lambda+0x0000028b1c74b3a0
instanceKlass org/gradle/api/internal/artifacts/cache/ModuleResolutionControl
instanceKlass  @bci org/gradle/api/internal/artifacts/ivyservice/resolutionstrategy/DefaultCachePolicy cacheDynamicVersionsFor (ILjava/util/concurrent/TimeUnit;)V 13 <appendix> form vmentry <vmtarget> ; # java/lang/invoke/LambdaForm$DMH+0x0000028b1c74f000
instanceKlass  @bci org/gradle/api/internal/artifacts/ivyservice/resolutionstrategy/DefaultCachePolicy cacheDynamicVersionsFor (ILjava/util/concurrent/TimeUnit;)V 13 <appendix> member <vmtarget> ; # org/gradle/api/internal/artifacts/ivyservice/resolutionstrategy/DefaultCachePolicy$$Lambda+0x0000028b1c74af78
instanceKlass  @cpi org/gradle/api/internal/artifacts/ivyservice/resolutionstrategy/DefaultCachePolicy 240 form vmentry <vmtarget> ; # java/lang/invoke/LambdaForm$DMH+0x0000028b1c74ec00
instanceKlass org/gradle/api/internal/artifacts/cache/DependencyResolutionControl
instanceKlass org/gradle/api/internal/artifacts/cache/ResolutionControl
# instanceKlass java/lang/invoke/LambdaForm$MH+0x0000028b1c74e800
# instanceKlass java/lang/invoke/LambdaForm$MH+0x0000028b1c74e400
# instanceKlass java/lang/invoke/LambdaForm$MH+0x0000028b1c74e000
# instanceKlass java/lang/invoke/LambdaForm$MH+0x0000028b1c74dc00
# instanceKlass java/lang/invoke/LambdaForm$MH+0x0000028b1c74d800
instanceKlass org/gradle/internal/typeconversion/FlatteningNotationParser
instanceKlass org/gradle/api/internal/artifacts/dsl/ModuleVersionSelectorParsers$StringConverter
instanceKlass org/gradle/api/internal/artifacts/dsl/ModuleVersionSelectorParsers
# instanceKlass java/lang/invoke/LambdaForm$MH+0x0000028b1c74d400
instanceKlass org/gradle/api/internal/artifacts/DependencySubstitutionInternal
instanceKlass org/gradle/api/internal/artifacts/ivyservice/resolutionstrategy/DefaultComponentSelectionRules
instanceKlass org/gradle/api/internal/artifacts/ivyservice/resolutionstrategy/DefaultCachePolicy
instanceKlass org/gradle/api/internal/artifacts/ComponentSelectionRulesInternal
instanceKlass org/gradle/api/artifacts/ComponentSelectionRules
instanceKlass org/gradle/api/internal/artifacts/ivyservice/resolutionstrategy/DefaultResolutionStrategy
instanceKlass  @bci org/gradle/api/internal/artifacts/ivyservice/dependencysubstitution/DefaultDependencySubstitutions_Decorated $gradleInit ()V 1 <appendix> member <vmtarget> ; # org/gradle/api/internal/artifacts/ivyservice/dependencysubstitution/DefaultDependencySubstitutions_Decorated$$Lambda+0x0000028b1c748498
instanceKlass  @bci org/gradle/api/internal/artifacts/configurations/MutationValidator <clinit> ()V 0 <appendix> argL0 ; # org/gradle/api/internal/artifacts/configurations/MutationValidator$$Lambda+0x0000028b1c743d48
# instanceKlass java/lang/invoke/LambdaForm$MH+0x0000028b1c74d000
# instanceKlass java/lang/invoke/LambdaForm$MH+0x0000028b1c74cc00
# instanceKlass java/lang/invoke/LambdaForm$MH+0x0000028b1c74c800
# instanceKlass java/lang/invoke/LambdaForm$MH+0x0000028b1c74c400
# instanceKlass java/lang/invoke/LambdaForm$MH+0x0000028b1c74c000
instanceKlass org/gradle/api/artifacts/DependencySubstitution
instanceKlass org/gradle/api/internal/artifacts/ivyservice/resolveengine/result/DefaultComponentSelectionDescriptor
instanceKlass org/gradle/api/internal/artifacts/ivyservice/resolveengine/result/ComponentSelectionReasonInternal
instanceKlass org/gradle/api/internal/artifacts/ivyservice/resolveengine/result/ComponentSelectionDescriptorInternal
instanceKlass org/gradle/api/internal/artifacts/ivyservice/resolveengine/result/ComponentSelectionReasons
instanceKlass org/gradle/api/internal/artifacts/ivyservice/dependencysubstitution/DefaultDependencySubstitutions$ProjectPathConverter
instanceKlass org/gradle/api/artifacts/DependencySubstitutions$Substitution
instanceKlass org/gradle/api/internal/artifacts/ivyservice/dependencysubstitution/DefaultDependencySubstitutions
instanceKlass  @bci org/gradle/api/internal/artifacts/ivyservice/resolutionstrategy/DefaultCapabilitiesResolution_Decorated $gradleInit ()V 1 <appendix> member <vmtarget> ; # org/gradle/api/internal/artifacts/ivyservice/resolutionstrategy/DefaultCapabilitiesResolution_Decorated$$Lambda+0x0000028b1c742d28
# instanceKlass java/lang/invoke/LambdaForm$MH+0x0000028b1c73ec00
instanceKlass org/gradle/api/internal/artifacts/ivyservice/resolveengine/graph/conflicts/UpgradeCapabilityResolver
instanceKlass org/gradle/api/internal/artifacts/ivyservice/resolveengine/graph/conflicts/CapabilitiesConflictHandler$Resolver
instanceKlass org/gradle/internal/component/external/model/DefaultImmutableCapability
instanceKlass org/gradle/api/internal/artifacts/ivyservice/resolutionstrategy/DefaultCapabilitiesResolution$DefaultCapabilityResolutionDetails
instanceKlass org/gradle/api/artifacts/CapabilityResolutionDetails
instanceKlass org/gradle/internal/component/external/model/DefaultComponentVariantIdentifier
instanceKlass org/gradle/api/artifacts/ComponentVariantIdentifier
instanceKlass java/security/CodeSigner
instanceKlass org/gradle/api/internal/artifacts/ivyservice/resolveengine/graph/conflicts/CapabilitiesConflictHandler$CandidateDetails
instanceKlass org/gradle/api/internal/artifacts/ivyservice/resolveengine/graph/conflicts/CapabilitiesConflictHandler$ResolutionDetails
instanceKlass org/gradle/api/internal/artifacts/ivyservice/resolveengine/graph/conflicts/ConflictResolutionResult
instanceKlass org/gradle/api/internal/artifacts/ivyservice/resolutionstrategy/DefaultCapabilitiesResolution
instanceKlass org/gradle/api/internal/artifacts/ivyservice/resolutionstrategy/CapabilitiesResolutionInternal
instanceKlass org/gradle/api/artifacts/CapabilitiesResolution
instanceKlass  @bci org/gradle/api/internal/initialization/DefaultScriptHandler getInstrumentedScriptClassPath ()Lorg/gradle/internal/classpath/ClassPath; 15 <appendix> member <vmtarget> ; # org/gradle/api/internal/initialization/DefaultScriptHandler$$Lambda+0x0000028b1c744270
instanceKlass  @bci org/gradle/plugin/management/internal/autoapply/CompositeAutoAppliedPluginRegistry getAutoAppliedPlugins (Lorg/gradle/api/Project;)Lorg/gradle/plugin/management/internal/PluginRequests; 23 <appendix> argL0 ; # org/gradle/plugin/management/internal/autoapply/CompositeAutoAppliedPluginRegistry$$Lambda+0x0000028b1c740bc0
instanceKlass  @bci org/gradle/plugin/management/internal/autoapply/CompositeAutoAppliedPluginRegistry getAutoAppliedPlugins (Lorg/gradle/api/Project;)Lorg/gradle/plugin/management/internal/PluginRequests; 10 <appendix> member <vmtarget> ; # org/gradle/plugin/management/internal/autoapply/CompositeAutoAppliedPluginRegistry$$Lambda+0x0000028b1c740978
instanceKlass org/gradle/internal/classpath/intercept/InvocationUtils
instanceKlass org/gradle/internal/classpath/intercept/AbstractInvocation
instanceKlass org/gradle/api/internal/artifacts/dsl/dependencies/ModuleFactoryHelper
instanceKlass  @bci org/gradle/api/internal/artifacts/dependencies/DefaultExternalModuleDependency_Decorated $gradleInit ()V 1 <appendix> member <vmtarget> ; # org/gradle/api/internal/artifacts/dependencies/DefaultExternalModuleDependency_Decorated$$Lambda+0x0000028b1c73b9a0
instanceKlass org/gradle/api/internal/artifacts/CachingDependencyResolveContext
instanceKlass org/gradle/api/internal/artifacts/dependencies/ModuleDependencyCapabilitiesInternal
instanceKlass org/gradle/api/internal/artifacts/dependencies/DefaultDependencyArtifact
instanceKlass org/gradle/api/internal/artifacts/DefaultExcludeRuleContainer
instanceKlass org/gradle/api/artifacts/ExcludeRuleContainer
instanceKlass  @bci org/gradle/api/internal/artifacts/configurations/DefaultConfiguration isFullyResoled (Ljava/util/Optional;)Ljava/lang/Boolean; 1 <appendix> argL0 ; # org/gradle/api/internal/artifacts/configurations/DefaultConfiguration$$Lambda+0x0000028b1c73b760
instanceKlass  @bci org/gradle/api/internal/artifacts/DefaultDependencyConstraintSet add (Lorg/gradle/api/artifacts/DependencyConstraint;)Z 25 <appendix> member <vmtarget> ; # org/gradle/api/internal/artifacts/DefaultDependencyConstraintSet$$Lambda+0x0000028b1c73b538
instanceKlass  @bci org/gradle/api/internal/initialization/DefaultScriptClassPathResolver lambda$prepareClassPath$1 (Lorg/gradle/api/artifacts/DependencyConstraint;)V 1 <appendix> argL0 ; # org/gradle/api/internal/initialization/DefaultScriptClassPathResolver$$Lambda+0x0000028b1c72fd10
instanceKlass  @bci org/gradle/api/internal/artifacts/dependencies/DefaultDependencyConstraint_Decorated $gradleInit ()V 1 <appendix> member <vmtarget> ; # org/gradle/api/internal/artifacts/dependencies/DefaultDependencyConstraint_Decorated$$Lambda+0x0000028b1c73b310
instanceKlass com/google/common/base/Strings
instanceKlass org/gradle/api/internal/artifacts/ImmutableVersionConstraint
instanceKlass org/gradle/api/internal/artifacts/dependencies/AbstractVersionConstraint
instanceKlass org/gradle/api/internal/artifacts/VersionConstraintInternal
instanceKlass org/gradle/api/internal/artifacts/DefaultModuleIdentifier
# instanceKlass java/lang/invoke/LambdaForm$MH+0x0000028b1c73e800
instanceKlass org/gradle/api/artifacts/MutableVersionConstraint
instanceKlass org/gradle/api/internal/catalog/parser/StrictVersionParser$RichVersion
instanceKlass org/gradle/api/internal/artifacts/dsl/ParsedModuleStringNotation
instanceKlass  @bci org/gradle/api/internal/initialization/DefaultScriptClassPathResolver prepareClassPath (Lorg/gradle/api/artifacts/Configuration;Lorg/gradle/api/internal/initialization/ScriptClassPathResolutionContext;)V 174 <appendix> argL0 ; # org/gradle/api/internal/initialization/DefaultScriptClassPathResolver$$Lambda+0x0000028b1c72f278
instanceKlass org/gradle/api/attributes/plugin/GradlePluginApiVersion$Impl
instanceKlass org/gradle/api/attributes/Bundling$Impl
instanceKlass  @bci org/gradle/api/internal/artifacts/configurations/DefaultUnlockedConfiguration_Decorated $gradleInit ()V 1 <appendix> member <vmtarget> ; # org/gradle/api/internal/artifacts/configurations/DefaultUnlockedConfiguration_Decorated$$Lambda+0x0000028b1c739d00
instanceKlass org/gradle/api/internal/project/DefaultProjectStateRegistry$CalculatedModelValueImpl
instanceKlass  @bci org/gradle/api/internal/artifacts/configurations/DefaultConfigurationPublications_Decorated $gradleInit ()V 1 <appendix> member <vmtarget> ; # org/gradle/api/internal/artifacts/configurations/DefaultConfigurationPublications_Decorated$$Lambda+0x0000028b1c739ad8
# instanceKlass java/lang/invoke/LambdaForm$MH+0x0000028b1c73e400
# instanceKlass java/lang/invoke/LambdaForm$MH+0x0000028b1c73e000
# instanceKlass java/lang/invoke/LambdaForm$MH+0x0000028b1c73dc00
# instanceKlass java/lang/invoke/LambdaForm$MH+0x0000028b1c73d800
# instanceKlass java/lang/invoke/LambdaForm$MH+0x0000028b1c73d400
# instanceKlass java/lang/invoke/LambdaForm$MH+0x0000028b1c73d000
# instanceKlass java/lang/invoke/LambdaForm$MH+0x0000028b1c73cc00
# instanceKlass java/lang/invoke/LambdaForm$MH+0x0000028b1c73c800
# instanceKlass java/lang/invoke/LambdaForm$MH+0x0000028b1c73c400
# instanceKlass java/lang/invoke/LambdaForm$MH+0x0000028b1c73c000
# instanceKlass java/lang/invoke/LambdaForm$MH+0x0000028b1c737400
instanceKlass org/gradle/api/internal/artifacts/configurations/DefaultConfigurationPublications$ConfigurationVariantFactory
instanceKlass org/gradle/api/internal/artifacts/configurations/DefaultConfiguration$AllArtifactsProvider
instanceKlass org/gradle/api/internal/artifacts/configurations/PublishArtifactSetProvider
instanceKlass org/gradle/api/internal/artifacts/DefaultPublishArtifactSet$ArtifactsFileCollection
instanceKlass org/gradle/api/internal/tasks/DefaultTaskDependency$VisitBehavior
instanceKlass  @bci org/gradle/api/internal/artifacts/DefaultPublishArtifactSet <init> (Lorg/gradle/api/Describable;Lorg/gradle/api/DomainObjectSet;Lorg/gradle/api/internal/file/FileCollectionFactory;Lorg/gradle/api/internal/tasks/TaskDependencyFactory;)V 14 <appendix> member <vmtarget> ; # org/gradle/api/internal/artifacts/DefaultPublishArtifactSet$$Lambda+0x0000028b1c738b20
instanceKlass org/gradle/api/internal/artifacts/DefaultDependencySet$MutationValidationAction
instanceKlass  @bci org/gradle/api/internal/artifacts/configurations/DefaultConfiguration validateMutationType (Lorg/gradle/api/internal/artifacts/configurations/MutationValidator;Lorg/gradle/api/internal/artifacts/configurations/MutationValidator$MutationType;)Lorg/gradle/api/Action; 2 <appendix> member <vmtarget> ; # org/gradle/api/internal/artifacts/configurations/DefaultConfiguration$$Lambda+0x0000028b1c7386c0
instanceKlass  @bci org/gradle/api/internal/DefaultDomainObjectSet_Decorated $gradleInit ()V 1 <appendix> member <vmtarget> ; # org/gradle/api/internal/DefaultDomainObjectSet_Decorated$$Lambda+0x0000028b1c72d388
instanceKlass  @bci org/gradle/api/internal/artifacts/configurations/DefaultConfiguration$ConfigurationResolvableDependencies_Decorated $gradleInit ()V 1 <appendix> member <vmtarget> ; # org/gradle/api/internal/artifacts/configurations/DefaultConfiguration$ConfigurationResolvableDependencies_Decorated$$Lambda+0x0000028b1c737c00
instanceKlass org/gradle/api/artifacts/result/ResolutionResult
instanceKlass org/gradle/api/artifacts/ArtifactCollection
instanceKlass org/gradle/api/internal/artifacts/resolver/ResolutionOutputsInternal
instanceKlass org/gradle/api/internal/artifacts/resolver/ResolutionOutputs
instanceKlass org/gradle/api/internal/artifacts/configurations/DefaultConfiguration$ConfigurationResolutionAccess
instanceKlass org/gradle/api/internal/artifacts/configurations/DefaultConfiguration$ConfigurationDescription
instanceKlass  @bci org/gradle/api/internal/artifacts/configurations/DefaultConfiguration <init> (Lorg/gradle/api/internal/DomainObjectContext;Ljava/lang/String;Lorg/gradle/api/internal/artifacts/configurations/ConfigurationsProvider;Lorg/gradle/api/internal/artifacts/ConfigurationResolver;Lorg/gradle/internal/event/ListenerBroadcast;Lorg/gradle/api/internal/artifacts/configurations/DependencyMetaDataProvider;Lorg/gradle/api/internal/artifacts/component/ComponentIdentifierFactory;Lorg/gradle/api/internal/artifacts/dsl/dependencies/DependencyLockingProvider;Lorg/gradle/internal/Factory;Lorg/gradle/api/internal/file/FileCollectionFactory;Lorg/gradle/internal/operations/BuildOperationRunner;Lorg/gradle/internal/reflect/Instantiator;Lorg/gradle/internal/typeconversion/NotationParser;Lorg/gradle/internal/typeconversion/NotationParser;Lorg/gradle/api/internal/attributes/ImmutableAttributesFactory;Lorg/gradle/api/internal/artifacts/ivyservice/moduleconverter/RootComponentMetadataBuilder;Lorg/gradle/api/internal/artifacts/Resolve ; # org/gradle/api/internal/artifacts/configurations/DefaultConfiguration$$Lambda+0x0000028b1c72b8f8
instanceKlass  @bci org/gradle/api/internal/artifacts/configurations/DefaultConfiguration <init> (Lorg/gradle/api/internal/DomainObjectContext;Ljava/lang/String;Lorg/gradle/api/internal/artifacts/configurations/ConfigurationsProvider;Lorg/gradle/api/internal/artifacts/ConfigurationResolver;Lorg/gradle/internal/event/ListenerBroadcast;Lorg/gradle/api/internal/artifacts/configurations/DependencyMetaDataProvider;Lorg/gradle/api/internal/artifacts/component/ComponentIdentifierFactory;Lorg/gradle/api/internal/artifacts/dsl/dependencies/DependencyLockingProvider;Lorg/gradle/internal/Factory;Lorg/gradle/api/internal/file/FileCollectionFactory;Lorg/gradle/internal/operations/BuildOperationRunner;Lorg/gradle/internal/reflect/Instantiator;Lorg/gradle/internal/typeconversion/NotationParser;Lorg/gradle/internal/typeconversion/NotationParser;Lorg/gradle/api/internal/attributes/ImmutableAttributesFactory;Lorg/gradle/api/internal/artifacts/ivyservice/moduleconverter/RootComponentMetadataBuilder;Lorg/gradle/api/internal/artifacts/Resolve ; # org/gradle/api/internal/artifacts/configurations/DefaultConfiguration$$Lambda+0x0000028b1c72b4d8
# instanceKlass java/lang/invoke/LambdaForm$MH+0x0000028b1c737000
# instanceKlass java/lang/invoke/LambdaForm$MH+0x0000028b1c736c00
# instanceKlass java/lang/invoke/LambdaForm$MH+0x0000028b1c736800
# instanceKlass java/lang/invoke/LambdaForm$MH+0x0000028b1c736400
# instanceKlass java/lang/invoke/LambdaForm$MH+0x0000028b1c736000
# instanceKlass java/lang/invoke/LambdaForm$MH+0x0000028b1c735c00
# instanceKlass java/lang/invoke/LambdaForm$MH+0x0000028b1c735800
# instanceKlass java/lang/invoke/LambdaForm$MH+0x0000028b1c735400
# instanceKlass java/lang/invoke/LambdaForm$MH+0x0000028b1c735000
# instanceKlass java/lang/invoke/LambdaForm$MH+0x0000028b1c734c00
# instanceKlass java/lang/invoke/LambdaForm$MH+0x0000028b1c734800
# instanceKlass java/lang/invoke/LambdaForm$MH+0x0000028b1c734400
# instanceKlass java/lang/invoke/LambdaForm$MH+0x0000028b1c734000
# instanceKlass java/lang/invoke/LambdaForm$MH+0x0000028b1c733c00
# instanceKlass java/lang/invoke/LambdaForm$MH+0x0000028b1c733800
# instanceKlass java/lang/invoke/LambdaForm$MH+0x0000028b1c733400
# instanceKlass java/lang/invoke/LambdaForm$MH+0x0000028b1c733000
# instanceKlass java/lang/invoke/LambdaForm$MH+0x0000028b1c732c00
# instanceKlass java/lang/invoke/LambdaForm$MH+0x0000028b1c732800
# instanceKlass java/lang/invoke/LambdaForm$MH+0x0000028b1c732400
# instanceKlass java/lang/invoke/LambdaForm$MH+0x0000028b1c732000
# instanceKlass java/lang/invoke/LambdaForm$MH+0x0000028b1c731c00
# instanceKlass java/lang/invoke/LambdaForm$MH+0x0000028b1c731800
# instanceKlass java/lang/invoke/LambdaForm$MH+0x0000028b1c731400
# instanceKlass java/lang/invoke/LambdaForm$MH+0x0000028b1c731000
# instanceKlass java/lang/invoke/LambdaForm$MH+0x0000028b1c730c00
# instanceKlass java/lang/invoke/LambdaForm$BMH+0x0000028b1c730800
# instanceKlass java/lang/invoke/LambdaForm$DMH+0x0000028b1c730400
# instanceKlass java/lang/invoke/LambdaForm$DMH+0x0000028b1c730000
instanceKlass org/gradle/api/artifacts/ExcludeRule
instanceKlass org/gradle/api/internal/file/collections/FileSystemMirroringFileTree
instanceKlass org/gradle/api/internal/artifacts/configurations/DefaultConfigurationPublications
instanceKlass org/gradle/api/internal/artifacts/configurations/DefaultConfiguration$ConfigurationResolvableDependencies
instanceKlass org/gradle/api/internal/artifacts/configurations/ResolvableDependenciesInternal
instanceKlass org/gradle/internal/component/model/LocalComponentDependencyMetadata
instanceKlass org/gradle/api/internal/artifacts/ivyservice/resolveengine/artifact/SelectedArtifactSet
instanceKlass org/gradle/api/internal/attributes/FreezableAttributeContainer
instanceKlass org/gradle/api/internal/artifacts/ResolverResults
instanceKlass org/gradle/api/internal/artifacts/ResolveContext$FailureResolutions
instanceKlass org/gradle/operations/dependencies/configurations/ConfigurationIdentity
instanceKlass org/gradle/api/artifacts/ResolvableDependencies
instanceKlass org/gradle/api/artifacts/ArtifactView
instanceKlass org/gradle/api/artifacts/ConfigurationPublications
instanceKlass org/gradle/api/artifacts/PublishArtifactSet
instanceKlass org/gradle/api/artifacts/DependencySet
instanceKlass org/gradle/api/artifacts/DependencyConstraintSet
instanceKlass org/gradle/api/internal/artifacts/resolver/ResolutionAccess
instanceKlass org/gradle/api/artifacts/DependencyResolutionListener
instanceKlass org/gradle/api/internal/artifacts/configurations/ConfigurationRolesForMigration
instanceKlass org/gradle/api/internal/initialization/transform/BaseInstrumentingArtifactTransform$InterceptorTypeRegistryAndFilter
instanceKlass  @bci org/gradle/api/internal/initialization/transform/registration/InstrumentationTransformRegisterer lambda$registerInstrumentingTransform$6 (Lorg/gradle/api/internal/initialization/DefaultScriptClassPathResolver$InstrumentationPhase;Lorg/gradle/api/internal/initialization/DefaultScriptClassPathResolver$InstrumentationPhase;Lorg/gradle/api/provider/Provider;JLorg/gradle/api/artifacts/transform/TransformSpec;)V 46 <adapter> ; # java/lang/invoke/LambdaForm$MH+0x0000028b1c722000
# instanceKlass java/lang/invoke/LambdaForm$DMH+0x0000028b1c721c00
instanceKlass  @bci org/gradle/api/internal/initialization/transform/registration/InstrumentationTransformRegisterer lambda$registerInstrumentingTransform$6 (Lorg/gradle/api/internal/initialization/DefaultScriptClassPathResolver$InstrumentationPhase;Lorg/gradle/api/internal/initialization/DefaultScriptClassPathResolver$InstrumentationPhase;Lorg/gradle/api/provider/Provider;JLorg/gradle/api/artifacts/transform/TransformSpec;)V 46 <appendix> form vmentry <vmtarget> ; # java/lang/invoke/LambdaForm$DMH+0x0000028b1c721800
instanceKlass  @bci org/gradle/api/internal/initialization/transform/registration/InstrumentationTransformRegisterer lambda$registerInstrumentingTransform$6 (Lorg/gradle/api/internal/initialization/DefaultScriptClassPathResolver$InstrumentationPhase;Lorg/gradle/api/internal/initialization/DefaultScriptClassPathResolver$InstrumentationPhase;Lorg/gradle/api/provider/Provider;JLorg/gradle/api/artifacts/transform/TransformSpec;)V 46 <appendix> member <vmtarget> ; # org/gradle/api/internal/initialization/transform/registration/InstrumentationTransformRegisterer$$Lambda+0x0000028b1c725798
instanceKlass  @cpi org/gradle/api/internal/initialization/transform/registration/InstrumentationTransformRegisterer 187 form vmentry <vmtarget> ; # java/lang/invoke/LambdaForm$DMH+0x0000028b1c721400
instanceKlass  @bci org/gradle/api/internal/initialization/transform/BaseInstrumentingArtifactTransform$Parameters_Decorated $gradleInit ()V 1 <appendix> member <vmtarget> ; # org/gradle/api/internal/initialization/transform/BaseInstrumentingArtifactTransform$Parameters_Decorated$$Lambda+0x0000028b1c725570
instanceKlass org/gradle/api/internal/initialization/transform/BaseInstrumentingArtifactTransform$Parameters_Decorated
instanceKlass org/gradle/api/internal/initialization/transform/BaseInstrumentingArtifactTransform$Parameters
instanceKlass  @bci org/gradle/api/internal/initialization/transform/registration/InstrumentationTransformRegisterer registerInstrumentingTransform (JLorg/gradle/api/artifacts/dsl/DependencyHandler;Ljava/lang/Class;Lorg/gradle/api/provider/Provider;Lorg/gradle/api/internal/initialization/DefaultScriptClassPathResolver$InstrumentationPhase;Lorg/gradle/api/internal/initialization/DefaultScriptClassPathResolver$InstrumentationPhase;)V 11 <adapter> ; # java/lang/invoke/LambdaForm$MH+0x0000028b1c721000
# instanceKlass java/lang/invoke/LambdaForm$DMH+0x0000028b1c720c00
instanceKlass  @bci org/gradle/api/internal/initialization/transform/registration/InstrumentationTransformRegisterer registerInstrumentingTransform (JLorg/gradle/api/artifacts/dsl/DependencyHandler;Ljava/lang/Class;Lorg/gradle/api/provider/Provider;Lorg/gradle/api/internal/initialization/DefaultScriptClassPathResolver$InstrumentationPhase;Lorg/gradle/api/internal/initialization/DefaultScriptClassPathResolver$InstrumentationPhase;)V 11 <appendix> form vmentry <vmtarget> ; # java/lang/invoke/LambdaForm$DMH+0x0000028b1c720800
instanceKlass  @bci org/gradle/api/internal/initialization/transform/registration/InstrumentationTransformRegisterer registerInstrumentingTransform (JLorg/gradle/api/artifacts/dsl/DependencyHandler;Ljava/lang/Class;Lorg/gradle/api/provider/Provider;Lorg/gradle/api/internal/initialization/DefaultScriptClassPathResolver$InstrumentationPhase;Lorg/gradle/api/internal/initialization/DefaultScriptClassPathResolver$InstrumentationPhase;)V 11 <appendix> member <vmtarget> ; # org/gradle/api/internal/initialization/transform/registration/InstrumentationTransformRegisterer$$Lambda+0x0000028b1c724ac0
instanceKlass  @cpi org/gradle/api/internal/initialization/transform/registration/InstrumentationTransformRegisterer 177 form vmentry <vmtarget> ; # java/lang/invoke/LambdaForm$DMH+0x0000028b1c720400
instanceKlass org/gradle/api/internal/initialization/transform/BaseInstrumentingArtifactTransform
instanceKlass org/gradle/api/internal/file/collections/DefaultConfigurableFileCollection$UnresolvedItemsCollector
instanceKlass  @bci org/gradle/api/internal/file/collections/DefaultConfigurableFileCollection assertMutable ()V 5 <appendix> member <vmtarget> ; # org/gradle/api/internal/file/collections/DefaultConfigurableFileCollection$$Lambda+0x0000028b1c718c48
instanceKlass  @bci org/gradle/api/internal/initialization/transform/registration/InstrumentationTransformRegisterer lambda$registerInstrumentationAndUpgradesPipeline$3 (Lorg/gradle/api/provider/Provider;JLorg/gradle/api/internal/initialization/transform/MergeInstrumentationAnalysisTransform$Parameters;)V 41 <appendix> form vmentry <vmtarget> ; # java/lang/invoke/LambdaForm$DMH+0x0000028b1c720000
instanceKlass  @bci org/gradle/api/internal/initialization/transform/registration/InstrumentationTransformRegisterer lambda$registerInstrumentationAndUpgradesPipeline$3 (Lorg/gradle/api/provider/Provider;JLorg/gradle/api/internal/initialization/transform/MergeInstrumentationAnalysisTransform$Parameters;)V 41 <appendix> member <vmtarget> ; # org/gradle/api/internal/initialization/transform/registration/InstrumentationTransformRegisterer$$Lambda+0x0000028b1c718a28
instanceKlass  @cpi org/gradle/api/internal/initialization/transform/registration/InstrumentationTransformRegisterer 208 form vmentry <vmtarget> ; # java/lang/invoke/LambdaForm$DMH+0x0000028b1c718400
instanceKlass org/gradle/api/internal/tasks/AbstractTaskDependency$1
instanceKlass org/gradle/api/internal/tasks/AbstractTaskDependency
instanceKlass org/gradle/api/internal/tasks/TaskDependencyContainerInternal
instanceKlass org/gradle/api/internal/tasks/TaskDependencyInternal
instanceKlass  @bci org/gradle/api/internal/file/collections/DefaultConfigurableFileCollection <init> (Ljava/lang/String;Lorg/gradle/internal/file/PathToFileResolver;Lorg/gradle/api/internal/tasks/TaskDependencyFactory;Lorg/gradle/internal/Factory;Lorg/gradle/api/internal/provider/PropertyHost;)V 43 <appendix> argL0 ; # org/gradle/api/internal/file/collections/DefaultConfigurableFileCollection$$Lambda+0x0000028b1c719000
instanceKlass org/gradle/api/internal/file/collections/DefaultConfigurableFileCollection$EmptyCollector
instanceKlass org/gradle/api/internal/file/collections/DefaultConfigurableFileCollection$ValueCollector
instanceKlass  @bci org/gradle/api/internal/initialization/transform/registration/InstrumentationTransformRegisterer lambda$registerInstrumentationAndUpgradesPipeline$4 (Lorg/gradle/api/provider/Provider;JLorg/gradle/api/artifacts/transform/TransformSpec;)V 45 <appendix> member <vmtarget> ; # org/gradle/api/internal/initialization/transform/registration/InstrumentationTransformRegisterer$$Lambda+0x0000028b1c71acd0
instanceKlass  @bci org/gradle/api/internal/initialization/transform/MergeInstrumentationAnalysisTransform$Parameters_Decorated $gradleInit ()V 1 <appendix> member <vmtarget> ; # org/gradle/api/internal/initialization/transform/MergeInstrumentationAnalysisTransform$Parameters_Decorated$$Lambda+0x0000028b1c71aaa8
instanceKlass org/gradle/api/internal/initialization/transform/MergeInstrumentationAnalysisTransform$Parameters_Decorated
instanceKlass org/gradle/api/internal/initialization/transform/MergeInstrumentationAnalysisTransform$Parameters
instanceKlass  @bci org/gradle/api/internal/initialization/transform/registration/InstrumentationTransformRegisterer registerInstrumentationAndUpgradesPipeline (JLorg/gradle/api/artifacts/dsl/DependencyHandler;Lorg/gradle/api/provider/Provider;)V 22 <appendix> member <vmtarget> ; # org/gradle/api/internal/initialization/transform/registration/InstrumentationTransformRegisterer$$Lambda+0x0000028b1c71a000
instanceKlass org/gradle/api/internal/initialization/transform/MergeInstrumentationAnalysisTransform
instanceKlass org/gradle/api/internal/artifacts/transform/TransformStep
instanceKlass org/gradle/api/internal/artifacts/transform/DefaultTransformRegistrationFactory$DefaultTransformRegistration
instanceKlass org/gradle/internal/model/CalculatedValueContainer$CalculationState
instanceKlass org/gradle/internal/model/CalculatedValueContainer
instanceKlass org/gradle/api/internal/tasks/WorkNodeAction
instanceKlass org/gradle/api/internal/artifacts/transform/DefaultTransform$IsolateTransformParameters
instanceKlass org/gradle/work/InputChanges
instanceKlass org/gradle/internal/instantiation/generator/DependencyInjectingInstantiator$1
instanceKlass org/gradle/api/internal/tasks/properties/FileParameterUtils
instanceKlass org/gradle/api/internal/artifacts/transform/DefaultTransform
instanceKlass org/gradle/internal/execution/model/InputNormalizer$1
instanceKlass  @bci org/gradle/internal/execution/model/annotations/AbstractInputFilePropertyAnnotationHandler visitPropertyValue (Ljava/lang/String;Lorg/gradle/internal/properties/PropertyValue;Lorg/gradle/internal/properties/annotations/PropertyMetadata;Lorg/gradle/internal/properties/PropertyVisitor;)V 9 <appendix> argL0 ; # org/gradle/internal/execution/model/annotations/AbstractInputFilePropertyAnnotationHandler$$Lambda+0x0000028b1c71e398
instanceKlass org/gradle/internal/properties/PropertyValue$1
instanceKlass org/gradle/internal/properties/PropertyValue
instanceKlass org/gradle/api/internal/artifacts/transform/DefaultTransformRegistrationFactory$NormalizerCollectingVisitor
instanceKlass  @bci org/gradle/internal/reflect/DefaultTypeValidationContext <init> (Ljava/lang/Class;Z)V 2 <appendix> argL0 ; # org/gradle/internal/reflect/DefaultTypeValidationContext$$Lambda+0x0000028b1c71dd18
instanceKlass org/gradle/api/problems/internal/DefaultProblemGroup
instanceKlass org/gradle/api/problems/internal/GradleCoreProblemGroup$CompilationProblemGroup
instanceKlass org/gradle/api/problems/internal/GradleCoreProblemGroup$ValidationProblemGroup
instanceKlass org/gradle/api/problems/internal/GradleCoreProblemGroup
instanceKlass org/gradle/api/problems/ProblemGroup
instanceKlass org/gradle/api/problems/internal/DefaultProblemId
instanceKlass org/gradle/api/problems/ProblemId
instanceKlass org/gradle/api/problems/internal/InternalProblemBuilder
instanceKlass org/gradle/api/problems/internal/InternalProblemSpec
instanceKlass org/gradle/internal/reflect/ProblemRecordingTypeValidationContext
instanceKlass org/gradle/internal/properties/annotations/DefaultTypeMetadataStore$DefaultTypeMetadata
instanceKlass  @bci org/gradle/internal/execution/model/annotations/AbstractInputPropertyAnnotationHandler validateUnsupportedPropertyValueType (Ljava/lang/Class;Ljava/util/List;Lorg/gradle/internal/properties/annotations/PropertyMetadata;Lorg/gradle/internal/reflect/validation/TypeValidationContext;Ljava/lang/Class;[Ljava/lang/String;)V 13 <appendix> member <vmtarget> ; # org/gradle/internal/execution/model/annotations/AbstractInputPropertyAnnotationHandler$$Lambda+0x0000028b1c717b88
instanceKlass org/gradle/api/reflect/TypeOf$4
instanceKlass org/gradle/internal/properties/annotations/DefaultTypeMetadataStore$DefaultPropertyMetadata
instanceKlass  @bci org/gradle/internal/reflect/validation/ReplayingTypeValidationContext replay (Ljava/lang/String;Lorg/gradle/internal/reflect/validation/TypeValidationContext;)V 6 <appendix> member <vmtarget> ; # org/gradle/internal/reflect/validation/ReplayingTypeValidationContext$$Lambda+0x0000028b1c717440
instanceKlass  @bci org/gradle/internal/reflect/annotations/impl/DefaultTypeAnnotationMetadataStore mergePropertiesAndFieldMetadata (Ljava/lang/Class;Lcom/google/common/collect/ImmutableList;Lcom/google/common/collect/ImmutableMap;Lorg/gradle/internal/reflect/validation/TypeValidationContext;)Lcom/google/common/collect/ImmutableSortedSet; 177 <appendix> member <vmtarget> ; # org/gradle/internal/reflect/annotations/impl/DefaultTypeAnnotationMetadataStore$$Lambda+0x0000028b1c717208
instanceKlass  @bci org/gradle/internal/reflect/annotations/impl/DefaultTypeAnnotationMetadataStore mergePropertiesAndFieldMetadata (Ljava/lang/Class;Lcom/google/common/collect/ImmutableList;Lcom/google/common/collect/ImmutableMap;Lorg/gradle/internal/reflect/validation/TypeValidationContext;)Lcom/google/common/collect/ImmutableSortedSet; 164 <appendix> member <vmtarget> ; # org/gradle/internal/reflect/annotations/impl/DefaultTypeAnnotationMetadataStore$$Lambda+0x0000028b1c716fb0
instanceKlass org/gradle/api/internal/initialization/transform/InstrumentationArtifactMetadata
instanceKlass org/gradle/api/internal/initialization/transform/services/InjectedInstrumentationServices
instanceKlass  @bci org/gradle/internal/reflect/annotations/impl/DefaultTypeAnnotationMetadataStore$PropertyAnnotationMetadataBuilder inheritAnnotations (ZLorg/gradle/internal/reflect/annotations/PropertyAnnotationMetadata;)V 26 <appendix> member <vmtarget> ; # org/gradle/internal/reflect/annotations/impl/DefaultTypeAnnotationMetadataStore$PropertyAnnotationMetadataBuilder$$Lambda+0x0000028b1c716030
instanceKlass  @cpi org/gradle/internal/reflect/annotations/impl/DefaultTypeAnnotationMetadataStore$PropertyAnnotationMetadataBuilder 269 form vmentry <vmtarget> ; # java/lang/invoke/LambdaForm$DMH+0x0000028b1c718000
instanceKlass com/google/common/collect/SortedIterables
instanceKlass  @bci org/gradle/internal/reflect/annotations/impl/DefaultTypeAnnotationMetadata <init> (Ljava/lang/Iterable;Ljava/lang/Iterable;Lorg/gradle/internal/reflect/validation/ReplayingTypeValidationContext;)V 6 <appendix> argL0 ; # org/gradle/internal/reflect/annotations/impl/DefaultTypeAnnotationMetadata$$Lambda+0x0000028b1c715088
instanceKlass org/gradle/internal/reflect/annotations/impl/DefaultTypeAnnotationMetadata
instanceKlass com/google/common/collect/AbstractMapBasedMultimap$KeySet$1
instanceKlass org/gradle/internal/reflect/annotations/impl/DefaultPropertyAnnotationMetadata
instanceKlass  @bci org/gradle/internal/reflect/annotations/impl/DefaultTypeAnnotationMetadataStore convertMethodToPropertyBuilders (Ljava/util/Map;)Lcom/google/common/collect/ImmutableList; 8 <appendix> argL0 ; # org/gradle/internal/reflect/annotations/impl/DefaultTypeAnnotationMetadataStore$$Lambda+0x0000028b1c7122d8
instanceKlass  @bci org/gradle/internal/reflect/annotations/impl/DefaultTypeAnnotationMetadataStore$PropertyAnnotationMetadataBuilder <init> (Lorg/gradle/internal/reflect/annotations/impl/DefaultTypeAnnotationMetadataStore;Ljava/lang/String;Ljava/lang/reflect/Method;Lorg/gradle/internal/reflect/validation/TypeValidationContext;)V 52 <appendix> argL0 ; # org/gradle/internal/reflect/annotations/impl/DefaultTypeAnnotationMetadataStore$PropertyAnnotationMetadataBuilder$$Lambda+0x0000028b1c711c58
instanceKlass com/google/common/collect/MultimapBuilder$LinkedHashSetSupplier
instanceKlass  @bci org/gradle/internal/reflect/annotations/impl/DefaultTypeAnnotationMetadataStore$PropertyAnnotationMetadataBuilder <init> (Lorg/gradle/internal/reflect/annotations/impl/DefaultTypeAnnotationMetadataStore;Ljava/lang/String;Ljava/lang/reflect/Method;Lorg/gradle/internal/reflect/validation/TypeValidationContext;)V 31 <appendix> argL0 ; # org/gradle/internal/reflect/annotations/impl/DefaultTypeAnnotationMetadataStore$PropertyAnnotationMetadataBuilder$$Lambda+0x0000028b1c711280
instanceKlass com/google/common/collect/MultimapBuilder$ArrayListSupplier
instanceKlass com/google/common/collect/MultimapBuilder$MultimapBuilderWithKeys
instanceKlass com/google/common/collect/MultimapBuilder
instanceKlass  @bci org/gradle/internal/reflect/annotations/impl/DefaultTypeAnnotationMetadataStore$PropertyAnnotationMetadataBuilder <init> (Lorg/gradle/internal/reflect/annotations/impl/DefaultTypeAnnotationMetadataStore;Ljava/lang/String;Ljava/lang/reflect/Method;Lorg/gradle/internal/reflect/validation/TypeValidationContext;)V 10 <appendix> argL0 ; # org/gradle/internal/reflect/annotations/impl/DefaultTypeAnnotationMetadataStore$PropertyAnnotationMetadataBuilder$$Lambda+0x0000028b1c70af60
instanceKlass  @bci org/gradle/internal/reflect/annotations/impl/DefaultTypeAnnotationMetadataStore getOrCreateBuilder (Ljava/lang/String;Ljava/lang/reflect/Method;Lorg/gradle/internal/reflect/validation/TypeValidationContext;Ljava/util/Map;)Lorg/gradle/internal/reflect/annotations/impl/DefaultTypeAnnotationMetadataStore$PropertyAnnotationMetadataBuilder; 10 <appendix> member <vmtarget> ; # org/gradle/internal/reflect/annotations/impl/DefaultTypeAnnotationMetadataStore$$Lambda+0x0000028b1c70ad18
instanceKlass org/gradle/internal/reflect/annotations/impl/DefaultTypeAnnotationMetadataStore$PropertyAnnotationMetadataBuilder
instanceKlass groovy/transform/Generated
instanceKlass  @bci org/gradle/internal/reflect/annotations/impl/DefaultTypeAnnotationMetadataStore extractPropertiesFrom (Ljava/lang/Class;Ljava/util/Map;Lorg/gradle/internal/reflect/validation/TypeValidationContext;)Lcom/google/common/collect/ImmutableSortedSet; 8 <appendix> argL0 ; # org/gradle/internal/reflect/annotations/impl/DefaultTypeAnnotationMetadataStore$$Lambda+0x0000028b1c70a660
instanceKlass org/gradle/api/artifacts/transform/TransformOutputs
instanceKlass  @bci org/gradle/internal/reflect/annotations/impl/DefaultTypeAnnotationMetadataStore visitSuperTypes (Ljava/lang/Class;Lorg/gradle/internal/reflect/annotations/impl/DefaultTypeAnnotationMetadataStore$TypeAnnotationMetadataVisitor;)V 9 <appendix> member <vmtarget> ; # org/gradle/internal/reflect/annotations/impl/DefaultTypeAnnotationMetadataStore$$Lambda+0x0000028b1c70a228
instanceKlass  @bci org/gradle/internal/reflect/annotations/impl/DefaultTypeAnnotationMetadataStore inheritMethods (Ljava/lang/Class;Lorg/gradle/internal/reflect/validation/TypeValidationContext;Ljava/util/Map;)V 5 <appendix> member <vmtarget> ; # org/gradle/internal/reflect/annotations/impl/DefaultTypeAnnotationMetadataStore$$Lambda+0x0000028b1c70a000
instanceKlass org/gradle/internal/reflect/annotations/impl/DefaultTypeAnnotationMetadataStore$TypeAnnotationMetadataVisitor
instanceKlass  @bci org/gradle/internal/reflect/annotations/impl/DefaultTypeAnnotationMetadataStore createTypeAnnotationMetadata (Ljava/lang/Class;)Lorg/gradle/internal/reflect/annotations/TypeAnnotationMetadata; 52 <appendix> member <vmtarget> ; # org/gradle/internal/reflect/annotations/impl/DefaultTypeAnnotationMetadataStore$$Lambda+0x0000028b1c70f838
instanceKlass  @bci org/gradle/internal/reflect/annotations/impl/DefaultTypeAnnotationMetadataStore getTypeAnnotationMetadata (Ljava/lang/Class;)Lorg/gradle/internal/reflect/annotations/TypeAnnotationMetadata; 6 <appendix> member <vmtarget> ; # org/gradle/internal/reflect/annotations/impl/DefaultTypeAnnotationMetadataStore$$Lambda+0x0000028b1c70f5f0
instanceKlass org/gradle/internal/reflect/validation/ReplayingTypeValidationContext
instanceKlass org/gradle/api/internal/GeneratedSubclasses
instanceKlass  @bci org/gradle/internal/properties/annotations/DefaultTypeMetadataStore getTypeMetadata (Ljava/lang/Class;)Lorg/gradle/internal/properties/annotations/TypeMetadata; 6 <appendix> member <vmtarget> ; # org/gradle/internal/properties/annotations/DefaultTypeMetadataStore$$Lambda+0x0000028b1c70ef58
instanceKlass com/google/common/collect/NullnessCasts
instanceKlass  @bci org/gradle/api/internal/initialization/transform/registration/InstrumentationTransformRegisterer lambda$registerInstrumentationAndUpgradesPipeline$1 (Lorg/gradle/api/provider/Provider;JLorg/gradle/api/artifacts/transform/TransformSpec;)V 45 <appendix> member <vmtarget> ; # org/gradle/api/internal/initialization/transform/registration/InstrumentationTransformRegisterer$$Lambda+0x0000028b1c70eb28
instanceKlass  @bci org/gradle/api/internal/artifacts/transform/DefaultVariantTransformRegistry$TypedRegistration_Decorated $gradleInit ()V 1 <appendix> member <vmtarget> ; # org/gradle/api/internal/artifacts/transform/DefaultVariantTransformRegistry$TypedRegistration_Decorated$$Lambda+0x0000028b1c6f6248
instanceKlass  @bci org/gradle/api/internal/initialization/transform/InstrumentationAnalysisTransform$Parameters_Decorated $gradleInit ()V 1 <appendix> member <vmtarget> ; # org/gradle/api/internal/initialization/transform/InstrumentationAnalysisTransform$Parameters_Decorated$$Lambda+0x0000028b1c70e900
instanceKlass org/gradle/api/internal/initialization/transform/InstrumentationAnalysisTransform$Parameters_Decorated
instanceKlass  @bci org/gradle/internal/instantiation/generator/AsmBackedClassGenerator$ClassBuilderImpl addDefaultConstructor ()V 7 <appendix> member <vmtarget> ; # org/gradle/internal/instantiation/generator/AsmBackedClassGenerator$ClassBuilderImpl$$Lambda+0x0000028b1c70ddf8
instanceKlass org/gradle/api/internal/initialization/transform/InstrumentationAnalysisTransform$Parameters
instanceKlass  @bci org/gradle/api/internal/initialization/transform/registration/InstrumentationTransformRegisterer registerInstrumentationAndUpgradesPipeline (JLorg/gradle/api/artifacts/dsl/DependencyHandler;Lorg/gradle/api/provider/Provider;)V 6 <appendix> member <vmtarget> ; # org/gradle/api/internal/initialization/transform/registration/InstrumentationTransformRegisterer$$Lambda+0x0000028b1c70d9d0
instanceKlass  @cpi org/gradle/api/internal/initialization/transform/registration/InstrumentationTransformRegisterer 161 form vmentry <vmtarget> ; # java/lang/invoke/LambdaForm$DMH+0x0000028b1c709000
instanceKlass org/gradle/api/internal/initialization/transform/InstrumentationAnalysisTransform
instanceKlass  @bci org/gradle/api/services/internal/DefaultBuildServicesRegistry$DefaultServiceRegistration_Decorated $gradleInit ()V 1 <appendix> member <vmtarget> ; # org/gradle/api/services/internal/DefaultBuildServicesRegistry$DefaultServiceRegistration_Decorated$$Lambda+0x0000028b1c70d558
instanceKlass org/gradle/api/services/internal/BuildServiceDetails
instanceKlass  @bci org/gradle/api/services/internal/DefaultBuildServicesRegistry$DefaultServiceSpec_Decorated $gradleInit ()V 1 <appendix> member <vmtarget> ; # org/gradle/api/services/internal/DefaultBuildServicesRegistry$DefaultServiceSpec_Decorated$$Lambda+0x0000028b1c70ca90
instanceKlass  @bci org/gradle/internal/instantiation/generator/AsmBackedClassGenerator$ClassBuilderImpl applyReadOnlyManagedStateToGetter (Lorg/gradle/internal/instantiation/generator/AbstractClassGenerator$PropertyMetadata;Ljava/lang/reflect/Method;Z)V 53 <appendix> member <vmtarget> ; # org/gradle/internal/instantiation/generator/AsmBackedClassGenerator$ClassBuilderImpl$$Lambda+0x0000028b1c70c000
instanceKlass  @cpi org/gradle/internal/instantiation/generator/AsmBackedClassGenerator$ClassBuilderImpl 1286 form vmentry <vmtarget> ; # java/lang/invoke/LambdaForm$DMH+0x0000028b1c708c00
instanceKlass org/gradle/internal/instantiation/generator/AsmBackedClassGenerator$AttachedProperty
instanceKlass org/gradle/api/services/internal/DefaultBuildServicesRegistry$DefaultServiceSpec
instanceKlass org/gradle/internal/reflect/Types$1
instanceKlass org/gradle/internal/reflect/Types
instanceKlass  @bci org/gradle/api/internal/artifacts/ivyservice/resolveengine/graph/builder/ResolveState getNode (Lorg/gradle/api/internal/artifacts/ivyservice/resolveengine/graph/builder/ComponentState;Lorg/gradle/internal/component/model/VariantGraphResolveState;Z)Lorg/gradle/api/internal/artifacts/ivyservice/resolveengine/graph/builder/NodeState; 29 <adapter> ; # java/lang/invoke/LambdaForm$MH+0x0000028b1c708800
# instanceKlass java/lang/invoke/LambdaForm$DMH+0x0000028b1c708400
instanceKlass  @bci org/gradle/api/internal/artifacts/ivyservice/resolveengine/graph/builder/ResolveState getNode (Lorg/gradle/api/internal/artifacts/ivyservice/resolveengine/graph/builder/ComponentState;Lorg/gradle/internal/component/model/VariantGraphResolveState;Z)Lorg/gradle/api/internal/artifacts/ivyservice/resolveengine/graph/builder/NodeState; 29 <appendix> form vmentry <vmtarget> ; # java/lang/invoke/LambdaForm$DMH+0x0000028b1c708000
instanceKlass  @bci org/gradle/internal/isolated/IsolationScheme inferParameterType (Ljava/lang/Class;I)Ljava/lang/Class; 23 <appendix> member <vmtarget> ; # org/gradle/internal/isolated/IsolationScheme$$Lambda+0x0000028b1c703248
instanceKlass  @cpi org/gradle/api/internal/artifacts/ivyservice/resolveengine/graph/builder/ResolveState 412 form vmentry <vmtarget> ; # java/lang/invoke/LambdaForm$DMH+0x0000028b1c702c00
instanceKlass  @bci org/gradle/api/services/internal/DefaultBuildServicesRegistry doRegisterIfAbsent (Ljava/lang/String;Ljava/lang/Class;Ljava/util/function/Supplier;)Lorg/gradle/api/services/internal/BuildServiceProvider; 5 <appendix> member <vmtarget> ; # org/gradle/api/services/internal/DefaultBuildServicesRegistry$$Lambda+0x0000028b1c707d80
instanceKlass  @bci org/gradle/api/services/internal/DefaultBuildServicesRegistry registerIfAbsent (Ljava/lang/String;Ljava/lang/Class;Lorg/gradle/api/Action;)Lorg/gradle/api/provider/Provider; 6 <appendix> member <vmtarget> ; # org/gradle/api/services/internal/DefaultBuildServicesRegistry$$Lambda+0x0000028b1c707b58
instanceKlass  @bci org/gradle/api/services/BuildServiceRegistry registerIfAbsent (Ljava/lang/String;Ljava/lang/Class;)Lorg/gradle/api/provider/Provider; 3 <appendix> argL0 ; # org/gradle/api/services/BuildServiceRegistry$$Lambda+0x0000028b1c707938
instanceKlass org/gradle/api/internal/initialization/transform/services/CacheInstrumentationDataBuildService
instanceKlass  @bci org/gradle/api/services/internal/DefaultBuildServicesRegistry_Decorated $gradleInit ()V 1 <appendix> member <vmtarget> ; # org/gradle/api/services/internal/DefaultBuildServicesRegistry_Decorated$$Lambda+0x0000028b1c7074a8
instanceKlass  @bci org/gradle/api/internal/DefaultNamedDomainObjectSet_Decorated $gradleInit ()V 1 <appendix> member <vmtarget> ; # org/gradle/api/internal/DefaultNamedDomainObjectSet_Decorated$$Lambda+0x0000028b1c707010
# instanceKlass java/lang/invoke/LambdaForm$MH+0x0000028b1c702800
instanceKlass org/gradle/api/internal/DynamicPropertyNamer
instanceKlass org/gradle/api/services/BuildServiceParameters$None
instanceKlass org/gradle/api/services/BuildService
# instanceKlass java/lang/invoke/LambdaForm$MH+0x0000028b1c702400
# instanceKlass java/lang/invoke/LambdaForm$MH+0x0000028b1c702000
# instanceKlass java/lang/invoke/LambdaForm$MH+0x0000028b1c701c00
# instanceKlass java/lang/invoke/LambdaForm$MH+0x0000028b1c701800
# instanceKlass java/lang/invoke/LambdaForm$MH+0x0000028b1c701400
# instanceKlass java/lang/invoke/LambdaForm$MH+0x0000028b1c701000
# instanceKlass java/lang/invoke/LambdaForm$MH+0x0000028b1c700c00
instanceKlass org/gradle/api/services/internal/DefaultBuildServicesRegistry$DefaultServiceRegistration
instanceKlass org/gradle/api/services/BuildServiceParameters
instanceKlass org/gradle/api/services/BuildServiceRegistration
instanceKlass org/gradle/internal/resources/SharedResource
instanceKlass org/gradle/api/services/BuildServiceSpec
instanceKlass  @bci org/gradle/api/services/internal/BuildServiceProvider$Listener <clinit> ()V 0 <appendix> argL0 ; # org/gradle/api/services/internal/BuildServiceProvider$Listener$$Lambda+0x0000028b1c6ffa70
instanceKlass org/gradle/api/services/internal/BuildServiceProvider$Listener
instanceKlass  @bci org/gradle/internal/flow/services/BuildFlowScope_Decorated $gradleInit ()V 1 <appendix> member <vmtarget> ; # org/gradle/internal/flow/services/BuildFlowScope_Decorated$$Lambda+0x0000028b1c6f5ca0
# instanceKlass java/lang/invoke/LambdaForm$MH+0x0000028b1c700800
# instanceKlass java/lang/invoke/LambdaForm$MH+0x0000028b1c700400
# instanceKlass java/lang/invoke/LambdaForm$MH+0x0000028b1c700000
instanceKlass kotlin/annotation/MustBeDocumented
instanceKlass kotlin/collections/AbstractList$Companion
instanceKlass kotlin/collections/AbstractCollection
instanceKlass kotlin/enums/EnumEntriesKt
instanceKlass kotlin/enums/EnumEntries
instanceKlass kotlin/jvm/internal/markers/KMappedMarker
instanceKlass org/gradle/internal/flow/services/BuildFlowScope$State
instanceKlass org/gradle/api/flow/FlowParameters
instanceKlass org/gradle/api/flow/FlowScope$Registration
# instanceKlass java/lang/invoke/LambdaForm$MH+0x0000028b1c6fdc00
# instanceKlass java/lang/invoke/LambdaForm$MH+0x0000028b1c6fd800
# instanceKlass java/lang/invoke/LambdaForm$MH+0x0000028b1c6fd400
# instanceKlass java/lang/invoke/LambdaForm$MH+0x0000028b1c6fd000
# instanceKlass java/lang/invoke/LambdaForm$MH+0x0000028b1c6fcc00
# instanceKlass java/lang/invoke/LambdaForm$MH+0x0000028b1c6fc800
# instanceKlass java/lang/invoke/LambdaForm$MH+0x0000028b1c6fc400
# instanceKlass java/lang/invoke/LambdaForm$MH+0x0000028b1c6fc000
# instanceKlass java/lang/invoke/LambdaForm$MH+0x0000028b1c6fbc00
# instanceKlass java/lang/invoke/LambdaForm$MH+0x0000028b1c6fb800
# instanceKlass java/lang/invoke/LambdaForm$MH+0x0000028b1c6fb400
# instanceKlass java/lang/invoke/LambdaForm$MH+0x0000028b1c6fb000
# instanceKlass java/lang/invoke/LambdaForm$MH+0x0000028b1c6fac00
# instanceKlass java/lang/invoke/LambdaForm$MH+0x0000028b1c6fa800
instanceKlass org/gradle/internal/flow/services/DefaultFlowProviders
instanceKlass kotlin/UNINITIALIZED_VALUE
instanceKlass kotlin/SynchronizedLazyImpl
instanceKlass kotlin/Lazy
instanceKlass kotlin/LazyKt__LazyJVMKt
instanceKlass kotlin/jvm/internal/Lambda
instanceKlass kotlin/jvm/internal/FunctionBase
# instanceKlass java/lang/invoke/LambdaForm$MH+0x0000028b1c6fa400
# instanceKlass java/lang/invoke/LambdaForm$MH+0x0000028b1c6fa000
# instanceKlass java/lang/invoke/LambdaForm$MH+0x0000028b1c6f9c00
# instanceKlass java/lang/invoke/LambdaForm$MH+0x0000028b1c6f9800
# instanceKlass java/lang/invoke/LambdaForm$MH+0x0000028b1c6f9400
# instanceKlass java/lang/invoke/LambdaForm$MH+0x0000028b1c6f9000
# instanceKlass java/lang/invoke/LambdaForm$MH+0x0000028b1c6f8c00
# instanceKlass java/lang/invoke/LambdaForm$MH+0x0000028b1c6f8800
# instanceKlass java/lang/invoke/LambdaForm$MH+0x0000028b1c6f8400
# instanceKlass java/lang/invoke/LambdaForm$MH+0x0000028b1c6f8000
# instanceKlass java/lang/invoke/LambdaForm$MH+0x0000028b1c6f3c00
# instanceKlass java/lang/invoke/LambdaForm$MH+0x0000028b1c6f3800
# instanceKlass java/lang/invoke/LambdaForm$MH+0x0000028b1c6f3400
# instanceKlass java/lang/invoke/LambdaForm$MH+0x0000028b1c6f3000
instanceKlass  @bci org/gradle/api/internal/attributes/DefaultImmutableAttributesFactory doConcatIsolatable (Lorg/gradle/api/internal/attributes/ImmutableAttributes;Lorg/gradle/api/attributes/Attribute;Lorg/gradle/internal/isolation/Isolatable;)Lorg/gradle/api/internal/attributes/ImmutableAttributes; 10 <appendix> argL0 ; # org/gradle/api/internal/attributes/DefaultImmutableAttributesFactory$$Lambda+0x0000028b1c6e5538
instanceKlass  @bci org/gradle/api/internal/artifacts/dsl/dependencies/DefaultDependencyHandler_Decorated $gradleInit ()V 1 <appendix> member <vmtarget> ; # org/gradle/api/internal/artifacts/dsl/dependencies/DefaultDependencyHandler_Decorated$$Lambda+0x0000028b1c6e3dd0
instanceKlass org/gradle/api/internal/artifacts/dsl/dependencies/DefaultDependencyHandler$DirectDependencyAdder
instanceKlass org/gradle/api/artifacts/type/ArtifactTypeDefinition
# instanceKlass java/lang/invoke/LambdaForm$MH+0x0000028b1c6f2c00
# instanceKlass java/lang/invoke/LambdaForm$MH+0x0000028b1c6f2800
# instanceKlass java/lang/invoke/LambdaForm$MH+0x0000028b1c6f2400
# instanceKlass java/lang/invoke/LambdaForm$MH+0x0000028b1c6f2000
# instanceKlass java/lang/invoke/LambdaForm$MH+0x0000028b1c6f1c00
# instanceKlass java/lang/invoke/LambdaForm$MH+0x0000028b1c6f1800
# instanceKlass java/lang/invoke/LambdaForm$MH+0x0000028b1c6f1400
# instanceKlass java/lang/invoke/LambdaForm$MH+0x0000028b1c6f1000
# instanceKlass java/lang/invoke/LambdaForm$MH+0x0000028b1c6f0c00
# instanceKlass java/lang/invoke/LambdaForm$MH+0x0000028b1c6f0800
# instanceKlass java/lang/invoke/LambdaForm$MH+0x0000028b1c6f0400
# instanceKlass java/lang/invoke/LambdaForm$MH+0x0000028b1c6f0000
instanceKlass org/gradle/api/artifacts/dsl/ExternalModuleDependencyVariantSpec
instanceKlass org/gradle/api/internal/artifacts/dsl/dependencies/DefaultDependencyHandler
instanceKlass org/gradle/api/internal/artifacts/dsl/DependencyHandlerInternal
# instanceKlass java/lang/invoke/LambdaForm$MH+0x0000028b1c6ef400
# instanceKlass java/lang/invoke/LambdaForm$MH+0x0000028b1c6ef000
# instanceKlass java/lang/invoke/LambdaForm$MH+0x0000028b1c6eec00
# instanceKlass java/lang/invoke/LambdaForm$MH+0x0000028b1c6ee800
# instanceKlass java/lang/invoke/LambdaForm$MH+0x0000028b1c6ee400
# instanceKlass java/lang/invoke/LambdaForm$MH+0x0000028b1c6ee000
# instanceKlass java/lang/invoke/LambdaForm$MH+0x0000028b1c6edc00
# instanceKlass java/lang/invoke/LambdaForm$MH+0x0000028b1c6ed800
# instanceKlass java/lang/invoke/LambdaForm$MH+0x0000028b1c6ed400
# instanceKlass java/lang/invoke/LambdaForm$MH+0x0000028b1c6ed000
# instanceKlass java/lang/invoke/LambdaForm$MH+0x0000028b1c6ecc00
# instanceKlass java/lang/invoke/LambdaForm$MH+0x0000028b1c6ec800
# instanceKlass java/lang/invoke/LambdaForm$MH+0x0000028b1c6ec400
# instanceKlass java/lang/invoke/LambdaForm$MH+0x0000028b1c6ec000
# instanceKlass java/lang/invoke/LambdaForm$MH+0x0000028b1c6ebc00
# instanceKlass java/lang/invoke/LambdaForm$BMH+0x0000028b1c6eb800
# instanceKlass java/lang/invoke/LambdaForm$DMH+0x0000028b1c6eb400
# instanceKlass java/lang/invoke/LambdaForm$DMH+0x0000028b1c6eb000
# instanceKlass java/lang/invoke/LambdaForm$MH+0x0000028b1c6eac00
# instanceKlass java/lang/invoke/LambdaForm$MH+0x0000028b1c6ea800
# instanceKlass java/lang/invoke/LambdaForm$MH+0x0000028b1c6ea400
# instanceKlass java/lang/invoke/LambdaForm$MH+0x0000028b1c6ea000
# instanceKlass java/lang/invoke/LambdaForm$MH+0x0000028b1c6e9c00
instanceKlass  @bci org/gradle/api/internal/artifacts/dsl/dependencies/DefaultDependencyConstraintHandler_Decorated $gradleInit ()V 1 <appendix> member <vmtarget> ; # org/gradle/api/internal/artifacts/dsl/dependencies/DefaultDependencyConstraintHandler_Decorated$$Lambda+0x0000028b1c6e3198
instanceKlass org/gradle/api/internal/artifacts/dsl/dependencies/DefaultDependencyConstraintHandler$DependencyConstraintAdder
# instanceKlass java/lang/invoke/LambdaForm$MH+0x0000028b1c6e9800
# instanceKlass java/lang/invoke/LambdaForm$MH+0x0000028b1c6e9400
# instanceKlass java/lang/invoke/LambdaForm$MH+0x0000028b1c6e9000
instanceKlass org/gradle/api/internal/artifacts/dsl/dependencies/DefaultDependencyConstraintHandler$1
instanceKlass org/gradle/api/internal/artifacts/dsl/dependencies/DynamicAddDependencyMethods
instanceKlass org/gradle/api/internal/artifacts/dsl/dependencies/DynamicAddDependencyMethods$DependencyAdder
instanceKlass org/gradle/api/internal/artifacts/dsl/dependencies/DefaultDependencyConstraintHandler
# instanceKlass java/lang/invoke/LambdaForm$MH+0x0000028b1c6e8c00
# instanceKlass java/lang/invoke/LambdaForm$MH+0x0000028b1c6e8800
# instanceKlass java/lang/invoke/LambdaForm$MH+0x0000028b1c6e8400
# instanceKlass java/lang/invoke/LambdaForm$MH+0x0000028b1c6e8000
instanceKlass org/gradle/api/internal/notations/DependencyConstraintProjectNotationConverter
instanceKlass org/gradle/api/artifacts/ModuleDependencyCapabilitiesHandler
instanceKlass org/gradle/api/internal/notations/DependencyConstraintNotationParser$MinimalExternalDependencyNotationConverter
instanceKlass org/gradle/api/internal/artifacts/dependencies/AbstractDependencyConstraint
instanceKlass org/gradle/api/internal/artifacts/dependencies/DependencyConstraintInternal
instanceKlass org/gradle/api/internal/notations/DependencyConstraintNotationParser
instanceKlass org/gradle/api/internal/artifacts/DefaultDependencyConstraintFactory
instanceKlass org/gradle/api/artifacts/ClientModule
instanceKlass org/gradle/api/internal/notations/ClientModuleNotationParserFactory
instanceKlass org/gradle/internal/typeconversion/TypeFilteringNotationConverter
instanceKlass org/gradle/api/internal/file/collections/MinimalFileSet
instanceKlass org/gradle/api/internal/notations/DependencyClassPathNotationConverter
instanceKlass org/gradle/api/internal/notations/DependencyProjectNotationConverter
instanceKlass org/gradle/api/internal/notations/DependencyFilesNotationConverter
instanceKlass org/gradle/api/internal/artifacts/dependencies/MinimalExternalModuleDependencyInternal
instanceKlass org/gradle/api/artifacts/MinimalExternalModuleDependency
instanceKlass org/gradle/api/internal/notations/DependencyNotationParser$MinimalExternalDependencyNotationConverter
instanceKlass org/gradle/api/internal/artifacts/dependencies/AbstractDependency
instanceKlass org/gradle/api/internal/artifacts/ResolvableDependency
instanceKlass org/gradle/api/internal/notations/DependencyNotationParser
instanceKlass org/gradle/api/internal/artifacts/DefaultDependencyFactory
instanceKlass org/gradle/api/internal/notations/ProjectDependencyFactory
# instanceKlass java/lang/invoke/LambdaForm$MH+0x0000028b1c6da800
# instanceKlass java/lang/invoke/LambdaForm$MH+0x0000028b1c6da400
# instanceKlass java/lang/invoke/LambdaForm$MH+0x0000028b1c6da000
# instanceKlass java/lang/invoke/LambdaForm$MH+0x0000028b1c6d9c00
# instanceKlass java/lang/invoke/LambdaForm$MH+0x0000028b1c6d9800
# instanceKlass java/lang/invoke/LambdaForm$MH+0x0000028b1c6d9400
# instanceKlass java/lang/invoke/LambdaForm$MH+0x0000028b1c6d9000
# instanceKlass java/lang/invoke/LambdaForm$MH+0x0000028b1c6d8c00
# instanceKlass java/lang/invoke/LambdaForm$MH+0x0000028b1c6d8800
# instanceKlass java/lang/invoke/LambdaForm$MH+0x0000028b1c6d8400
# instanceKlass java/lang/invoke/LambdaForm$MH+0x0000028b1c6d8000
# instanceKlass java/lang/invoke/LambdaForm$MH+0x0000028b1c6d5c00
# instanceKlass java/lang/invoke/LambdaForm$DMH+0x0000028b1c6d5800
# instanceKlass java/lang/invoke/LambdaForm$MH+0x0000028b1c6d5400
# instanceKlass java/lang/invoke/LambdaForm$DMH+0x0000028b1c6d5000
# instanceKlass java/lang/invoke/LambdaForm$DMH+0x0000028b1c6d4c00
instanceKlass sun/invoke/util/ValueConversions$1
instanceKlass org/gradle/internal/metaobject/InstrumentedMetaClass
instanceKlass org/gradle/api/artifacts/ComponentMetadataSupplier
instanceKlass org/gradle/api/artifacts/ComponentMetadataVersionLister
instanceKlass org/codehaus/groovy/runtime/ScriptBytecodeAdapter
instanceKlass org/gradle/internal/classpath/declarations/GroovyDynamicDispatchInterceptors
instanceKlass org/gradle/api/internal/artifacts/repositories/DefaultMavenArtifactRepository$DefaultDescriber
# instanceKlass java/lang/invoke/LambdaForm$MH+0x0000028b1c6d4800
# instanceKlass java/lang/invoke/LambdaForm$MH+0x0000028b1c6d4400
# instanceKlass java/lang/invoke/LambdaForm$MH+0x0000028b1c6d4000
# instanceKlass java/lang/invoke/LambdaForm$MH+0x0000028b1c6d3c00
# instanceKlass java/lang/invoke/LambdaForm$MH+0x0000028b1c6d3800
# instanceKlass java/lang/invoke/LambdaForm$MH+0x0000028b1c6d3400
# instanceKlass java/lang/invoke/LambdaForm$MH+0x0000028b1c6d3000
# instanceKlass java/lang/invoke/LambdaForm$MH+0x0000028b1c6d2c00
# instanceKlass java/lang/invoke/LambdaForm$MH+0x0000028b1c6d2800
# instanceKlass java/lang/invoke/LambdaForm$MH+0x0000028b1c6d2400
# instanceKlass java/lang/invoke/LambdaForm$MH+0x0000028b1c6d2000
# instanceKlass java/lang/invoke/LambdaForm$MH+0x0000028b1c6d1c00
# instanceKlass java/lang/invoke/LambdaForm$MH+0x0000028b1c6d1800
# instanceKlass java/lang/invoke/LambdaForm$MH+0x0000028b1c6d1400
# instanceKlass java/lang/invoke/LambdaForm$MH+0x0000028b1c6d1000
# instanceKlass java/lang/invoke/LambdaForm$MH+0x0000028b1c6d0c00
# instanceKlass java/lang/invoke/LambdaForm$MH+0x0000028b1c6d0800
# instanceKlass java/lang/invoke/LambdaForm$BMH+0x0000028b1c6d0400
# instanceKlass java/lang/invoke/LambdaForm$DMH+0x0000028b1c6d0000
# instanceKlass java/lang/invoke/LambdaForm$DMH+0x0000028b1c6cd400
instanceKlass org/gradle/api/internal/DefaultNamedDomainObjectCollection$ObjectBackedElementInfo
instanceKlass  @bci org/gradle/api/internal/artifacts/repositories/DefaultMavenArtifactRepository_Decorated $gradleInit ()V 1 <appendix> member <vmtarget> ; # org/gradle/api/internal/artifacts/repositories/DefaultMavenArtifactRepository_Decorated$$Lambda+0x0000028b1c6ce280
instanceKlass  @bci org/gradle/api/internal/artifacts/repositories/DefaultMavenArtifactRepository <init> (Lorg/gradle/api/Transformer;Lorg/gradle/api/internal/file/FileResolver;Lorg/gradle/api/internal/artifacts/repositories/transport/RepositoryTransportFactory;Lorg/gradle/internal/resource/local/LocallyAvailableResourceFinder;Lorg/gradle/internal/instantiation/InstantiatorFactory;Lorg/gradle/internal/resource/local/FileStore;Lorg/gradle/api/internal/artifacts/ivyservice/ivyresolve/parser/MetaDataParser;Lorg/gradle/api/internal/artifacts/ivyservice/ivyresolve/parser/GradleModuleMetadataParser;Lorg/gradle/api/artifacts/repositories/AuthenticationContainer;Lorg/gradle/internal/resource/local/FileStore;Lorg/gradle/internal/resource/local/FileResourceRepository;Lorg/gradle/api/internal/artifacts/repositories/metadata/MavenMutableModuleMetadataFactory;Lorg/gradle/internal/isolation/IsolatableFactory;Lorg/gradle/api/model/ObjectFactory;Lorg/gradle/api/internal/artifacts/repositories/DefaultUrlArtifactRepository$Factory;Lorg/gra ; # org/gradle/api/internal/artifacts/repositories/DefaultMavenArtifactRepository$$Lambda+0x0000028b1c6c7dc0
instanceKlass  @bci org/gradle/api/internal/artifacts/repositories/DefaultMavenArtifactRepository createRepositoryDescriptor (Lorg/gradle/api/internal/artifacts/ivyservice/ivyresolve/strategy/VersionParser;)Lorg/gradle/api/internal/artifacts/repositories/RepositoryContentDescriptorInternal; 5 <appendix> member <vmtarget> ; # org/gradle/api/internal/artifacts/repositories/DefaultMavenArtifactRepository$$Lambda+0x0000028b1c6c7b98
instanceKlass org/gradle/api/internal/artifacts/repositories/DefaultRepositoryContentDescriptor
instanceKlass org/gradle/api/artifacts/repositories/MavenRepositoryContentDescriptor
# instanceKlass java/lang/invoke/LambdaForm$MH+0x0000028b1c6cd000
# instanceKlass java/lang/invoke/LambdaForm$MH+0x0000028b1c6ccc00
# instanceKlass java/lang/invoke/LambdaForm$MH+0x0000028b1c6cc800
# instanceKlass java/lang/invoke/LambdaForm$MH+0x0000028b1c6cc400
# instanceKlass java/lang/invoke/LambdaForm$MH+0x0000028b1c6cc000
# instanceKlass java/lang/invoke/LambdaForm$MH+0x0000028b1c6cbc00
# instanceKlass java/lang/invoke/LambdaForm$MH+0x0000028b1c6cb800
# instanceKlass java/lang/invoke/LambdaForm$MH+0x0000028b1c6cb400
# instanceKlass java/lang/invoke/LambdaForm$MH+0x0000028b1c6cb000
# instanceKlass java/lang/invoke/LambdaForm$MH+0x0000028b1c6cac00
# instanceKlass java/lang/invoke/LambdaForm$MH+0x0000028b1c6ca800
# instanceKlass java/lang/invoke/LambdaForm$MH+0x0000028b1c6ca400
# instanceKlass java/lang/invoke/LambdaForm$MH+0x0000028b1c6ca000
# instanceKlass java/lang/invoke/LambdaForm$MH+0x0000028b1c6c9c00
# instanceKlass java/lang/invoke/LambdaForm$MH+0x0000028b1c6c9800
# instanceKlass java/lang/invoke/LambdaForm$MH+0x0000028b1c6c9400
# instanceKlass java/lang/invoke/LambdaForm$MH+0x0000028b1c6c9000
# instanceKlass java/lang/invoke/LambdaForm$MH+0x0000028b1c6c8c00
# instanceKlass java/lang/invoke/LambdaForm$BMH+0x0000028b1c6c8800
# instanceKlass java/lang/invoke/LambdaForm$DMH+0x0000028b1c6c8400
# instanceKlass java/lang/invoke/LambdaForm$DMH+0x0000028b1c6c8000
instanceKlass  @bci org/gradle/api/internal/artifacts/repositories/DefaultMavenArtifactRepository <clinit> ()V 0 <appendix> argL0 ; # org/gradle/api/internal/artifacts/repositories/DefaultMavenArtifactRepository$$Lambda+0x0000028b1c6c7178
instanceKlass org/gradle/api/internal/artifacts/repositories/ArtifactResolutionDetails
instanceKlass org/gradle/internal/resolve/caching/ImplicitInputsCapturingInstantiator
instanceKlass org/gradle/api/internal/artifacts/repositories/AuthenticationSupporter
instanceKlass org/gradle/api/artifacts/repositories/PasswordCredentials
instanceKlass org/gradle/api/credentials/PasswordCredentials
instanceKlass org/gradle/api/credentials/Credentials
instanceKlass org/gradle/api/internal/artifacts/repositories/DefaultMavenArtifactRepository$MavenMetadataSources
instanceKlass org/gradle/api/internal/artifacts/repositories/DefaultUrlArtifactRepository
instanceKlass org/gradle/api/internal/artifacts/repositories/metadata/DefaultMavenPomMetadataSource$MavenMetadataValidator
instanceKlass org/gradle/api/internal/artifacts/repositories/resolver/ExternalResourceResolver
instanceKlass org/gradle/api/internal/artifacts/repositories/metadata/AbstractRepositoryMetadataSource
instanceKlass org/gradle/api/internal/artifacts/repositories/maven/MavenMetadataLoader
instanceKlass org/gradle/api/internal/artifacts/repositories/resolver/ExternalResourceArtifactResolver
instanceKlass org/gradle/api/internal/artifacts/repositories/descriptor/RepositoryDescriptor
instanceKlass org/gradle/api/internal/artifacts/ivyservice/ivyresolve/ConfiguredModuleComponentRepository
instanceKlass org/gradle/api/internal/artifacts/repositories/metadata/ImmutableMetadataSources
instanceKlass org/gradle/api/internal/artifacts/repositories/metadata/MetadataSource
instanceKlass org/gradle/api/internal/artifacts/repositories/metadata/MetadataArtifactProvider
instanceKlass org/gradle/api/artifacts/repositories/MavenArtifactRepository$MetadataSources
instanceKlass org/gradle/api/internal/artifacts/repositories/RepositoryContentDescriptorInternal
instanceKlass org/gradle/api/artifacts/repositories/RepositoryResourceAccessor
instanceKlass org/gradle/api/internal/DefaultPolymorphicDomainObjectContainer$2
instanceKlass  @bci org/gradle/internal/authentication/DefaultAuthenticationContainer_Decorated $gradleInit ()V 1 <appendix> member <vmtarget> ; # org/gradle/internal/authentication/DefaultAuthenticationContainer_Decorated$$Lambda+0x0000028b1c6bb600
instanceKlass org/gradle/api/internal/DefaultPolymorphicNamedEntityInstantiator
instanceKlass org/gradle/api/internal/PolymorphicNamedEntityInstantiator
instanceKlass org/gradle/api/internal/artifacts/repositories/AbstractArtifactRepository
instanceKlass org/gradle/api/internal/artifacts/repositories/ContentFilteringRepository
instanceKlass org/gradle/api/internal/artifacts/repositories/ArtifactRepositoryInternal
instanceKlass org/gradle/internal/artifacts/repositories/AuthenticationSupportedInternal
instanceKlass org/gradle/api/internal/artifacts/repositories/ResolutionAwareRepository
instanceKlass org/gradle/api/internal/artifacts/repositories/DefaultBaseRepositoryFactory$NamedMavenRepositoryDescriber
instanceKlass org/gradle/api/artifacts/repositories/ExclusiveContentRepository
instanceKlass  @bci java/lang/reflect/Executable typeVarBounds (Ljava/lang/reflect/TypeVariable;)Ljava/lang/String; 58 <appendix> argL0 ; # java/lang/reflect/Executable$$Lambda+0x0000028b1c5ce2f8
instanceKlass sun/reflect/generics/reflectiveObjects/GenericArrayTypeImpl
# instanceKlass java/lang/invoke/LambdaForm$MH+0x0000028b1c6bd400
# instanceKlass java/lang/invoke/LambdaForm$MH+0x0000028b1c6bd000
# instanceKlass java/lang/invoke/LambdaForm$MH+0x0000028b1c6bcc00
# instanceKlass java/lang/invoke/LambdaForm$MH+0x0000028b1c6bc800
instanceKlass  @bci org/codehaus/groovy/reflection/ClassLoaderForClassArtifacts defineClassAndGetConstructor (Ljava/lang/String;[B)Ljava/lang/reflect/Constructor; 3 <appendix> member <vmtarget> ; # org/codehaus/groovy/reflection/ClassLoaderForClassArtifacts$$Lambda+0x0000028b1c6b9a50
instanceKlass groovyjarjarasm/asm/Attribute
instanceKlass groovyjarjarasm/asm/Handler
instanceKlass org/codehaus/groovy/runtime/typehandling/DefaultTypeTransformation
instanceKlass org/codehaus/groovy/classgen/asm/BytecodeHelper
instanceKlass groovyjarjarasm/asm/Edge
instanceKlass groovyjarjarasm/asm/Label
instanceKlass groovyjarjarasm/asm/Frame
instanceKlass  @bci org/codehaus/groovy/reflection/CachedClass$5 initValue ()Lorg/codehaus/groovy/runtime/callsite/CallSiteClassLoader; 1 <appendix> member <vmtarget> ; # org/codehaus/groovy/reflection/CachedClass$5$$Lambda+0x0000028b1c6b8318
instanceKlass groovyjarjarasm/asm/ByteVector
instanceKlass groovyjarjarasm/asm/Symbol
instanceKlass groovyjarjarasm/asm/SymbolTable
instanceKlass groovyjarjarasm/asm/FieldVisitor
instanceKlass groovyjarjarasm/asm/MethodVisitor
instanceKlass groovyjarjarasm/asm/AnnotationVisitor
instanceKlass groovyjarjarasm/asm/ModuleVisitor
instanceKlass groovyjarjarasm/asm/RecordComponentVisitor
instanceKlass org/codehaus/groovy/classgen/GeneratorContext
instanceKlass org/codehaus/groovy/reflection/android/AndroidSupport
instanceKlass  @bci org/codehaus/groovy/runtime/callsite/GroovySunClassLoader <clinit> ()V 31 <appendix> argL0 ; # org/codehaus/groovy/runtime/callsite/GroovySunClassLoader$$Lambda+0x0000028b1c6b64b0
instanceKlass  @bci org/codehaus/groovy/reflection/SunClassLoader <clinit> ()V 0 <appendix> argL0 ; # org/codehaus/groovy/reflection/SunClassLoader$$Lambda+0x0000028b1c6b6290
instanceKlass org/codehaus/groovy/runtime/callsite/CallSiteGenerator
instanceKlass org/codehaus/groovy/runtime/metaclass/MetaMethodIndex$CacheEntry
# instanceKlass java/lang/invoke/LambdaForm$MH+0x0000028b1c6b3c00
# instanceKlass java/lang/invoke/LambdaForm$MH+0x0000028b1c6b3800
# instanceKlass java/lang/invoke/LambdaForm$MH+0x0000028b1c6b3400
# instanceKlass java/lang/invoke/LambdaForm$MH+0x0000028b1c6b3000
# instanceKlass java/lang/invoke/LambdaForm$MH+0x0000028b1c6b2c00
# instanceKlass java/lang/invoke/LambdaForm$MH+0x0000028b1c6b2800
# instanceKlass java/lang/invoke/LambdaForm$MH+0x0000028b1c6b2400
# instanceKlass java/lang/invoke/LambdaForm$MH+0x0000028b1c6b2000
instanceKlass org/gradle/plugin/use/internal/PluginRequestCollector
instanceKlass org/gradle/internal/snapshot/SearchUtil
instanceKlass  @bci org/gradle/internal/snapshot/AbstractListChildMap findChildIndexWithCommonPrefix (Lorg/gradle/internal/snapshot/VfsRelativePath;Lorg/gradle/internal/snapshot/CaseSensitivity;)I 6 <appendix> member <vmtarget> ; # org/gradle/internal/snapshot/AbstractListChildMap$$Lambda+0x0000028b1c6a9e88
instanceKlass org/gradle/configuration/ProjectScriptTarget
instanceKlass  @bci org/gradle/configuration/project/BuildScriptProcessor execute (Lorg/gradle/api/internal/project/ProjectInternal;)V 83 <appendix> member <vmtarget> ; # org/gradle/configuration/project/BuildScriptProcessor$$Lambda+0x0000028b1c6a9458
instanceKlass org/gradle/internal/service/scopes/ProjectScopeServices$ScriptScopedContext
# instanceKlass java/lang/invoke/LambdaForm$MH+0x0000028b1c6b1400
# instanceKlass java/lang/invoke/LambdaForm$MH+0x0000028b1c6b1000
# instanceKlass java/lang/invoke/LambdaForm$MH+0x0000028b1c6b0c00
# instanceKlass java/lang/invoke/LambdaForm$MH+0x0000028b1c6b0800
# instanceKlass java/lang/invoke/LambdaForm$MH+0x0000028b1c6b0400
instanceKlass org/gradle/internal/service/scopes/ProjectScopeServices$ProjectBackedModuleMetaDataProvider
instanceKlass  @bci org/gradle/buildinit/plugins/WrapperPlugin apply (Lorg/gradle/api/Project;)V 166 <appendix> member <vmtarget> ; # org/gradle/buildinit/plugins/WrapperPlugin$$Lambda+0x0000028b1c6ade78
instanceKlass  @cpi org/gradle/buildinit/plugins/WrapperPlugin 96 form vmentry <vmtarget> ; # java/lang/invoke/LambdaForm$DMH+0x0000028b1c6b0000
instanceKlass org/gradle/api/internal/resources/ApiTextResourceAdapter
instanceKlass org/gradle/api/resources/internal/TextResourceInternal
instanceKlass org/gradle/internal/resource/transfer/CachingTextUriResourceLoader
instanceKlass org/gradle/internal/resource/transfer/CacheAwareExternalResourceAccessor$ResourceFileStore
instanceKlass org/gradle/api/internal/artifacts/repositories/resolver/DefaultExternalResourceAccessor
instanceKlass org/gradle/internal/resource/ExternalResource$ContentAndMetadataAction
instanceKlass org/gradle/internal/resource/transfer/DefaultCacheAwareExternalResourceAccessor
instanceKlass org/gradle/internal/resource/transport/DefaultExternalResourceRepository
instanceKlass org/gradle/internal/resource/transfer/ProgressLoggingExternalResourceLister$1
instanceKlass org/gradle/internal/resource/ExternalResourceListBuildOperationType$Result
instanceKlass org/gradle/internal/resource/transfer/ProgressLoggingExternalResourceAccessor$1
instanceKlass org/gradle/internal/resource/ExternalResourceReadMetadataBuildOperationType$Result
instanceKlass org/gradle/internal/resource/transfer/AbstractProgressLoggingHandler
instanceKlass org/gradle/internal/resource/transfer/CacheAwareExternalResourceAccessor
instanceKlass org/gradle/internal/resource/transport/AbstractRepositoryTransport
instanceKlass org/gradle/api/internal/artifacts/ivyservice/resolutionstrategy/DefaultExternalResourceCachePolicy
instanceKlass org/gradle/internal/resource/transfer/DefaultExternalResourceConnector$NoOpStats
instanceKlass org/gradle/internal/resource/transfer/DefaultExternalResourceConnector$1
instanceKlass org/gradle/internal/resource/transfer/DefaultExternalResourceConnector$ExternalResourceAccessStats
instanceKlass org/gradle/internal/resource/transfer/DefaultExternalResourceConnector
instanceKlass org/apache/http/HttpEntityEnclosingRequest
instanceKlass org/apache/http/HttpEntity
instanceKlass org/gradle/internal/resource/transport/http/HttpResourceUploader
instanceKlass org/gradle/internal/resource/transport/http/HttpResourceLister
instanceKlass org/gradle/internal/resource/transfer/ExternalResourceReadResponse
instanceKlass org/gradle/internal/resource/transfer/AbstractExternalResourceAccessor
instanceKlass org/apache/http/protocol/HttpContext
instanceKlass org/apache/http/message/AbstractHttpMessage
instanceKlass org/apache/http/client/methods/AbortableHttpRequest
instanceKlass org/apache/http/client/methods/HttpExecutionAware
instanceKlass org/apache/http/client/methods/Configurable
instanceKlass org/apache/http/client/methods/HttpUriRequest
instanceKlass org/slf4j/spi/LocationAwareLogger
instanceKlass org/apache/commons/logging/impl/SLF4JLog
instanceKlass org/apache/commons/logging/impl/SLF4JLocationAwareLog
instanceKlass org/apache/commons/logging/Log
instanceKlass org/apache/commons/logging/LogFactory
instanceKlass org/apache/http/conn/ssl/DefaultHostnameVerifier
instanceKlass org/gradle/internal/resource/transport/http/DefaultHttpSettings$Builder
instanceKlass org/gradle/internal/resource/transport/http/DefaultHttpSettings$2$2
instanceKlass javax/net/ssl/X509TrustManager
instanceKlass javax/net/ssl/TrustManager
instanceKlass  @bci com/google/common/base/Suppliers$NonSerializableMemoizingSupplier <clinit> ()V 0 <appendix> argL0 ; # com/google/common/base/Suppliers$NonSerializableMemoizingSupplier$$Lambda+0x0000028b1c695fb0
instanceKlass com/google/common/base/Suppliers$MemoizingSupplier
instanceKlass com/google/common/base/Suppliers$NonSerializableMemoizingSupplier
instanceKlass org/gradle/internal/resource/transport/http/DefaultHttpSettings$2$1
instanceKlass org/gradle/internal/resource/transport/http/DefaultHttpSettings$2
instanceKlass org/gradle/internal/resource/transport/http/DefaultHttpSettings$1
instanceKlass org/gradle/internal/resource/transport/http/HttpTimeoutSettings
instanceKlass org/gradle/internal/resource/transport/http/HttpProxySettings
instanceKlass javax/net/ssl/HostnameVerifier
instanceKlass org/gradle/internal/resource/transport/http/DefaultHttpSettings
instanceKlass org/gradle/api/internal/artifacts/repositories/transport/RepositoryTransportFactory$DefaultResourceConnectorSpecification
instanceKlass  @bci org/gradle/internal/verifier/HttpRedirectVerifierFactory create (Ljava/net/URI;ZLjava/lang/Runnable;Ljava/util/function/Consumer;)Lorg/gradle/internal/verifier/HttpRedirectVerifier; 40 <appendix> member <vmtarget> ; # org/gradle/internal/verifier/HttpRedirectVerifierFactory$$Lambda+0x0000028b1c6958f8
instanceKlass org/gradle/internal/verifier/HttpRedirectVerifierFactory
instanceKlass  @bci org/gradle/api/internal/resources/DefaultTextResourceFactory fromUri (Ljava/lang/Object;Z)Lorg/gradle/api/resources/TextResource; 20 <appendix> member <vmtarget> ; # org/gradle/api/internal/resources/DefaultTextResourceFactory$$Lambda+0x0000028b1c6954b8
instanceKlass  @bci org/gradle/api/internal/resources/DefaultTextResourceFactory fromUri (Ljava/lang/Object;Z)Lorg/gradle/api/resources/TextResource; 14 <appendix> member <vmtarget> ; # org/gradle/api/internal/resources/DefaultTextResourceFactory$$Lambda+0x0000028b1c695290
# instanceKlass java/lang/invoke/LambdaForm$MH+0x0000028b1c6a4400
# instanceKlass java/lang/invoke/LambdaForm$MH+0x0000028b1c6a4000
# instanceKlass java/lang/invoke/LambdaForm$MH+0x0000028b1c6a3c00
# instanceKlass java/lang/invoke/LambdaForm$MH+0x0000028b1c6a3800
# instanceKlass java/lang/invoke/LambdaForm$MH+0x0000028b1c6a3400
# instanceKlass java/lang/invoke/LambdaForm$MH+0x0000028b1c6a3000
# instanceKlass java/lang/invoke/LambdaForm$MH+0x0000028b1c6a2c00
# instanceKlass java/lang/invoke/LambdaForm$MH+0x0000028b1c6a2800
# instanceKlass java/lang/invoke/LambdaForm$MH+0x0000028b1c6a2400
# instanceKlass java/lang/invoke/LambdaForm$MH+0x0000028b1c6a2000
# instanceKlass java/lang/invoke/LambdaForm$MH+0x0000028b1c6a1c00
# instanceKlass java/lang/invoke/LambdaForm$MH+0x0000028b1c6a1800
# instanceKlass java/lang/invoke/LambdaForm$MH+0x0000028b1c6a1400
# instanceKlass java/lang/invoke/LambdaForm$MH+0x0000028b1c6a1000
# instanceKlass java/lang/invoke/LambdaForm$MH+0x0000028b1c6a0c00
# instanceKlass java/lang/invoke/LambdaForm$MH+0x0000028b1c6a0800
# instanceKlass java/lang/invoke/LambdaForm$MH+0x0000028b1c6a0400
# instanceKlass java/lang/invoke/LambdaForm$BMH+0x0000028b1c6a0000
# instanceKlass java/lang/invoke/LambdaForm$DMH+0x0000028b1c69fc00
# instanceKlass java/lang/invoke/LambdaForm$DMH+0x0000028b1c69f800
# instanceKlass java/lang/invoke/LambdaForm$MH+0x0000028b1c69f400
# instanceKlass java/lang/invoke/LambdaForm$MH+0x0000028b1c69f000
# instanceKlass java/lang/invoke/LambdaForm$MH+0x0000028b1c69ec00
# instanceKlass java/lang/invoke/LambdaForm$MH+0x0000028b1c69e800
# instanceKlass java/lang/invoke/LambdaForm$MH+0x0000028b1c69e400
# instanceKlass java/lang/invoke/LambdaForm$MH+0x0000028b1c69e000
# instanceKlass java/lang/invoke/LambdaForm$MH+0x0000028b1c69dc00
# instanceKlass java/lang/invoke/LambdaForm$MH+0x0000028b1c69d800
instanceKlass org/gradle/internal/service/scopes/ProjectBackedPropertyHost
# instanceKlass java/lang/invoke/LambdaForm$MH+0x0000028b1c69d400
# instanceKlass java/lang/invoke/LambdaForm$MH+0x0000028b1c69d000
# instanceKlass java/lang/invoke/LambdaForm$MH+0x0000028b1c69cc00
# instanceKlass java/lang/invoke/LambdaForm$MH+0x0000028b1c69c800
# instanceKlass java/lang/invoke/LambdaForm$MH+0x0000028b1c69c400
# instanceKlass java/lang/invoke/LambdaForm$MH+0x0000028b1c69c000
instanceKlass  @bci org/gradle/internal/service/scopes/ProjectScopeServices createTemporaryFileProvider ()Lorg/gradle/api/internal/file/temp/TemporaryFileProvider; 5 <appendix> member <vmtarget> ; # org/gradle/internal/service/scopes/ProjectScopeServices$$Lambda+0x0000028b1c694e38
instanceKlass org/gradle/nativeplatform/internal/CompilerOutputFileNamingScheme
instanceKlass org/gradle/api/internal/artifacts/configurations/ResolutionStrategyInternal
instanceKlass org/gradle/api/artifacts/ResolutionStrategy
instanceKlass org/gradle/api/artifacts/type/ArtifactTypeContainer
instanceKlass org/gradle/util/internal/DistributionLocator
instanceKlass  @bci org/gradle/buildinit/plugins/WrapperPlugin_Decorated $gradleInit ()V 1 <appendix> member <vmtarget> ; # org/gradle/buildinit/plugins/WrapperPlugin_Decorated$$Lambda+0x0000028b1c699720
instanceKlass org/gradle/api/tasks/wrapper/WrapperVersionsResources
instanceKlass org/gradle/buildinit/plugins/WrapperPlugin
instanceKlass  @bci org/gradle/buildinit/plugins/BuildInitPlugin apply (Lorg/gradle/api/Project;)V 20 <appendix> member <vmtarget> ; # org/gradle/buildinit/plugins/BuildInitPlugin$$Lambda+0x0000028b1c698228
instanceKlass  @bci org/gradle/buildinit/plugins/BuildInitPlugin_Decorated $gradleInit ()V 1 <appendix> member <vmtarget> ; # org/gradle/buildinit/plugins/BuildInitPlugin_Decorated$$Lambda+0x0000028b1c698000
instanceKlass org/gradle/buildinit/plugins/BuildInitPlugin
instanceKlass org/gradle/kotlin/dsl/tooling/builders/AbstractKotlinDslScriptsModelBuilder$Companion
instanceKlass org/gradle/kotlin/dsl/tooling/builders/AbstractKotlinDslScriptsModelBuilder
instanceKlass org/gradle/kotlin/dsl/tooling/builders/internal/IsolatedScriptsModelBuilder
instanceKlass kotlin/collections/ArraysUtilJVM
instanceKlass kotlin/collections/ArraysKt__ArraysJVMKt
instanceKlass kotlin/collections/CollectionsKt__CollectionsJVMKt
instanceKlass org/gradle/kotlin/dsl/tooling/builders/KotlinBuildScriptTemplateModelBuilder
instanceKlass org/gradle/kotlin/dsl/tooling/builders/KotlinBuildScriptModelBuilder
instanceKlass org/gradle/declarative/dsl/tooling/builders/DeclarativeSchemaModelBuilder
instanceKlass org/gradle/tooling/internal/protocol/cpp/InternalCppTestSuite
instanceKlass org/gradle/tooling/internal/protocol/cpp/InternalCppLibrary
instanceKlass org/gradle/tooling/internal/protocol/cpp/InternalCppApplication
instanceKlass org/gradle/language/cpp/internal/tooling/DefaultCppComponentModel
instanceKlass org/gradle/language/cpp/CppComponent
instanceKlass org/gradle/language/ComponentWithTargetMachines
instanceKlass org/gradle/language/ComponentWithDependencies
instanceKlass org/gradle/language/ComponentWithBinaries
instanceKlass org/gradle/language/cpp/internal/tooling/CppModelBuilder
instanceKlass org/gradle/tooling/provider/model/internal/PluginApplyingBuilder
instanceKlass org/gradle/plugins/ide/idea/model/IdeaModule
instanceKlass org/gradle/plugins/ide/internal/tooling/IsolatedIdeaModuleInternalBuilder
instanceKlass org/gradle/plugins/ide/internal/tooling/IsolatedGradleProjectInternalBuilder
instanceKlass org/gradle/plugins/ide/internal/tooling/BuildEnvironmentBuilder
instanceKlass org/gradle/tooling/model/GradleModuleVersion
instanceKlass org/gradle/plugins/ide/internal/tooling/PublicationsBuilder
instanceKlass org/gradle/plugins/ide/internal/tooling/model/TaskNameComparator
instanceKlass org/gradle/plugins/ide/internal/tooling/BuildInvocationsBuilder
instanceKlass org/gradle/plugins/ide/internal/tooling/BasicIdeaModelBuilder
instanceKlass org/gradle/plugins/ide/internal/tooling/model/PartialBasicGradleProject
instanceKlass org/gradle/plugins/ide/internal/tooling/GradleBuildBuilder
instanceKlass org/gradle/tooling/provider/model/internal/BuildScopeModelBuilder
instanceKlass org/gradle/plugins/ide/internal/configurer/HierarchicalElementAdapter
instanceKlass org/gradle/plugins/ide/internal/configurer/EclipseModelAwareUniqueProjectNameProvider
instanceKlass org/gradle/plugins/ide/eclipse/model/AbstractClasspathEntry
instanceKlass org/gradle/plugins/ide/eclipse/model/ClasspathEntry
instanceKlass org/objectweb/asm/Opcodes
instanceKlass org/gradle/plugins/ide/internal/tooling/EclipseModelBuilder
instanceKlass org/gradle/plugins/ide/internal/tooling/RunEclipseTasksBuilder
instanceKlass org/gradle/plugins/ide/internal/tooling/RunBuildDependenciesTaskBuilder
instanceKlass org/gradle/tooling/provider/model/ParameterizedToolingModelBuilder
instanceKlass org/gradle/tooling/model/idea/IdeaCompilerOutput
instanceKlass org/gradle/tooling/model/idea/IdeaLanguageLevel
instanceKlass org/gradle/plugins/ide/internal/tooling/IdeaModelBuilder
instanceKlass org/gradle/plugins/ide/internal/tooling/model/LaunchableGradleTask
instanceKlass org/gradle/tooling/internal/protocol/InternalLaunchable
instanceKlass org/gradle/tooling/internal/gradle/GradleProjectIdentity
instanceKlass org/gradle/tooling/internal/gradle/GradleBuildIdentity
instanceKlass org/gradle/plugins/ide/internal/tooling/GradleProjectBuilder
instanceKlass  @bci org/gradle/internal/service/scopes/BuildScopeServices createBuildScopedToolingModelBuilders (Ljava/util/List;Lorg/gradle/internal/operations/BuildOperationRunner;Lorg/gradle/api/internal/project/ProjectStateRegistry;Lorg/gradle/internal/code/UserCodeApplicationContext;)Lorg/gradle/tooling/provider/model/internal/DefaultToolingModelBuilderRegistry; 18 <appendix> member <vmtarget> ; # org/gradle/internal/service/scopes/BuildScopeServices$$Lambda+0x0000028b1c68c5c0
instanceKlass org/gradle/tooling/provider/model/internal/DefaultToolingModelBuilderRegistry$RegistrationImpl
instanceKlass org/gradle/tooling/provider/model/internal/DefaultToolingModelBuilderRegistry$VoidToolingModelBuilder
instanceKlass org/gradle/tooling/provider/model/internal/ToolingModelBuilderLookup$Registration
instanceKlass org/gradle/tooling/provider/model/internal/ToolingModelBuilderLookup$Builder
instanceKlass org/gradle/declarative/dsl/tooling/builders/internal/BuildScopeToolingServices$createIdeBuildScopeToolingModelBuilderRegistryAction$1
instanceKlass org/gradle/plugins/ide/internal/tooling/IdeaModelBuilderInternal
instanceKlass org/gradle/plugins/ide/internal/tooling/GradleProjectBuilderInternal
instanceKlass org/gradle/plugins/ide/internal/tooling/ToolingModelServices$BuildScopeToolingServices$1
# instanceKlass java/lang/invoke/LambdaForm$MH+0x0000028b1c688800
# instanceKlass java/lang/invoke/LambdaForm$MH+0x0000028b1c688400
# instanceKlass java/lang/invoke/LambdaForm$MH+0x0000028b1c688000
# instanceKlass java/lang/invoke/LambdaForm$MH+0x0000028b1c685c00
# instanceKlass java/lang/invoke/LambdaForm$MH+0x0000028b1c685800
# instanceKlass java/lang/invoke/LambdaForm$MH+0x0000028b1c685400
# instanceKlass java/lang/invoke/LambdaForm$MH+0x0000028b1c685000
instanceKlass org/gradle/api/internal/project/DefaultProjectTaskLister
instanceKlass org/gradle/tooling/provider/model/internal/DefaultIntermediateToolingModelProvider
instanceKlass org/gradle/tooling/provider/model/internal/ToolingModelProjectDependencyListener
instanceKlass  @bci org/gradle/jvm/toolchain/internal/task/ShowToolchainsTaskConfigurator execute (Lorg/gradle/api/internal/project/ProjectInternal;)V 10 <appendix> argL0 ; # org/gradle/jvm/toolchain/internal/task/ShowToolchainsTaskConfigurator$$Lambda+0x0000028b1c67ea60
instanceKlass org/gradle/api/internal/provider/Collectors$SingleElement
instanceKlass org/gradle/api/internal/collections/FilteredElementSource$FilteringIterator
instanceKlass org/gradle/api/internal/collections/CollectionFilter$1
instanceKlass  @bci org/gradle/api/plugins/HelpTasksPlugin apply (Lorg/gradle/api/Project;)V 202 <appendix> argL0 ; # org/gradle/api/plugins/HelpTasksPlugin$$Lambda+0x0000028b1c67de70
instanceKlass  @bci org/gradle/api/internal/tasks/DefaultRealizableTaskCollection_Decorated $gradleInit ()V 1 <appendix> member <vmtarget> ; # org/gradle/api/internal/tasks/DefaultRealizableTaskCollection_Decorated$$Lambda+0x0000028b1c6833c0
instanceKlass  @bci org/gradle/api/internal/tasks/DefaultTaskCollection_Decorated $gradleInit ()V 1 <appendix> member <vmtarget> ; # org/gradle/api/internal/tasks/DefaultTaskCollection_Decorated$$Lambda+0x0000028b1c673d60
instanceKlass org/gradle/api/internal/DefaultNamedDomainObjectCollection$FilteredIndex
instanceKlass org/gradle/api/internal/collections/DefaultCollectionEventRegister$FilteredEventRegister
instanceKlass org/gradle/api/internal/collections/FilteredElementSource
# instanceKlass java/lang/invoke/LambdaForm$MH+0x0000028b1c684c00
# instanceKlass java/lang/invoke/LambdaForm$MH+0x0000028b1c684800
# instanceKlass java/lang/invoke/LambdaForm$MH+0x0000028b1c684400
# instanceKlass java/lang/invoke/LambdaForm$MH+0x0000028b1c684000
instanceKlass org/gradle/api/specs/Specs$2
instanceKlass org/gradle/api/specs/Specs$1
instanceKlass org/gradle/api/specs/Specs
instanceKlass org/gradle/api/internal/DelegatingDomainObjectSet
instanceKlass  @bci org/gradle/api/plugins/HelpTasksPlugin apply (Lorg/gradle/api/Project;)V 183 <appendix> member <vmtarget> ; # org/gradle/api/plugins/HelpTasksPlugin$$Lambda+0x0000028b1c67dc48
instanceKlass  @bci org/gradle/api/plugins/HelpTasksPlugin apply (Lorg/gradle/api/Project;)V 166 <appendix> member <vmtarget> ; # org/gradle/api/plugins/HelpTasksPlugin$$Lambda+0x0000028b1c677bc0
instanceKlass org/objectweb/asm/Context
instanceKlass org/objectweb/asm/ClassReader
instanceKlass org/gradle/api/internal/DefaultCollectionCallbackActionDecorator$BuildOperationEmittingAction
instanceKlass  @bci org/gradle/plugin/software/internal/DefaultSoftwareTypeRegistry isRegistered (Ljava/lang/Class;)Z 15 <appendix> member <vmtarget> ; # org/gradle/plugin/software/internal/DefaultSoftwareTypeRegistry$$Lambda+0x0000028b1c676518
instanceKlass  @bci org/gradle/api/plugins/HelpTasksPlugin_Decorated $gradleInit ()V 1 <appendix> member <vmtarget> ; # org/gradle/api/plugins/HelpTasksPlugin_Decorated$$Lambda+0x0000028b1c6762f0
instanceKlass org/gradle/api/reporting/Reporting
instanceKlass org/gradle/api/internal/plugins/DefaultPluginManager$OperationDetails
instanceKlass org/gradle/internal/operations/trace/CustomOperationTraceSerialization
instanceKlass org/gradle/api/internal/plugins/ApplyPluginBuildOperationType$Details
instanceKlass org/gradle/api/internal/plugins/DefaultPluginManager$AddPluginBuildOperation
instanceKlass  @bci org/gradle/api/internal/plugins/DefaultPluginManager doApply (Lorg/gradle/api/internal/plugins/PluginImplementation;)V 139 <appendix> member <vmtarget> ; # org/gradle/api/internal/plugins/DefaultPluginManager$$Lambda+0x0000028b1c671a58
instanceKlass org/gradle/api/internal/plugins/DefaultPluginManager$1
instanceKlass org/gradle/api/internal/plugins/DefaultPotentialPluginWithId
instanceKlass org/gradle/api/internal/plugins/PluginInspector$PotentialImperativeClassPlugin
instanceKlass com/google/common/base/Predicates
instanceKlass org/gradle/model/internal/inspect/ModelRuleSourceDetector$3
instanceKlass org/gradle/api/plugins/HelpTasksPlugin$HelpAction
instanceKlass org/gradle/api/plugins/HelpTasksPlugin$ProjectReportTaskAction
instanceKlass org/gradle/api/plugins/HelpTasksPlugin$TaskReportTaskAction
instanceKlass org/gradle/api/plugins/HelpTasksPlugin$PropertyReportTaskAction
instanceKlass org/gradle/api/plugins/HelpTasksPlugin$DependencyInsightReportTaskAction
instanceKlass org/gradle/api/plugins/HelpTasksPlugin$DependencyReportTaskAction
instanceKlass org/gradle/api/plugins/HelpTasksPlugin$BuildEnvironmentReportTaskAction
instanceKlass org/gradle/api/plugins/HelpTasksPlugin$ComponentReportAction
instanceKlass org/gradle/api/plugins/HelpTasksPlugin$ModelReportAction
instanceKlass org/gradle/api/plugins/HelpTasksPlugin$DependentComponentsReportAction
instanceKlass org/gradle/api/plugins/HelpTasksPlugin
instanceKlass org/gradle/api/internal/plugins/PluginDescriptor
instanceKlass org/gradle/api/internal/plugins/ClassloaderBackedPluginDescriptorLocator
instanceKlass org/gradle/api/internal/plugins/DefaultPluginRegistry$PluginIdLookupCacheKey
instanceKlass java/util/DualPivotQuicksort
instanceKlass org/gradle/plugin/use/internal/DefaultPluginId
instanceKlass org/gradle/api/internal/plugins/PluginInstantiator
instanceKlass org/gradle/api/internal/plugins/AddSoftwareTypesAsExtensionsPluginTarget$ExtensionAddingVisitor
instanceKlass org/gradle/api/internal/plugins/AddSoftwareTypesAsExtensionsPluginTarget
instanceKlass org/gradle/api/internal/plugins/RuleBasedPluginTarget
# instanceKlass java/lang/invoke/LambdaForm$MH+0x0000028b1c66d800
# instanceKlass java/lang/invoke/LambdaForm$MH+0x0000028b1c66d400
# instanceKlass java/lang/invoke/LambdaForm$MH+0x0000028b1c66d000
# instanceKlass java/lang/invoke/LambdaForm$MH+0x0000028b1c66cc00
# instanceKlass java/lang/invoke/LambdaForm$MH+0x0000028b1c66c800
# instanceKlass java/lang/invoke/LambdaForm$MH+0x0000028b1c66c400
# instanceKlass java/lang/invoke/LambdaForm$MH+0x0000028b1c66c000
instanceKlass org/gradle/api/internal/DefaultNamedDomainObjectCollection$ProviderBackedElementInfo
instanceKlass org/gradle/api/internal/DefaultNamedDomainObjectCollection$ElementInfo
instanceKlass org/gradle/api/internal/provider/Collectors$ElementFromProvider
instanceKlass org/gradle/api/internal/provider/Collectors$TypedCollector
instanceKlass org/gradle/api/internal/provider/Collectors$ProvidedCollector
instanceKlass org/gradle/api/internal/provider/ChangingValue
instanceKlass  @bci org/gradle/api/internal/tasks/DefaultTaskContainer$TaskCreatingProvider_Decorated $gradleInit ()V 1 <appendix> member <vmtarget> ; # org/gradle/api/internal/tasks/DefaultTaskContainer$TaskCreatingProvider_Decorated$$Lambda+0x0000028b1c668860
instanceKlass com/google/common/reflect/Reflection
instanceKlass com/google/common/reflect/Types$TypeVariableInvocationHandler
instanceKlass com/google/common/reflect/Types$TypeVariableImpl
instanceKlass com/google/common/reflect/Types$NativeTypeVariableEquals
instanceKlass org/gradle/api/internal/provider/ValueSupplier$SideEffect
instanceKlass org/gradle/api/internal/provider/ValueSupplier$ExecutionTimeValue
instanceKlass org/gradle/api/internal/provider/ValueSupplier$ValueProducer
instanceKlass org/gradle/api/internal/tasks/DefaultTaskContainer$RegisterDetails
instanceKlass org/gradle/api/internal/tasks/RegisterTaskBuildOperationType$Details
instanceKlass org/apache/commons/lang/text/StrTokenizer
instanceKlass org/apache/commons/lang/text/StrBuilder
instanceKlass org/gradle/api/internal/tasks/DefaultTaskContainer$3
instanceKlass  @bci org/gradle/internal/id/ConfigurationCacheableIdFactory createId ()J 4 <appendix> argL0 ; # org/gradle/internal/id/ConfigurationCacheableIdFactory$$Lambda+0x0000028b1c666000
instanceKlass  @cpi org/gradle/internal/id/ConfigurationCacheableIdFactory 53 form vmentry <vmtarget> ; # java/lang/invoke/LambdaForm$DMH+0x0000028b1c664000
instanceKlass java/util/function/LongUnaryOperator
instanceKlass org/gradle/model/internal/registry/RuleBindings$ScopeIndex
instanceKlass org/gradle/model/internal/registry/RuleBindings$PredicateMatches
instanceKlass  @bci org/gradle/internal/service/scopes/ProjectScopeServices lambda$createModelRegistry$4 (Ljava/lang/Runnable;)V 10 <appendix> member <vmtarget> ; # org/gradle/internal/service/scopes/ProjectScopeServices$$Lambda+0x0000028b1c663410
instanceKlass  @bci org/gradle/model/internal/registry/DefaultModelRegistry transitionTo (Lorg/gradle/model/internal/registry/DefaultModelRegistry$GoalGraph;Lorg/gradle/model/internal/registry/DefaultModelRegistry$ModelGoal;)V 7 <appendix> member <vmtarget> ; # org/gradle/model/internal/registry/DefaultModelRegistry$$Lambda+0x0000028b1c6631e8
instanceKlass org/gradle/model/internal/registry/DefaultModelRegistry$5
instanceKlass org/gradle/model/internal/registry/NodeAtState
instanceKlass org/gradle/model/internal/registry/DefaultModelRegistry$GoalGraph
instanceKlass org/gradle/model/internal/registry/RuleBindings$NodeAtStateIndex
instanceKlass org/gradle/model/internal/registry/RuleBindings$TypePredicateIndex
instanceKlass org/gradle/model/internal/registry/RuleBindings$PathPredicateIndex
instanceKlass org/gradle/model/internal/registry/RuleBindings
instanceKlass org/gradle/model/internal/registry/ModelGraph
instanceKlass org/gradle/model/internal/core/DefaultModelRegistration
instanceKlass org/gradle/model/internal/core/AbstractModelAction
instanceKlass org/gradle/model/internal/core/EmptyModelProjection
instanceKlass org/gradle/model/internal/core/ModelProjection
instanceKlass org/gradle/model/internal/core/ModelAdapter
instanceKlass org/gradle/model/internal/core/ModelPromise
instanceKlass org/gradle/model/internal/core/ModelRegistrations$Builder$DescriptorReference
instanceKlass org/gradle/model/internal/core/ModelRegistration
instanceKlass org/gradle/model/internal/core/ModelAction
instanceKlass org/gradle/model/internal/core/ModelRegistrations$Builder
instanceKlass org/gradle/model/internal/core/ModelRegistrations
instanceKlass  @bci org/gradle/internal/service/scopes/ProjectScopeServices createModelRegistry (Lorg/gradle/model/internal/inspect/ModelRuleExtractor;)Lorg/gradle/model/internal/registry/ModelRegistry; 15 <appendix> member <vmtarget> ; # org/gradle/internal/service/scopes/ProjectScopeServices$$Lambda+0x0000028b1c65b8b8
instanceKlass org/gradle/model/internal/registry/BoringProjectState
instanceKlass org/gradle/model/internal/registry/DefaultModelRegistry$ModelGoal
instanceKlass org/gradle/model/internal/core/ModelPredicate
instanceKlass org/gradle/model/internal/registry/ModelNodeInternal
instanceKlass org/gradle/model/internal/registry/DefaultModelRegistry
instanceKlass org/gradle/model/internal/registry/ModelRegistryInternal
instanceKlass com/google/common/collect/FluentIterable
instanceKlass org/gradle/model/internal/inspect/ModelRuleExtractor$CachedRuleSource
instanceKlass org/gradle/model/internal/inspect/MethodModelRuleExtractionContext
instanceKlass org/gradle/model/Rules
instanceKlass org/gradle/model/Validate
instanceKlass org/gradle/model/Finalize
instanceKlass org/gradle/model/Mutate
instanceKlass org/gradle/model/Defaults
instanceKlass org/gradle/model/internal/core/NodeInitializerRegistry
instanceKlass org/gradle/model/Model
instanceKlass org/gradle/model/internal/inspect/MethodModelRuleExtractors
# instanceKlass java/lang/invoke/LambdaForm$MH+0x0000028b1c658800
# instanceKlass java/lang/invoke/LambdaForm$MH+0x0000028b1c658400
# instanceKlass java/lang/invoke/LambdaForm$MH+0x0000028b1c658000
instanceKlass org/gradle/model/internal/manage/instance/ManagedInstance
instanceKlass org/gradle/model/internal/manage/schema/extract/ManagedProxyClassGenerator$GeneratedView
instanceKlass org/gradle/model/internal/manage/instance/ModelElementState
instanceKlass org/gradle/model/internal/manage/instance/GeneratedViewState
instanceKlass org/gradle/internal/reflect/Types$TypeVisitor
instanceKlass org/gradle/model/internal/manage/binding/StructMethodBinding
instanceKlass org/gradle/model/internal/manage/binding/StructBindings
instanceKlass org/gradle/model/internal/manage/binding/StructBindingValidationProblemCollector
instanceKlass org/gradle/model/internal/manage/binding/DefaultStructBindingsStore
instanceKlass org/gradle/platform/base/ComponentBinaries
instanceKlass org/gradle/platform/base/ComponentType
instanceKlass org/gradle/platform/base/VariantComponentSpec
instanceKlass org/gradle/platform/base/VariantComponent
instanceKlass org/gradle/platform/base/SourceComponentSpec
instanceKlass org/gradle/language/base/LanguageSourceSet
instanceKlass org/gradle/model/internal/typeregistration/BaseInstanceFactory
instanceKlass org/gradle/model/internal/typeregistration/InstanceFactory
instanceKlass org/gradle/model/internal/manage/schema/cache/ModelSchemaCache
instanceKlass org/gradle/model/internal/manage/schema/extract/DefaultModelSchemaStore
instanceKlass org/gradle/model/RuleSource
instanceKlass org/gradle/model/internal/manage/schema/extract/StructSchemaExtractionStrategySupport
instanceKlass org/gradle/model/internal/manage/schema/extract/JavaUtilCollectionStrategy
instanceKlass org/gradle/model/internal/manage/schema/extract/ModelMapStrategy
instanceKlass org/gradle/model/internal/manage/schema/extract/AbstractProxyClassGenerator
instanceKlass org/gradle/model/internal/manage/schema/extract/SpecializedMapStrategy
instanceKlass org/gradle/model/internal/type/WildcardTypeWrapper
instanceKlass org/gradle/model/internal/type/WildcardWrapper
instanceKlass org/gradle/model/ModelSet
instanceKlass org/gradle/model/internal/manage/schema/CompositeSchema
instanceKlass org/gradle/model/internal/manage/schema/AbstractModelSchema
instanceKlass org/gradle/model/internal/manage/schema/ManagedImplSchema
instanceKlass org/gradle/model/internal/manage/schema/extract/ModelSetStrategy
instanceKlass org/gradle/model/internal/manage/schema/extract/JdkValueTypeStrategy
instanceKlass org/gradle/model/internal/manage/schema/extract/EnumStrategy
instanceKlass org/gradle/model/internal/manage/schema/ModelSchema
instanceKlass org/gradle/model/internal/manage/schema/extract/PrimitiveStrategy
instanceKlass org/gradle/model/internal/manage/schema/extract/ModelSchemaExtractionContext
instanceKlass org/gradle/model/internal/manage/schema/extract/DefaultModelSchemaExtractor
instanceKlass org/gradle/platform/base/BinaryTasks
instanceKlass org/gradle/model/internal/core/ModelPath$Cache
instanceKlass com/google/common/base/Platform$JdkPatternCompiler
instanceKlass com/google/common/base/PatternCompiler
instanceKlass com/google/common/base/Platform
instanceKlass org/gradle/platform/base/BinaryContainer
instanceKlass org/gradle/model/ModelMap
instanceKlass org/gradle/model/internal/type/ParameterizedTypeWrapper
instanceKlass org/gradle/model/internal/inspect/ExtractedModelRule
instanceKlass org/gradle/model/internal/inspect/RuleSourceValidationProblemCollector
instanceKlass org/gradle/model/internal/inspect/AbstractAnnotationDrivenModelRuleExtractor
instanceKlass org/gradle/model/internal/manage/schema/extract/ModelSchemaAspect
instanceKlass org/gradle/platform/base/internal/VariantAspectExtractionStrategy
instanceKlass  @bci org/gradle/internal/buildconfiguration/DaemonJvmPropertiesConfigurator execute (Lorg/gradle/api/internal/project/ProjectInternal;)V 20 <appendix> member <vmtarget> ; # org/gradle/internal/buildconfiguration/DaemonJvmPropertiesConfigurator$$Lambda+0x0000028b1c64e318
instanceKlass org/gradle/configuration/project/NotifyProjectBeforeEvaluatedBuildOperationType$1
instanceKlass org/gradle/configuration/project/NotifyProjectBeforeEvaluatedBuildOperationType$Result
instanceKlass org/gradle/configuration/project/NotifyProjectBeforeEvaluatedBuildOperationType
instanceKlass  @bci org/gradle/api/internal/catalog/DefaultDependenciesAccessors$DefaultVersionCatalogsExtension_Decorated $gradleInit ()V 1 <appendix> member <vmtarget> ; # org/gradle/api/internal/catalog/DefaultDependenciesAccessors$DefaultVersionCatalogsExtension_Decorated$$Lambda+0x0000028b1c6488f0
instanceKlass org/gradle/api/artifacts/VersionCatalog
instanceKlass org/gradle/api/internal/catalog/DefaultDependenciesAccessors$DefaultVersionCatalogsExtension
instanceKlass org/gradle/api/artifacts/VersionCatalogsExtension
instanceKlass  @bci org/gradle/api/internal/project/DefaultProject getExtensions ()Lorg/gradle/api/internal/plugins/ExtensionContainerInternal; 1 <appendix> member <vmtarget> ; # org/gradle/api/internal/project/DefaultProject$$Lambda+0x0000028b1c64cd20
instanceKlass org/gradle/util/internal/NameValidator
instanceKlass org/gradle/configuration/project/LifecycleProjectEvaluator$NotifyProjectBeforeEvaluatedDetails
instanceKlass org/gradle/configuration/project/NotifyProjectBeforeEvaluatedBuildOperationType$Details
instanceKlass org/gradle/configuration/project/LifecycleProjectEvaluator$NotifyBeforeEvaluate
instanceKlass  @bci org/gradle/configuration/project/LifecycleProjectEvaluator$EvaluateProject run (Lorg/gradle/internal/operations/BuildOperationContext;)V 11 <appendix> member <vmtarget> ; # org/gradle/configuration/project/LifecycleProjectEvaluator$EvaluateProject$$Lambda+0x0000028b1c64c250
instanceKlass org/gradle/configuration/project/LifecycleProjectEvaluator$ConfigureProjectDetails
instanceKlass org/gradle/configuration/project/ConfigureProjectBuildOperationType$Details
instanceKlass org/gradle/configuration/project/LifecycleProjectEvaluator$EvaluateProject
instanceKlass org/gradle/configuration/project/LifecycleProjectEvaluator
instanceKlass org/gradle/configuration/project/DelayedConfigurationActions
instanceKlass org/gradle/configuration/project/BuildScriptProcessor
instanceKlass org/gradle/buildinit/plugins/internal/action/WrapperPluginAutoApplyAction
instanceKlass org/gradle/buildinit/plugins/internal/action/BuildInitAutoApplyAction
instanceKlass org/gradle/kotlin/dsl/tooling/builders/internal/KotlinScriptingModelBuildersRegistrationAction
instanceKlass org/gradle/jvm/toolchain/internal/task/ShowToolchainsTaskConfigurator
instanceKlass org/gradle/api/plugins/internal/HelpTasksAutoApplyAction
instanceKlass org/gradle/internal/buildconfiguration/DaemonJvmPropertiesConfigurator
instanceKlass org/gradle/configuration/project/ConfigureActionsProjectEvaluator
# instanceKlass java/lang/invoke/LambdaForm$MH+0x0000028b1c645800
# instanceKlass java/lang/invoke/LambdaForm$MH+0x0000028b1c645400
# instanceKlass java/lang/invoke/LambdaForm$MH+0x0000028b1c645000
# instanceKlass java/lang/invoke/LambdaForm$MH+0x0000028b1c639c00
instanceKlass  @bci org/gradle/internal/model/StateTransitionController maybeTransitionIfNotCurrentlyTransitioning (Lorg/gradle/internal/model/StateTransitionController$State;Lorg/gradle/internal/model/StateTransitionController$State;Ljava/lang/Runnable;)V 8 <appendix> member <vmtarget> ; # org/gradle/internal/model/StateTransitionController$$Lambda+0x0000028b1c642b28
instanceKlass  @bci org/gradle/api/internal/project/ProjectLifecycleController ensureSelfConfigured ()V 11 <appendix> member <vmtarget> ; # org/gradle/api/internal/project/ProjectLifecycleController$$Lambda+0x0000028b1c642900
instanceKlass org/gradle/configuration/internal/ExecuteListenerBuildOperationType$1
instanceKlass org/gradle/configuration/internal/ExecuteListenerBuildOperationType$Result
instanceKlass org/gradle/configuration/internal/ExecuteListenerBuildOperationType
instanceKlass org/gradle/internal/operations/BuildOperationType
instanceKlass  @bci org/gradle/internal/classpath/DefaultInstrumentedClosuresTracker leaveClosure (Lorg/gradle/internal/classpath/InstrumentableClosure;)V 5 <appendix> argL0 ; # org/gradle/internal/classpath/DefaultInstrumentedClosuresTracker$$Lambda+0x0000028b1c641ec0
instanceKlass org/gradle/configuration/internal/DefaultListenerBuildOperationDecorator$1
instanceKlass org/gradle/listener/ClosureBackedMethodInvocationDispatch
instanceKlass org/xml/sax/Attributes
instanceKlass org/apache/tools/ant/BuildLogger
instanceKlass org/apache/tools/ant/BuildListener
instanceKlass org/xml/sax/Locator
instanceKlass sun/reflect/generics/tree/BooleanSignature
instanceKlass  @bci org/codehaus/groovy/runtime/metaclass/ClosureMetaClass assignMethodChooser ()V 66 <appendix> member <vmtarget> ; # org/codehaus/groovy/runtime/metaclass/ClosureMetaClass$$Lambda+0x0000028b1c641610
instanceKlass  @bci org/gradle/internal/classpath/DefaultInstrumentedClosuresTracker enterClosure (Lorg/gradle/internal/classpath/InstrumentableClosure;)V 6 <appendix> argL0 ; # org/gradle/internal/classpath/DefaultInstrumentedClosuresTracker$$Lambda+0x0000028b1c641368
instanceKlass it/unimi/dsi/fastutil/ints/IntBinaryOperator
instanceKlass it/unimi/dsi/fastutil/objects/Object2IntMap$FastEntrySet
instanceKlass it/unimi/dsi/fastutil/ints/IntCollection
instanceKlass it/unimi/dsi/fastutil/ints/IntIterable
instanceKlass java/util/function/IntBinaryOperator
instanceKlass it/unimi/dsi/fastutil/objects/AbstractObject2IntFunction
instanceKlass  @bci org/gradle/internal/classpath/InstrumentedClosuresHelper <clinit> ()V 4 <appendix> argL0 ; # org/gradle/internal/classpath/InstrumentedClosuresHelper$$Lambda+0x0000028b1c63b150
instanceKlass it/unimi/dsi/fastutil/objects/Object2IntMap
instanceKlass it/unimi/dsi/fastutil/objects/Object2IntFunction
instanceKlass org/gradle/internal/classpath/DefaultInstrumentedClosuresTracker
instanceKlass org/gradle/internal/classpath/PerThreadInstrumentedClosuresTracker
instanceKlass org/gradle/internal/classpath/InstrumentedClosuresTracker
instanceKlass org/gradle/internal/classpath/InstrumentedClosuresHelper
instanceKlass org/gradle/util/internal/ClosureBackedAction
instanceKlass org/gradle/api/internal/project/ProjectOrderingUtil
instanceKlass  @bci org/gradle/api/internal/project/DefaultProjectRegistry getSubProjects (Ljava/lang/String;)Ljava/util/Set; 13 <appendix> argL0 ; # org/gradle/api/internal/project/DefaultProjectRegistry$$Lambda+0x0000028b1c63fa30
instanceKlass org/gradle/configuration/internal/DefaultListenerBuildOperationDecorator$ExecuteListenerDetails
instanceKlass org/gradle/configuration/internal/ExecuteListenerBuildOperationType$Details
instanceKlass org/gradle/configuration/internal/DefaultListenerBuildOperationDecorator$Operation
instanceKlass org/gradle/api/internal/DefaultMutationGuard$1
instanceKlass org/gradle/api/internal/project/BuildOperationCrossProjectConfigurator$CrossConfigureProjectBuildOperation
instanceKlass org/gradle/internal/resources/DefaultResourceLockCoordinationService$ReleaseLocks
instanceKlass org/gradle/internal/work/DefaultWorkerLeaseService$4$1
instanceKlass org/gradle/internal/resources/DefaultResourceLockCoordinationService$2
instanceKlass org/gradle/internal/MutableReference
instanceKlass org/gradle/internal/work/DefaultWorkerLeaseService$4
instanceKlass  @bci org/gradle/api/internal/project/DefaultProjectStateRegistry$ProjectStateImpl fromMutableState (Ljava/util/function/Function;)Ljava/lang/Object; 127 <appendix> member <vmtarget> ; # org/gradle/api/internal/project/DefaultProjectStateRegistry$ProjectStateImpl$$Lambda+0x0000028b1c63dd50
instanceKlass  @bci org/gradle/api/internal/project/DefaultProjectStateRegistry$ProjectStateImpl applyToMutableState (Ljava/util/function/Consumer;)V 2 <appendix> member <vmtarget> ; # org/gradle/api/internal/project/DefaultProjectStateRegistry$ProjectStateImpl$$Lambda+0x0000028b1c63db08
instanceKlass  @bci org/gradle/api/internal/project/BuildOperationCrossProjectConfigurator runProjectConfigureAction (Lorg/gradle/api/internal/project/ProjectInternal;Lorg/gradle/api/Action;)V 9 <appendix> member <vmtarget> ; # org/gradle/api/internal/project/BuildOperationCrossProjectConfigurator$$Lambda+0x0000028b1c63d8d0
instanceKlass org/gradle/api/internal/project/BuildOperationCrossProjectConfigurator$BlockConfigureBuildOperation
instanceKlass org/gradle/initialization/NotifyingBuildLoader$3$1
instanceKlass org/gradle/initialization/NotifyProjectsLoadedBuildOperationType$Details
instanceKlass org/gradle/initialization/NotifyingBuildLoader$3
instanceKlass org/gradle/initialization/NotifyingBuildLoader$BuildStructureOperationResult
instanceKlass org/gradle/initialization/LoadProjectsBuildOperationType$Result
instanceKlass org/gradle/initialization/NotifyingBuildLoader$DefaultProjectsIdentifiedProgressDetails
instanceKlass org/gradle/initialization/ProjectsIdentifiedProgressDetails
instanceKlass  @bci org/gradle/initialization/BuildStructureOperationProject <clinit> ()V 0 <appendix> argL0 ; # org/gradle/initialization/BuildStructureOperationProject$$Lambda+0x0000028b1c63c2c0
instanceKlass org/gradle/initialization/BuildStructureOperationProject
instanceKlass  @bci org/gradle/api/internal/project/DefaultProjectStateRegistry$ProjectStateImpl getChildProjects ()Ljava/util/Set; 4 <appendix> argL0 ; # org/gradle/api/internal/project/DefaultProjectStateRegistry$ProjectStateImpl$$Lambda+0x0000028b1c637c30
instanceKlass org/gradle/api/internal/project/ProjectHierarchyUtils
instanceKlass org/gradle/initialization/ProjectPropertySettingBuildLoader$CachingPropertyApplicator
instanceKlass  @bci org/gradle/api/internal/project/ProjectFactory createProject (Lorg/gradle/api/internal/GradleInternal;Lorg/gradle/api/initialization/ProjectDescriptor;Lorg/gradle/api/internal/project/ProjectState;Lorg/gradle/api/internal/project/ProjectInternal;Lorg/gradle/internal/service/scopes/ServiceRegistryFactory;Lorg/gradle/api/internal/initialization/ClassLoaderScope;Lorg/gradle/api/internal/initialization/ClassLoaderScope;)Lorg/gradle/api/internal/project/ProjectInternal; 166 <appendix> member <vmtarget> ; # org/gradle/api/internal/project/ProjectFactory$$Lambda+0x0000028b1c6375e8
instanceKlass  @bci org/gradle/api/internal/project/DefaultProject_Decorated $gradleInit ()V 1 <appendix> member <vmtarget> ; # org/gradle/api/internal/project/DefaultProject_Decorated$$Lambda+0x0000028b1c636fd0
instanceKlass  @bci org/gradle/api/internal/project/DefaultProject <init> (Ljava/lang/String;Lorg/gradle/api/internal/project/ProjectInternal;Ljava/io/File;Ljava/io/File;Lorg/gradle/groovy/scripts/ScriptSource;Lorg/gradle/api/internal/GradleInternal;Lorg/gradle/api/internal/project/ProjectState;Lorg/gradle/internal/service/scopes/ServiceRegistryFactory;Lorg/gradle/api/internal/initialization/ClassLoaderScope;Lorg/gradle/api/internal/initialization/ClassLoaderScope;)V 281 <appendix> member <vmtarget> ; # org/gradle/api/internal/project/DefaultProject$$Lambda+0x0000028b1c636da8
instanceKlass org/gradle/internal/extensibility/ExtensibleDynamicObject$2
instanceKlass org/gradle/api/internal/project/DefaultCrossProjectModelAccess
instanceKlass org/gradle/internal/BiAction
instanceKlass org/gradle/api/internal/tasks/DefaultTaskContainerFactory$1
instanceKlass  @bci org/gradle/api/internal/tasks/DefaultTaskContainer_Decorated $gradleInit ()V 1 <appendix> member <vmtarget> ; # org/gradle/api/internal/tasks/DefaultTaskContainer_Decorated$$Lambda+0x0000028b1c635c28
# instanceKlass java/lang/invoke/LambdaForm$MH+0x0000028b1c639800
# instanceKlass java/lang/invoke/LambdaForm$MH+0x0000028b1c639400
# instanceKlass java/lang/invoke/LambdaForm$MH+0x0000028b1c639000
# instanceKlass java/lang/invoke/LambdaForm$MH+0x0000028b1c638c00
# instanceKlass java/lang/invoke/LambdaForm$MH+0x0000028b1c638800
# instanceKlass java/lang/invoke/LambdaForm$MH+0x0000028b1c638400
# instanceKlass java/lang/invoke/LambdaForm$MH+0x0000028b1c638000
# instanceKlass java/lang/invoke/LambdaForm$MH+0x0000028b1c62dc00
# instanceKlass java/lang/invoke/LambdaForm$MH+0x0000028b1c62d800
instanceKlass org/gradle/api/internal/tasks/DefaultTaskContainer$7
instanceKlass org/gradle/api/internal/tasks/DefaultTaskContainer$6
instanceKlass org/gradle/model/internal/core/MutableModelNode
instanceKlass org/gradle/model/internal/core/ModelNode
instanceKlass org/gradle/model/internal/core/ModelPath
instanceKlass org/gradle/api/tasks/TaskProvider
instanceKlass org/gradle/api/internal/project/taskfactory/TaskIdentity
instanceKlass org/gradle/api/internal/tasks/RealizeTaskBuildOperationType$Result
instanceKlass org/gradle/api/internal/tasks/RegisterTaskBuildOperationType$Result
instanceKlass org/gradle/api/internal/project/taskfactory/TaskFactory
instanceKlass org/gradle/api/internal/project/taskfactory/AnnotationProcessingTaskFactory
instanceKlass org/gradle/api/internal/project/taskfactory/TaskActionFactory
instanceKlass org/gradle/api/internal/project/taskfactory/DefaultTaskClassInfoStore
instanceKlass org/gradle/model/internal/core/rule/describe/SimpleModelRuleDescriptor$1
instanceKlass org/gradle/internal/Factories$2
instanceKlass org/gradle/internal/Factories
instanceKlass org/gradle/model/internal/core/rule/describe/AbstractModelRuleDescriptor
instanceKlass org/gradle/model/internal/core/rule/describe/ModelRuleDescriptor
instanceKlass org/gradle/model/internal/core/ModelReference
instanceKlass org/gradle/api/internal/tasks/DefaultTaskContainerFactory
# instanceKlass java/lang/invoke/LambdaForm$MH+0x0000028b1c62d400
# instanceKlass java/lang/invoke/LambdaForm$MH+0x0000028b1c62d000
# instanceKlass java/lang/invoke/LambdaForm$MH+0x0000028b1c62cc00
# instanceKlass java/lang/invoke/LambdaForm$MH+0x0000028b1c62c800
# instanceKlass java/lang/invoke/LambdaForm$MH+0x0000028b1c62c400
# instanceKlass java/lang/invoke/LambdaForm$MH+0x0000028b1c62c000
instanceKlass org/gradle/internal/service/scopes/WorkerSharedProjectScopeServices
instanceKlass org/gradle/nativeplatform/internal/CompilerOutputFileNamingSchemeFactory
instanceKlass org/gradle/nativeplatform/internal/services/NativeBinaryServices$ProjectCompilerServices
instanceKlass org/gradle/language/internal/DefaultNativeComponentFactory
instanceKlass org/gradle/language/internal/NativeComponentFactory
instanceKlass org/gradle/language/nativeplatform/internal/toolchains/ToolChainSelector$Result
instanceKlass org/gradle/language/nativeplatform/internal/toolchains/DefaultToolChainSelector
instanceKlass org/gradle/language/nativeplatform/internal/toolchains/ToolChainSelector
instanceKlass org/gradle/language/nativeplatform/internal/incremental/IncrementalCompilerBuilder$IncrementalCompiler
instanceKlass org/gradle/language/nativeplatform/internal/incremental/DefaultIncrementalCompilerBuilder
instanceKlass org/gradle/language/nativeplatform/internal/incremental/IncrementalCompilerBuilder
instanceKlass org/gradle/plugins/ide/internal/DefaultIdeArtifactRegistry
instanceKlass org/gradle/plugins/ide/internal/IdeArtifactRegistry
instanceKlass org/gradle/internal/snapshot/Snapshot
instanceKlass org/gradle/internal/snapshot/impl/DefaultSnapshottingService
instanceKlass org/gradle/internal/snapshot/SnapshottingService
instanceKlass org/gradle/internal/enterprise/test/TestTaskProperties
instanceKlass org/gradle/internal/enterprise/test/TestTaskFilters
instanceKlass org/gradle/internal/enterprise/test/TestTaskForkOptions
instanceKlass org/gradle/internal/enterprise/test/impl/DefaultTestTaskPropertiesService
instanceKlass org/gradle/internal/enterprise/test/TestTaskPropertiesService
instanceKlass org/gradle/buildinit/plugins/internal/ProjectLayoutSetupRegistry
instanceKlass org/gradle/buildinit/plugins/internal/services/BuildInitServices$1
instanceKlass org/gradle/api/plugins/jvm/internal/DefaultJvmLanguageUtilities
instanceKlass org/gradle/api/plugins/jvm/internal/JvmLanguageUtilities
instanceKlass org/gradle/api/publish/maven/internal/publisher/MavenDuplicatePublicationTracker
instanceKlass org/gradle/jvm/toolchain/internal/JavaToolchainSpecInternal
instanceKlass org/gradle/jvm/toolchain/internal/JavaToolchainSpecInternal$Key
instanceKlass org/gradle/jvm/toolchain/internal/install/SecureFileDownloader
instanceKlass org/gradle/jvm/toolchain/JavaToolchainRequest
instanceKlass org/gradle/jvm/toolchain/internal/install/DefaultJavaToolchainProvisioningService
instanceKlass org/gradle/jvm/toolchain/internal/install/JavaToolchainProvisioningService
instanceKlass org/gradle/jvm/toolchain/internal/JavaToolchainQueryService
instanceKlass org/gradle/jvm/toolchain/JavaCompiler
instanceKlass org/gradle/jvm/toolchain/JavaToolchainSpec
instanceKlass org/gradle/jvm/toolchain/internal/DefaultJavaToolchainService
instanceKlass org/gradle/jvm/toolchain/JavaToolchainService
instanceKlass org/gradle/api/artifacts/ConfigurationVariant
instanceKlass org/gradle/api/plugins/jvm/internal/DefaultJvmPluginServices
instanceKlass org/gradle/api/plugins/jvm/internal/JvmPluginServices
instanceKlass org/gradle/api/plugins/jvm/internal/JvmEcosystemUtilities
instanceKlass org/gradle/api/tasks/SourceSetContainer
instanceKlass org/gradle/language/jvm/internal/JvmLanguageServices$ProjectScopeServices
instanceKlass org/gradle/jvm/toolchain/internal/ToolchainToolFactory
instanceKlass org/gradle/language/java/internal/JavaLanguageServices$JavaProjectScopeServices
instanceKlass org/gradle/jvm/toolchain/internal/JavaCompilerFactory
instanceKlass org/gradle/language/java/internal/JavaToolchainServices$ProjectScopeCompileServices
instanceKlass org/gradle/api/internal/tasks/compile/GroovyCompilerFactory
instanceKlass org/gradle/language/base/internal/compile/CompilerFactory
instanceKlass org/gradle/api/internal/tasks/compile/GroovyServices$ProjectServices
instanceKlass org/gradle/api/publish/ivy/internal/publisher/IvyDuplicatePublicationTracker
instanceKlass org/gradle/api/internal/artifacts/DependencyManagementProjectScopeServices
instanceKlass org/gradle/workers/internal/BuildOperationAwareWorker
instanceKlass org/gradle/workers/internal/IsolatedClassloaderWorkerFactory
instanceKlass org/gradle/workers/internal/WorkerDaemonFactory
instanceKlass org/gradle/workers/internal/WorkerFactory
instanceKlass org/gradle/workers/WorkerExecutor
instanceKlass org/gradle/workers/internal/WorkersServices$ProjectScopeServices
instanceKlass  @bci org/gradle/internal/service/scopes/ProjectScopeServices <init> (Lorg/gradle/internal/service/ServiceRegistry;Lorg/gradle/api/internal/project/ProjectInternal;Lorg/gradle/internal/Factory;)V 29 <appendix> member <vmtarget> ; # org/gradle/internal/service/scopes/ProjectScopeServices$$Lambda+0x0000028b1c6229e8
instanceKlass org/gradle/normalization/internal/RuntimeClasspathNormalizationInternal
instanceKlass org/gradle/normalization/RuntimeClasspathNormalization
instanceKlass org/gradle/normalization/InputNormalization
instanceKlass org/gradle/api/internal/project/taskfactory/TaskInstantiator
instanceKlass org/gradle/model/internal/core/NamedEntityInstantiator
instanceKlass org/gradle/internal/typeconversion/TypeConverter
instanceKlass org/gradle/api/internal/project/ant/AntLoggingAdapterFactory
# instanceKlass java/lang/invoke/LambdaForm$MH+0x0000028b1c624400
# instanceKlass java/lang/invoke/LambdaForm$MH+0x0000028b1c624000
# instanceKlass java/lang/invoke/LambdaForm$MH+0x0000028b1c61bc00
# instanceKlass java/lang/invoke/LambdaForm$MH+0x0000028b1c61b800
# instanceKlass java/lang/invoke/LambdaForm$MH+0x0000028b1c61b400
# instanceKlass java/lang/invoke/LambdaForm$MH+0x0000028b1c61b000
# instanceKlass java/lang/invoke/LambdaForm$MH+0x0000028b1c61ac00
# instanceKlass java/lang/invoke/LambdaForm$MH+0x0000028b1c61a800
instanceKlass org/gradle/api/internal/project/DeferredProjectConfiguration
instanceKlass org/gradle/api/internal/file/DefaultProjectLayout
instanceKlass org/gradle/api/internal/file/TaskFileVarFactory
instanceKlass  @bci org/gradle/api/internal/project/ProjectFactory createProject (Lorg/gradle/api/internal/GradleInternal;Lorg/gradle/api/initialization/ProjectDescriptor;Lorg/gradle/api/internal/project/ProjectState;Lorg/gradle/api/internal/project/ProjectInternal;Lorg/gradle/internal/service/scopes/ServiceRegistryFactory;Lorg/gradle/api/internal/initialization/ClassLoaderScope;Lorg/gradle/api/internal/initialization/ClassLoaderScope;)Lorg/gradle/api/internal/project/ProjectInternal; 16 <appendix> member <vmtarget> ; # org/gradle/api/internal/project/ProjectFactory$$Lambda+0x0000028b1c61dbd0
instanceKlass  @bci org/gradle/api/internal/project/ProjectLifecycleController lambda$createMutableModel$1 (Lorg/gradle/api/internal/project/ProjectState;Lorg/gradle/api/internal/project/IProjectFactory;Lorg/gradle/internal/build/BuildState;Lorg/gradle/initialization/DefaultProjectDescriptor;Lorg/gradle/api/internal/initialization/ClassLoaderScope;Lorg/gradle/api/internal/initialization/ClassLoaderScope;)V 27 <appendix> member <vmtarget> ; # org/gradle/api/internal/project/ProjectLifecycleController$$Lambda+0x0000028b1c61d9a8
instanceKlass  @bci org/gradle/internal/model/StateTransitionController transition (Lorg/gradle/internal/model/StateTransitionController$State;Lorg/gradle/internal/model/StateTransitionController$State;Ljava/lang/Runnable;)V 8 <appendix> member <vmtarget> ; # org/gradle/internal/model/StateTransitionController$$Lambda+0x0000028b1c61d780
instanceKlass  @bci org/gradle/api/internal/project/ProjectLifecycleController createMutableModel (Lorg/gradle/initialization/DefaultProjectDescriptor;Lorg/gradle/internal/build/BuildState;Lorg/gradle/api/internal/project/ProjectState;Lorg/gradle/api/internal/initialization/ClassLoaderScope;Lorg/gradle/api/internal/initialization/ClassLoaderScope;Lorg/gradle/api/internal/project/IProjectFactory;)V 20 <appendix> member <vmtarget> ; # org/gradle/api/internal/project/ProjectLifecycleController$$Lambda+0x0000028b1c61d558
instanceKlass org/gradle/initialization/NotifyingBuildLoader$2$1
instanceKlass org/gradle/initialization/LoadProjectsBuildOperationType$Details
instanceKlass org/gradle/initialization/LoadProjectsBuildOperationType$Result$Project
instanceKlass org/gradle/initialization/ProjectsIdentifiedProgressDetails$Project
instanceKlass org/gradle/initialization/NotifyingBuildLoader$2
instanceKlass  @bci org/gradle/api/internal/catalog/DefaultDependenciesAccessors generateAccessors (Ljava/util/List;Lorg/gradle/api/internal/initialization/ClassLoaderScope;Lorg/gradle/api/initialization/Settings;)V 80 <appendix> argL0 ; # org/gradle/api/internal/catalog/DefaultDependenciesAccessors$$Lambda+0x0000028b1c4ff3f0
instanceKlass org/gradle/api/internal/DefaultDomainObjectCollection$IteratorImpl
instanceKlass org/gradle/internal/configuration/inputs/NoOpInputsListener
instanceKlass org/gradle/internal/configuration/inputs/InstrumentedInputs
instanceKlass  @bci org/gradle/api/internal/catalog/DefaultDependenciesAccessors_Decorated $gradleInit ()V 1 <appendix> member <vmtarget> ; # org/gradle/api/internal/catalog/DefaultDependenciesAccessors_Decorated$$Lambda+0x0000028b1c4ff1c8
# instanceKlass java/lang/invoke/LambdaForm$MH+0x0000028b1c61a400
# instanceKlass java/lang/invoke/LambdaForm$MH+0x0000028b1c61a000
# instanceKlass java/lang/invoke/LambdaForm$MH+0x0000028b1c619c00
# instanceKlass java/lang/invoke/LambdaForm$MH+0x0000028b1c619800
# instanceKlass java/lang/invoke/LambdaForm$MH+0x0000028b1c619400
# instanceKlass java/lang/invoke/LambdaForm$MH+0x0000028b1c619000
# instanceKlass java/lang/invoke/LambdaForm$MH+0x0000028b1c618c00
# instanceKlass java/lang/invoke/LambdaForm$MH+0x0000028b1c618800
# instanceKlass java/lang/invoke/LambdaForm$MH+0x0000028b1c618400
# instanceKlass java/lang/invoke/LambdaForm$MH+0x0000028b1c618000
instanceKlass org/gradle/api/internal/catalog/DefaultVersionCatalog
instanceKlass org/gradle/api/internal/catalog/DefaultDependenciesAccessors
# instanceKlass java/lang/invoke/LambdaForm$MH+0x0000028b1c617c00
# instanceKlass java/lang/invoke/LambdaForm$MH+0x0000028b1c617800
# instanceKlass java/lang/invoke/LambdaForm$MH+0x0000028b1c617400
# instanceKlass java/lang/invoke/LambdaForm$MH+0x0000028b1c617000
# instanceKlass java/lang/invoke/LambdaForm$MH+0x0000028b1c616c00
# instanceKlass java/lang/invoke/LambdaForm$MH+0x0000028b1c616800
# instanceKlass java/lang/invoke/LambdaForm$MH+0x0000028b1c616400
# instanceKlass java/lang/invoke/LambdaForm$MH+0x0000028b1c616000
# instanceKlass java/lang/invoke/LambdaForm$MH+0x0000028b1c615c00
# instanceKlass java/lang/invoke/LambdaForm$MH+0x0000028b1c615800
# instanceKlass java/lang/invoke/LambdaForm$MH+0x0000028b1c615400
# instanceKlass java/lang/invoke/LambdaForm$MH+0x0000028b1c615000
# instanceKlass java/lang/invoke/LambdaForm$MH+0x0000028b1c614c00
# instanceKlass java/lang/invoke/LambdaForm$MH+0x0000028b1c614800
# instanceKlass java/lang/invoke/LambdaForm$MH+0x0000028b1c614400
# instanceKlass java/lang/invoke/LambdaForm$MH+0x0000028b1c614000
instanceKlass org/gradle/api/internal/DependencyClassPathProvider
instanceKlass org/gradle/configuration/BuildOperationFiringProjectsPreparer$ConfigureBuild$1
instanceKlass org/gradle/initialization/ConfigureBuildBuildOperationType$Details
instanceKlass org/gradle/configuration/BuildOperationFiringProjectsPreparer$ConfigureBuild
instanceKlass  @bci org/gradle/initialization/VintageBuildModelController prepareProjects ()V 11 <appendix> member <vmtarget> ; # org/gradle/initialization/VintageBuildModelController$$Lambda+0x0000028b1c612f50
instanceKlass org/gradle/api/internal/project/ProjectLifecycleController
instanceKlass org/gradle/internal/resources/TaskExecutionLockRegistry$2
instanceKlass org/gradle/internal/resources/ProjectLockRegistry$2
instanceKlass org/gradle/internal/resources/LockCache$1
instanceKlass org/gradle/internal/resources/ProjectLockRegistry$1
instanceKlass  @bci org/gradle/api/internal/project/DefaultProjectStateRegistry$ProjectStateImpl <init> (Lorg/gradle/api/internal/project/DefaultProjectStateRegistry;Lorg/gradle/internal/build/BuildState;Lorg/gradle/util/Path;Lorg/gradle/util/Path;Ljava/lang/String;Lorg/gradle/api/artifacts/component/ProjectComponentIdentifier;Lorg/gradle/initialization/DefaultProjectDescriptor;Lorg/gradle/api/internal/project/IProjectFactory;Lorg/gradle/internal/model/StateTransitionControllerFactory;Lorg/gradle/internal/service/ServiceRegistry;)V 25 <appendix> member <vmtarget> ; # org/gradle/api/internal/project/DefaultProjectStateRegistry$ProjectStateImpl$$Lambda+0x0000028b1c610498
instanceKlass  @bci org/gradle/internal/lazy/Lazy unsafe ()Lorg/gradle/internal/lazy/Lazy$Factory; 0 <appendix> argL0 ; # org/gradle/internal/lazy/Lazy$$Lambda+0x0000028b1c610278
instanceKlass org/gradle/internal/lazy/UnsafeLazy
instanceKlass org/gradle/api/internal/project/DefaultProjectStateRegistry$ProjectStateImpl
instanceKlass org/gradle/api/internal/artifacts/DefaultProjectComponentIdentifier
instanceKlass org/gradle/api/internal/artifacts/ProjectComponentIdentifierInternal
instanceKlass org/gradle/api/internal/project/DefaultProjectStateRegistry$DefaultBuildProjectRegistry
instanceKlass org/gradle/internal/build/BuildProjectRegistry
instanceKlass  @bci org/gradle/initialization/DefaultSettingsLoader useEmptySettings (Lorg/gradle/initialization/ProjectSpec;Lorg/gradle/api/internal/SettingsInternal;Lorg/gradle/StartParameter;)Z 6 <appendix> member <vmtarget> ; # org/gradle/initialization/DefaultSettingsLoader$$Lambda+0x0000028b1c60fae8
instanceKlass org/gradle/initialization/AbstractProjectSpec
instanceKlass  @bci org/gradle/initialization/ProjectSpecs forStartParameter (Lorg/gradle/StartParameter;Lorg/gradle/api/internal/SettingsInternal;)Lorg/gradle/initialization/ProjectSpec; 6 <appendix> member <vmtarget> ; # org/gradle/initialization/ProjectSpecs$$Lambda+0x0000028b1c60f408
instanceKlass org/gradle/initialization/ProjectSpec
instanceKlass org/gradle/initialization/ProjectSpecs
instanceKlass  @bci org/gradle/initialization/DefaultSettingsLoader validate (Lorg/gradle/api/internal/SettingsInternal;)V 12 <appendix> member <vmtarget> ; # org/gradle/initialization/DefaultSettingsLoader$$Lambda+0x0000028b1c60bd08
instanceKlass org/gradle/caching/internal/services/AbstractBuildCacheControllerFactory$ResultImpl
instanceKlass org/gradle/caching/internal/FinalizeBuildCacheConfigurationBuildOperationType$Result
instanceKlass org/gradle/caching/internal/services/AbstractBuildCacheControllerFactory$DetailsImpl
instanceKlass org/gradle/caching/internal/FinalizeBuildCacheConfigurationBuildOperationType$Details
instanceKlass org/gradle/caching/internal/FinalizeBuildCacheConfigurationBuildOperationType$Result$BuildCacheDescription
instanceKlass org/gradle/caching/internal/services/AbstractBuildCacheControllerFactory$1
instanceKlass  @bci org/gradle/caching/configuration/internal/DefaultBuildCacheConfiguration_Decorated $gradleInit ()V 1 <appendix> member <vmtarget> ; # org/gradle/caching/configuration/internal/DefaultBuildCacheConfiguration_Decorated$$Lambda+0x0000028b1c60a568
instanceKlass  @bci org/gradle/caching/local/DirectoryBuildCache_Decorated $gradleInit ()V 1 <appendix> member <vmtarget> ; # org/gradle/caching/local/DirectoryBuildCache_Decorated$$Lambda+0x0000028b1c60a340
instanceKlass org/gradle/caching/configuration/internal/DefaultBuildCacheConfiguration
instanceKlass org/gradle/caching/local/internal/DirectoryBuildCacheServiceFactory
instanceKlass  @bci org/gradle/initialization/DefaultToolchainManagement preventFromFurtherMutation ()V 44 <appendix> argL0 ; # org/gradle/initialization/DefaultToolchainManagement$$Lambda+0x0000028b1c6090c0
instanceKlass  @bci org/gradle/initialization/DefaultToolchainManagement preventFromFurtherMutation ()V 34 <appendix> argL0 ; # org/gradle/initialization/DefaultToolchainManagement$$Lambda+0x0000028b1c608e80
instanceKlass  @bci org/gradle/initialization/DefaultToolchainManagement preventFromFurtherMutation ()V 24 <appendix> argL0 ; # org/gradle/initialization/DefaultToolchainManagement$$Lambda+0x0000028b1c608c30
instanceKlass  @bci org/gradle/initialization/DefaultToolchainManagement_Decorated getConventionWhileDisabledDeprecationLogger ()Lorg/gradle/api/plugins/Convention; 1 <appendix> member <vmtarget> ; # org/gradle/initialization/DefaultToolchainManagement_Decorated$$Lambda+0x0000028b1c608a08
instanceKlass  @bci org/gradle/internal/management/DefaultDependencyResolutionManagement preventFromFurtherMutation ()V 25 <appendix> member <vmtarget> ; # org/gradle/internal/management/DefaultDependencyResolutionManagement$$Lambda+0x0000028b1c4fe6a8
instanceKlass  @bci org/gradle/internal/management/DefaultDependencyResolutionManagement preventFromFurtherMutation ()V 12 <appendix> member <vmtarget> ; # org/gradle/internal/management/DefaultDependencyResolutionManagement$$Lambda+0x0000028b1c4fe480
instanceKlass org/gradle/internal/time/TimeFormatting
instanceKlass  @bci org/gradle/plugin/management/internal/autoapply/CompositeAutoAppliedPluginRegistry getAutoAppliedPlugins (Lorg/gradle/api/initialization/Settings;)Lorg/gradle/plugin/management/internal/PluginRequests; 23 <appendix> argL0 ; # org/gradle/plugin/management/internal/autoapply/CompositeAutoAppliedPluginRegistry$$Lambda+0x0000028b1c4fe238
instanceKlass  @bci org/gradle/plugin/management/internal/autoapply/CompositeAutoAppliedPluginRegistry getAutoAppliedPlugins (Lorg/gradle/api/initialization/Settings;)Lorg/gradle/plugin/management/internal/PluginRequests; 10 <appendix> member <vmtarget> ; # org/gradle/plugin/management/internal/autoapply/CompositeAutoAppliedPluginRegistry$$Lambda+0x0000028b1c4fdff0
instanceKlass org/gradle/api/internal/plugins/SoftwareTypeRegistrationPluginTarget
# instanceKlass java/lang/invoke/LambdaForm$MH+0x0000028b1c60e000
# instanceKlass java/lang/invoke/LambdaForm$MH+0x0000028b1c60dc00
# instanceKlass java/lang/invoke/LambdaForm$MH+0x0000028b1c60d800
# instanceKlass java/lang/invoke/LambdaForm$MH+0x0000028b1c60d400
# instanceKlass java/lang/invoke/LambdaForm$MH+0x0000028b1c60d000
# instanceKlass java/lang/invoke/LambdaForm$MH+0x0000028b1c60cc00
# instanceKlass java/lang/invoke/LambdaForm$MH+0x0000028b1c60c800
# instanceKlass java/lang/invoke/LambdaForm$MH+0x0000028b1c60c400
# instanceKlass java/lang/invoke/LambdaForm$MH+0x0000028b1c60c000
instanceKlass org/gradle/plugin/software/internal/DefaultSoftwareTypeRegistry
instanceKlass org/gradle/groovy/scripts/internal/GroovyScriptClassCompiler$EmptyCompiledScript
instanceKlass org/gradle/api/internal/cache/CacheDirUtil
instanceKlass  @bci org/gradle/api/internal/provider/AbstractProperty beforeRead (Lorg/gradle/api/internal/provider/EvaluationContext$ScopeContext;Lorg/gradle/internal/state/ModelObject;Lorg/gradle/api/internal/provider/ValueSupplier$ValueConsumer;)V 12 <appendix> member <vmtarget> ; # org/gradle/api/internal/provider/AbstractProperty$$Lambda+0x0000028b1c602f18
instanceKlass org/gradle/cache/CleanupFrequency$3
instanceKlass org/gradle/cache/CleanupFrequency$2
instanceKlass org/gradle/cache/CleanupFrequency$1
instanceKlass org/gradle/api/internal/cache/DefaultCleanup
instanceKlass org/gradle/api/internal/cache/CleanupInternal
instanceKlass  @bci it/unimi/dsi/fastutil/objects/ReferenceArrayList <clinit> ()V 26 <appendix> argL0 ; # it/unimi/dsi/fastutil/objects/ReferenceArrayList$$Lambda+0x0000028b1c607c78
instanceKlass  @bci it/unimi/dsi/fastutil/objects/ReferenceArrayList <clinit> ()V 21 <appendix> argL0 ; # it/unimi/dsi/fastutil/objects/ReferenceArrayList$$Lambda+0x0000028b1c607a48
instanceKlass  @bci it/unimi/dsi/fastutil/objects/ReferenceArrayList <clinit> ()V 16 <appendix> argL0 ; # it/unimi/dsi/fastutil/objects/ReferenceArrayList$$Lambda+0x0000028b1c607828
instanceKlass it/unimi/dsi/fastutil/objects/ObjectListIterator
instanceKlass it/unimi/dsi/fastutil/objects/ObjectBidirectionalIterator
instanceKlass it/unimi/dsi/fastutil/BidirectionalIterator
instanceKlass it/unimi/dsi/fastutil/Stack
instanceKlass it/unimi/dsi/fastutil/objects/ReferenceList
instanceKlass  @bci it/unimi/dsi/fastutil/objects/ReferenceOpenHashSet <clinit> ()V 10 <appendix> argL0 ; # it/unimi/dsi/fastutil/objects/ReferenceOpenHashSet$$Lambda+0x0000028b1c605990
instanceKlass  @bci it/unimi/dsi/fastutil/objects/ReferenceOpenHashSet <clinit> ()V 5 <appendix> argL0 ; # it/unimi/dsi/fastutil/objects/ReferenceOpenHashSet$$Lambda+0x0000028b1c605760
instanceKlass  @bci it/unimi/dsi/fastutil/objects/ReferenceOpenHashSet <clinit> ()V 0 <appendix> argL0 ; # it/unimi/dsi/fastutil/objects/ReferenceOpenHashSet$$Lambda+0x0000028b1c605540
instanceKlass it/unimi/dsi/fastutil/objects/ObjectSpliterator
instanceKlass it/unimi/dsi/fastutil/objects/ObjectIterator
instanceKlass it/unimi/dsi/fastutil/objects/ReferenceSet
instanceKlass it/unimi/dsi/fastutil/objects/ReferenceCollection
instanceKlass  @bci org/gradle/api/internal/provider/EvaluationContext <init> ()V 6 <appendix> member <vmtarget> ; # org/gradle/api/internal/provider/EvaluationContext$$Lambda+0x0000028b1c5bf830
instanceKlass org/gradle/api/internal/provider/EvaluationContext$PerThreadContext
instanceKlass org/gradle/api/internal/provider/EvaluationContext$ScopeContext
instanceKlass org/gradle/api/internal/provider/EvaluationContext
instanceKlass  @bci org/gradle/api/internal/cache/DefaultCacheConfigurations$ContextualErrorMessageProperty set (Lorg/gradle/api/provider/Provider;)V 3 <appendix> member <vmtarget> ; # org/gradle/api/internal/cache/DefaultCacheConfigurations$ContextualErrorMessageProperty$$Lambda+0x0000028b1c5befa8
instanceKlass  @bci org/gradle/api/internal/cache/DefaultCacheConfigurations$ContextualErrorMessageProperty value (Lorg/gradle/api/provider/Provider;)Lorg/gradle/api/internal/cache/DefaultCacheConfigurations$ContextualErrorMessageProperty; 3 <appendix> member <vmtarget> ; # org/gradle/api/internal/cache/DefaultCacheConfigurations$ContextualErrorMessageProperty$$Lambda+0x0000028b1c5bed80
instanceKlass org/gradle/internal/event/BroadcastDispatch$ActionInvocationHandler
instanceKlass  @bci org/gradle/internal/operations/notify/BuildOperationNotificationBridge$2 beforeSettings (Lorg/gradle/api/initialization/Settings;)V 21 <appendix> member <vmtarget> ; # org/gradle/internal/operations/notify/BuildOperationNotificationBridge$2$$Lambda+0x0000028b1c5be910
instanceKlass  @bci org/gradle/initialization/DefaultSettings_Decorated $gradleInit ()V 1 <appendix> member <vmtarget> ; # org/gradle/initialization/DefaultSettings_Decorated$$Lambda+0x0000028b1c5be4b8
instanceKlass  @bci org/gradle/initialization/DefaultToolchainManagement_Decorated $gradleInit ()V 1 <appendix> member <vmtarget> ; # org/gradle/initialization/DefaultToolchainManagement_Decorated$$Lambda+0x0000028b1c5be290
instanceKlass  @bci java/io/WinNTFileSystem listRoots ()[Ljava/io/File; 38 <appendix> argL0 ; # java/io/WinNTFileSystem$$Lambda+0x0000028b1c5ca720
instanceKlass  @bci java/io/WinNTFileSystem listRoots ()[Ljava/io/File; 28 <appendix> member <vmtarget> ; # java/io/WinNTFileSystem$$Lambda+0x0000028b1c5ca4c8
instanceKlass  @bci java/io/WinNTFileSystem listRoots ()[Ljava/io/File; 17 <appendix> member <vmtarget> ; # java/io/WinNTFileSystem$$Lambda+0x0000028b1c5ca2a0
instanceKlass java/util/BitSet$1BitSetSpliterator
instanceKlass org/gradle/vcs/VcsMappings
instanceKlass org/gradle/vcs/internal/services/VersionControlServices$VersionControlSettingsServices
instanceKlass org/gradle/plugin/internal/PluginUseServices$SettingsScopeServices
instanceKlass  @bci org/gradle/internal/service/scopes/SettingsScopeServices <init> (Lorg/gradle/internal/service/ServiceRegistry;Lorg/gradle/api/internal/SettingsInternal;)V 19 <appendix> member <vmtarget> ; # org/gradle/internal/service/scopes/SettingsScopeServices$$Lambda+0x0000028b1c5bd758
# instanceKlass java/lang/invoke/LambdaForm$MH+0x0000028b1c601c00
# instanceKlass java/lang/invoke/LambdaForm$MH+0x0000028b1c601800
# instanceKlass java/lang/invoke/LambdaForm$MH+0x0000028b1c601400
# instanceKlass java/lang/invoke/LambdaForm$MH+0x0000028b1c601000
# instanceKlass java/lang/invoke/LambdaForm$MH+0x0000028b1c600c00
# instanceKlass java/lang/invoke/LambdaForm$MH+0x0000028b1c600800
# instanceKlass java/lang/invoke/LambdaForm$MH+0x0000028b1c600400
# instanceKlass java/lang/invoke/LambdaForm$DMH+0x0000028b1c600000
instanceKlass java/lang/foreign/MemorySegment
instanceKlass org/gradle/initialization/IncludedBuildSpec
instanceKlass org/gradle/initialization/ProjectDescriptorRegistry
instanceKlass org/gradle/plugin/management/PluginManagementSpec
instanceKlass org/gradle/vcs/SourceControl
instanceKlass org/gradle/api/file/BuildLayout
instanceKlass org/gradle/initialization/DefaultProjectDescriptor
instanceKlass org/gradle/api/initialization/ProjectDescriptor
instanceKlass org/gradle/initialization/SettingsFactory$SettingsServiceRegistryFactory
instanceKlass org/gradle/initialization/BuildOperationSettingsProcessor$2$1
instanceKlass org/gradle/initialization/EvaluateSettingsBuildOperationType$Details
instanceKlass org/gradle/initialization/BuildOperationSettingsProcessor$2
instanceKlass org/gradle/internal/logging/sink/ProgressLogEventGenerator$1
instanceKlass org/gradle/configuration/internal/DefaultListenerBuildOperationDecorator$BuildOperationEmittingAction
instanceKlass org/gradle/internal/code/DefaultUserCodeApplicationContext$CurrentApplication$1
instanceKlass  @bci org/gradle/invocation/DefaultGradle allprojects (Lorg/gradle/api/Action;)V 4 <appendix> member <vmtarget> ; # org/gradle/invocation/DefaultGradle$$Lambda+0x0000028b1c5ba1c8
instanceKlass org/codehaus/groovy/reflection/AccessPermissionChecker
instanceKlass  @bci org/codehaus/groovy/reflection/ReflectionUtils makeAccessibleInPrivilegedAction (Ljava/lang/reflect/AccessibleObject;)Ljava/util/Optional; 1 <appendix> member <vmtarget> ; # org/codehaus/groovy/reflection/ReflectionUtils$$Lambda+0x0000028b1c5b9b30
instanceKlass groovyjarjarasm/asm/Type
instanceKlass  @bci org/codehaus/groovy/ast/ClassNode <init> (Ljava/lang/String;ILorg/codehaus/groovy/ast/ClassNode;[Lorg/codehaus/groovy/ast/ClassNode;[Lorg/codehaus/groovy/ast/MixinNode;)V 82 <appendix> argL0 ; # org/codehaus/groovy/ast/ClassNode$$Lambda+0x0000028b1c5b96d0
instanceKlass org/codehaus/groovy/ast/ClassNode$MapOfLists
instanceKlass org/codehaus/groovy/util/AbstractConcurrentMap$Entry
instanceKlass org/codehaus/groovy/util/AbstractConcurrentMapBase$Entry
instanceKlass org/codehaus/groovy/ast/ClassHelper$ClassHelperCache
instanceKlass org/codehaus/groovy/runtime/GeneratedLambda
instanceKlass org/codehaus/groovy/ast/ClassHelper
instanceKlass org/codehaus/groovy/classgen/asm/util/TypeUtil
instanceKlass org/codehaus/groovy/syntax/Types
instanceKlass org/codehaus/groovy/syntax/CSTNode
instanceKlass org/codehaus/groovy/ast/tools/GeneralUtils
instanceKlass org/gradle/api/component/SoftwareComponentContainer
instanceKlass org/gradle/api/project/IsolatedProject
instanceKlass org/gradle/api/NamedDomainObjectFactory
instanceKlass org/gradle/normalization/internal/InputNormalizationHandlerInternal
instanceKlass org/gradle/api/internal/tasks/TaskContainerInternal
instanceKlass org/gradle/api/internal/PolymorphicDomainObjectContainerInternal
instanceKlass org/gradle/api/internal/tasks/TaskResolver
instanceKlass org/gradle/model/internal/registry/ModelRegistry
instanceKlass org/gradle/api/internal/project/ProjectStateInternal
instanceKlass org/gradle/internal/model/RuleBasedPluginListener
instanceKlass org/gradle/configuration/project/ProjectConfigurationActionContainer
instanceKlass org/gradle/api/internal/project/ProjectInternal$DetachedResolver
instanceKlass org/gradle/normalization/InputNormalizationHandler
instanceKlass org/gradle/api/ProjectState
instanceKlass org/gradle/internal/metaobject/DynamicInvokeResult
instanceKlass  @bci org/gradle/internal/classpath/intercept/CallInterceptorResolver$ClosureCallInterceptorResolver <clinit> ()V 3 <appendix> argL0 ; # org/gradle/internal/classpath/intercept/CallInterceptorResolver$ClosureCallInterceptorResolver$$Lambda+0x0000028b1c5ad5a8
instanceKlass org/gradle/internal/classpath/intercept/CallInterceptorResolver$ClosureCallInterceptorResolver
instanceKlass  @bci org/gradle/internal/metaobject/BeanDynamicObject$MetaClassAdapter maybeAddCallInterceptionHooksToMetaclass (Ljava/lang/String;)V 14 <adapter> ; # java/lang/invoke/LambdaForm$MH+0x0000028b1c5a9800
instanceKlass org/codehaus/groovy/runtime/wrappers/Wrapper
instanceKlass groovy/lang/AdaptingMetaClass
instanceKlass groovy/lang/GroovyInterceptable
instanceKlass org/codehaus/groovy/runtime/ArrayUtil
instanceKlass org/codehaus/groovy/runtime/metaclass/ClosureMetaClass$StandardClosureChooser
instanceKlass org/codehaus/groovy/runtime/metaclass/ClosureMetaClass$MethodChooser
instanceKlass org/codehaus/groovy/runtime/callsite/BooleanClosureWrapper
instanceKlass  @bci com/sun/beans/finder/MethodFinder findAccessibleMethod (Ljava/lang/reflect/Method;Ljava/lang/reflect/Type;)Ljava/lang/reflect/Method; 179 <appendix> form vmentry <vmtarget> ; # java/lang/invoke/LambdaForm$MH+0x0000028b1c5a9400
# instanceKlass java/lang/invoke/LambdaForm$MH+0x0000028b1c5a9000
instanceKlass  @bci com/sun/beans/finder/MethodFinder findAccessibleMethod (Ljava/lang/reflect/Method;Ljava/lang/reflect/Type;)Ljava/lang/reflect/Method; 179 <appendix> argL3 form vmentry <vmtarget> ; # java/lang/invoke/LambdaForm$MH+0x0000028b1c5a8c00
# instanceKlass java/lang/invoke/LambdaForm$MH+0x0000028b1c5a8800
instanceKlass  @bci com/sun/beans/finder/MethodFinder findAccessibleMethod (Ljava/lang/reflect/Method;Ljava/lang/reflect/Type;)Ljava/lang/reflect/Method; 179 <appendix> argL2 form vmentry <vmtarget> ; # java/lang/invoke/LambdaForm$MH+0x0000028b1c5a8400
# instanceKlass java/lang/invoke/LambdaForm$MH+0x0000028b1c5a8000
# instanceKlass java/lang/invoke/LambdaForm$MH+0x0000028b1c5a0400
instanceKlass com/sun/beans/finder/FinderUtils
instanceKlass com/sun/beans/finder/AbstractFinder
instanceKlass org/gradle/internal/classpath/InstrumentableClosure
instanceKlass org/gradle/api/internal/file/copy/CopySpecInternal
instanceKlass org/gradle/api/file/SyncSpec
instanceKlass org/gradle/api/internal/file/copy/CopyAction
instanceKlass org/gradle/api/internal/file/copy/FileCopier
instanceKlass org/gradle/api/internal/resources/DefaultResourceHandler
instanceKlass org/gradle/api/internal/resources/DefaultTextResourceFactory
instanceKlass org/gradle/api/internal/resources/DefaultResourceResolver
instanceKlass org/gradle/api/internal/resources/ResourceResolver
instanceKlass org/gradle/api/resources/TextResourceFactory
instanceKlass org/gradle/api/internal/resources/DefaultResourceHandler$Factory$FactoryImpl
instanceKlass org/gradle/api/internal/file/archive/DefaultDecompressionCoordinator
instanceKlass  @bci org/gradle/api/internal/artifacts/DependencyManagementBuildScopeServices createTextUrlResourceLoaderFactory (Lorg/gradle/api/internal/artifacts/ivyservice/modulecache/FileStoreAndIndexProvider;Lorg/gradle/api/internal/artifacts/repositories/transport/RepositoryTransportFactory;Lorg/gradle/internal/file/RelativeFilePathResolver;)Lorg/gradle/internal/resource/TextUriResourceLoader$Factory; 24 <appendix> member <vmtarget> ; # org/gradle/api/internal/artifacts/DependencyManagementBuildScopeServices$$Lambda+0x0000028b1c4fd750
instanceKlass org/gradle/internal/extensibility/ExtensionsStorage$ExtensionHolder
instanceKlass org/gradle/api/plugins/ExtensionsSchema$ExtensionSchema
instanceKlass org/gradle/api/NamedDomainObjectCollectionSchema$NamedDomainObjectSchema
instanceKlass org/gradle/internal/extensibility/ExtensionsStorage
instanceKlass org/gradle/api/plugins/ExtraPropertiesExtension
instanceKlass org/gradle/internal/extensibility/DefaultConvention
instanceKlass org/gradle/api/internal/plugins/ExtensionContainerInternal
instanceKlass org/gradle/internal/metaobject/DynamicObjectUtil
instanceKlass org/gradle/api/internal/project/DefaultDynamicLookupRoutine
instanceKlass org/gradle/api/internal/coerce/StringToEnumTransformer
instanceKlass org/gradle/internal/classpath/InstrumentedGroovyMetaClassHelper
instanceKlass org/gradle/internal/metaobject/BeanDynamicObject$MetaClassAdapter
instanceKlass org/gradle/api/internal/coerce/PropertySetTransformer
instanceKlass org/gradle/api/internal/coerce/MethodArgumentsTransformer
instanceKlass  @bci java/lang/reflect/Executable sharedToGenericString (IZ)Ljava/lang/String; 33 <appendix> argL0 ; # java/lang/reflect/Executable$$Lambda+0x0000028b1c5c8e98
instanceKlass  @bci org/codehaus/groovy/runtime/memoize/StampedCommonCache clearAll ()Ljava/util/Map; 1 <appendix> argL0 ; # org/codehaus/groovy/runtime/memoize/StampedCommonCache$$Lambda+0x0000028b1c5a4200
instanceKlass org/codehaus/groovy/runtime/memoize/EvictableCache$Action
instanceKlass java/util/WeakHashMap$HashIterator
instanceKlass  @bci java/util/stream/StreamSpliterators$WrappingSpliterator initPartialTraversalState ()V 37 <appendix> member <vmtarget> ; # java/util/stream/StreamSpliterators$WrappingSpliterator$$Lambda+0x0000028b1c5c8530
instanceKlass java/util/function/BooleanSupplier
instanceKlass  @bci java/util/stream/StreamSpliterators$WrappingSpliterator initPartialTraversalState ()V 24 <appendix> member <vmtarget> ; # java/util/stream/StreamSpliterators$WrappingSpliterator$$Lambda+0x0000028b1c5c8080
instanceKlass jdk/internal/jrtfs/JrtDirectoryStream$1
instanceKlass  @bci jdk/internal/jrtfs/JrtFileSystem iteratorOf (Ljdk/internal/jrtfs/JrtPath;Ljava/nio/file/DirectoryStream$Filter;)Ljava/util/Iterator; 82 <appendix> member <vmtarget> ; # jdk/internal/jrtfs/JrtFileSystem$$Lambda+0x0000028b1c5c7bc0
instanceKlass  @bci jdk/internal/jrtfs/JrtFileSystem iteratorOf (Ljdk/internal/jrtfs/JrtPath;Ljava/nio/file/DirectoryStream$Filter;)Ljava/util/Iterator; 71 <appendix> member <vmtarget> ; # jdk/internal/jrtfs/JrtFileSystem$$Lambda+0x0000028b1c5c7978
instanceKlass jdk/internal/jrtfs/JrtDirectoryStream
instanceKlass jdk/internal/jrtfs/JrtFileAttributes
instanceKlass  @bci jdk/internal/jimage/ImageReader$SharedImageReader handleModulesSubTree (Ljava/lang/String;Ljdk/internal/jimage/ImageLocation;)Ljdk/internal/jimage/ImageReader$Node; 37 <appendix> member <vmtarget> ; # jdk/internal/jimage/ImageReader$SharedImageReader$$Lambda+0x0000028b1c5c6ec8
instanceKlass jdk/internal/jimage/ImageReader$SharedImageReader$LocationVisitor
instanceKlass jdk/internal/jimage/ImageReader$Node
instanceKlass jdk/internal/jrtfs/SystemImage$2
instanceKlass java/lang/Class$Holder
instanceKlass  @bci jdk/internal/jrtfs/SystemImage <clinit> ()V 0 <appendix> argL0 ; # jdk/internal/jrtfs/SystemImage$$Lambda+0x0000028b1c5c5d18
instanceKlass jdk/internal/jrtfs/SystemImage
instanceKlass jdk/internal/jrtfs/JrtPath
instanceKlass groovy/grape/GrapeIvy
instanceKlass groovy/grape/GrapeEngine
instanceKlass  @bci org/codehaus/groovy/vmplugin/v9/Java9 lambda$doFindClasses$3 (Ljava/util/List;Ljava/util/Map$Entry;)Ljava/util/Set; 25 <appendix> argL0 ; # org/codehaus/groovy/vmplugin/v9/Java9$$Lambda+0x0000028b1c59b738
instanceKlass  @bci org/codehaus/groovy/vmplugin/v9/Java9 lambda$doFindClasses$3 (Ljava/util/List;Ljava/util/Map$Entry;)Ljava/util/Set; 15 <appendix> member <vmtarget> ; # org/codehaus/groovy/vmplugin/v9/Java9$$Lambda+0x0000028b1c59b4e0
instanceKlass  @bci org/codehaus/groovy/vmplugin/v9/Java9 lambda$doFindClasses$0 (Ljava/util/List;Ljava/util/Map$Entry;)Z 20 <appendix> member <vmtarget> ; # org/codehaus/groovy/vmplugin/v9/Java9$$Lambda+0x0000028b1c59b288
instanceKlass  @bci java/util/stream/Collectors uniqKeysMapMerger ()Ljava/util/function/BinaryOperator; 0 <appendix> argL0 ; # java/util/stream/Collectors$$Lambda+0x0000028b1c5c5230
instanceKlass  @bci java/util/stream/Collectors uniqKeysMapAccumulator (Ljava/util/function/Function;Ljava/util/function/Function;)Ljava/util/function/BiConsumer; 2 <appendix> member <vmtarget> ; # java/util/stream/Collectors$$Lambda+0x0000028b1c5c4ff8
instanceKlass  @bci java/util/stream/Collectors toMap (Ljava/util/function/Function;Ljava/util/function/Function;)Ljava/util/stream/Collector; 4 <appendix> argL0 ; # java/util/stream/Collectors$$Lambda+0x0000028b1c5c4dd8
instanceKlass  @bci org/codehaus/groovy/vmplugin/v9/Java9 doFindClasses (Ljava/net/URI;Ljava/lang/String;Ljava/util/List;)Ljava/util/Map; 33 <appendix> member <vmtarget> ; # org/codehaus/groovy/vmplugin/v9/Java9$$Lambda+0x0000028b1c59b040
instanceKlass  @bci org/codehaus/groovy/vmplugin/v9/Java9 doFindClasses (Ljava/net/URI;Ljava/lang/String;Ljava/util/List;)Ljava/util/Map; 27 <appendix> argL0 ; # org/codehaus/groovy/vmplugin/v9/Java9$$Lambda+0x0000028b1c59ae00
instanceKlass  @bci org/codehaus/groovy/vmplugin/v9/Java9 doFindClasses (Ljava/net/URI;Ljava/lang/String;Ljava/util/List;)Ljava/util/Map; 17 <appendix> member <vmtarget> ; # org/codehaus/groovy/vmplugin/v9/Java9$$Lambda+0x0000028b1c59aba8
instanceKlass  @bci jdk/nio/zipfs/ZipFileSystemProvider removeFileSystem (Ljava/nio/file/Path;Ljdk/nio/zipfs/ZipFileSystem;)V 17 <appendix> member <vmtarget> ; # jdk/nio/zipfs/ZipFileSystemProvider$$Lambda+0x0000028b1c59e608
instanceKlass  @bci jdk/nio/zipfs/ZipFileSystem close ()V 97 <appendix> member <vmtarget> ; # jdk/nio/zipfs/ZipFileSystem$$Lambda+0x0000028b1c59e3e0
instanceKlass  @bci org/codehaus/groovy/vmplugin/v9/ClassFinder$1 visitFile (Ljava/nio/file/Path;Ljava/nio/file/attribute/BasicFileAttributes;)Ljava/nio/file/FileVisitResult; 153 <appendix> argL0 ; # org/codehaus/groovy/vmplugin/v9/ClassFinder$1$$Lambda+0x0000028b1c59a968
instanceKlass jdk/nio/zipfs/ZipDirectoryStream$1
instanceKlass jdk/nio/zipfs/ZipDirectoryStream
instanceKlass java/time/chrono/AbstractChronology
instanceKlass java/time/LocalDate$1
instanceKlass  @bci java/time/temporal/TemporalAdjusters nextOrSame (Ljava/time/DayOfWeek;)Ljava/time/temporal/TemporalAdjuster; 6 <appendix> member <vmtarget> ; # java/time/temporal/TemporalAdjusters$$Lambda+0x0000028b1c5c46f8
instanceKlass  @cpi java/time/temporal/TemporalAdjusters 209 form vmentry <vmtarget> ; # java/lang/invoke/LambdaForm$DMH+0x0000028b1c5a0000
instanceKlass java/time/temporal/TemporalAdjusters
instanceKlass jdk/nio/zipfs/ZipUtils
instanceKlass java/nio/file/SimpleFileVisitor
instanceKlass jdk/nio/zipfs/ZipFileSystem$END
instanceKlass jdk/nio/zipfs/ZipConstants
instanceKlass sun/nio/fs/WindowsChannelFactory$2
instanceKlass sun/nio/fs/WindowsSecurityDescriptor
instanceKlass java/nio/file/attribute/PosixFileAttributeView
instanceKlass jdk/nio/zipfs/ZipFileAttributeView
instanceKlass jdk/nio/zipfs/ZipPath
instanceKlass jdk/nio/zipfs/ZipCoder
instanceKlass sun/nio/fs/WindowsSecurity
instanceKlass sun/nio/fs/AbstractAclFileAttributeView
instanceKlass java/nio/file/attribute/AclFileAttributeView
instanceKlass java/nio/file/attribute/FileOwnerAttributeView
instanceKlass  @bci jdk/nio/zipfs/ZipFileSystem <init> (Ljdk/nio/zipfs/ZipFileSystemProvider;Ljava/nio/file/Path;Ljava/util/Map;)V 431 <appendix> member <vmtarget> ; # jdk/nio/zipfs/ZipFileSystem$$Lambda+0x0000028b1c59c4b8
instanceKlass sun/nio/ch/FileChannelImpl$Closer
instanceKlass sun/nio/fs/WindowsChannelFactory$Flags
instanceKlass sun/nio/fs/WindowsChannelFactory$1
instanceKlass sun/nio/fs/WindowsChannelFactory
instanceKlass sun/nio/fs/WindowsFileSystemProvider$1
instanceKlass  @bci jdk/nio/zipfs/ZipFileSystem <clinit> ()V 0 <appendix> argL0 ; # jdk/nio/zipfs/ZipFileSystem$$Lambda+0x0000028b1c59c298
instanceKlass java/nio/file/attribute/PosixFileAttributes
instanceKlass jdk/nio/zipfs/ZipFileAttributes
instanceKlass jdk/nio/zipfs/ZipFileSystem$IndexNode
instanceKlass sun/nio/fs/WindowsLinkSupport
instanceKlass  @bci sun/net/www/protocol/jrt/JavaRuntimeURLConnection <clinit> ()V 0 <appendix> argL0 ; # sun/net/www/protocol/jrt/JavaRuntimeURLConnection$$Lambda+0x0000028b1c5c0390
instanceKlass java/nio/channels/AsynchronousFileChannel
instanceKlass java/nio/channels/AsynchronousChannel
instanceKlass java/nio/file/FileStore
instanceKlass java/nio/file/spi/FileSystemProvider$1
instanceKlass sun/nio/fs/WindowsUriSupport
instanceKlass org/codehaus/groovy/vmplugin/v9/ClassFinder
instanceKlass org/apache/groovy/util/Maps
instanceKlass org/codehaus/groovy/GroovyExceptionInterface
instanceKlass groovy/lang/GroovyClassLoader$1
instanceKlass org/codehaus/groovy/runtime/memoize/CommonCache
instanceKlass java/util/concurrent/locks/StampedLock
instanceKlass org/codehaus/groovy/runtime/memoize/StampedCommonCache
instanceKlass org/codehaus/groovy/runtime/memoize/ValueConvertable
instanceKlass org/codehaus/groovy/control/CompilationUnit$IPrimaryClassNodeOperation
instanceKlass org/codehaus/groovy/control/CompilationUnit$ClassgenCallback
instanceKlass org/codehaus/groovy/runtime/memoize/UnlimitedConcurrentCache
instanceKlass org/codehaus/groovy/runtime/memoize/EvictableCache
instanceKlass org/codehaus/groovy/ast/expr/MethodCall
instanceKlass org/codehaus/groovy/control/messages/Message
instanceKlass org/codehaus/groovy/ast/stmt/LoopingStatement
instanceKlass org/codehaus/groovy/ast/CodeVisitorSupport
instanceKlass org/codehaus/groovy/ast/GroovyClassVisitor
instanceKlass org/codehaus/groovy/transform/ErrorCollecting
instanceKlass org/codehaus/groovy/ast/expr/ExpressionTransformer
instanceKlass java/util/concurrent/locks/ReentrantReadWriteLock$WriteLock
instanceKlass java/util/concurrent/locks/ReentrantReadWriteLock$ReadLock
instanceKlass org/apache/groovy/plugin/GroovyRunnerRegistry
instanceKlass  @bci org/codehaus/groovy/runtime/metaclass/MetaClassRegistryImpl <init> (IZ)V 318 <appendix> member <vmtarget> ; # org/codehaus/groovy/runtime/metaclass/MetaClassRegistryImpl$$Lambda+0x0000028b1c58b7f8
instanceKlass  @bci groovy/lang/MetaClassImpl getPropName (Ljava/lang/String;)Ljava/lang/String; 5 <appendix> member <vmtarget> ; # groovy/lang/MetaClassImpl$$Lambda+0x0000028b1c58b368
instanceKlass org/codehaus/groovy/runtime/GroovyCategorySupport
instanceKlass java/util/concurrent/locks/ReentrantReadWriteLock
instanceKlass java/util/concurrent/locks/ReadWriteLock
instanceKlass org/codehaus/groovy/util/ComplexKeyHashMap$1
instanceKlass  @bci org/codehaus/groovy/reflection/CachedClass$1 lambda$initValue$2 ()[Lorg/codehaus/groovy/reflection/CachedField; 33 <appendix> argL0 ; # org/codehaus/groovy/reflection/CachedClass$1$$Lambda+0x0000028b1c58aa78
instanceKlass  @bci org/codehaus/groovy/reflection/CachedClass$1 lambda$initValue$2 ()[Lorg/codehaus/groovy/reflection/CachedField; 23 <appendix> argL0 ; # org/codehaus/groovy/reflection/CachedClass$1$$Lambda+0x0000028b1c58a838
instanceKlass  @bci org/codehaus/groovy/reflection/CachedClass$1 lambda$initValue$2 ()[Lorg/codehaus/groovy/reflection/CachedField; 13 <appendix> argL0 ; # org/codehaus/groovy/reflection/CachedClass$1$$Lambda+0x0000028b1c58a5e8
instanceKlass  @bci org/codehaus/groovy/reflection/CachedClass$1 initValue ()[Lorg/codehaus/groovy/reflection/CachedField; 1 <appendix> member <vmtarget> ; # org/codehaus/groovy/reflection/CachedClass$1$$Lambda+0x0000028b1c58a3c0
instanceKlass java/beans/SimpleBeanInfo
instanceKlass java/beans/BeanProperty
instanceKlass  @bci com/sun/beans/introspect/PropertyInfo get (Ljava/lang/Class;)Ljava/util/Map; 440 <appendix> argL0 ; # com/sun/beans/introspect/PropertyInfo$$Lambda+0x0000028b1c37bb48
instanceKlass com/sun/beans/WildcardTypeImpl
instanceKlass com/sun/beans/introspect/PropertyInfo
instanceKlass  @bci com/sun/beans/introspect/EventSetInfo get (Ljava/lang/Class;)Ljava/util/Map; 314 <appendix> argL0 ; # com/sun/beans/introspect/EventSetInfo$$Lambda+0x0000028b1c37b498
instanceKlass com/sun/beans/introspect/EventSetInfo
instanceKlass  @bci java/lang/reflect/Executable sharedToGenericString (IZ)Ljava/lang/String; 193 <appendix> argL0 ; # java/lang/reflect/Executable$$Lambda+0x0000028b1c37ae50
instanceKlass com/sun/beans/WeakCache
instanceKlass com/sun/beans/TypeResolver
instanceKlass java/beans/MethodRef
instanceKlass com/sun/beans/introspect/MethodInfo$MethodOrder
instanceKlass  @bci java/util/ArrayDeque copyElements (Ljava/util/Collection;)V 2 <appendix> member <vmtarget> ; # java/util/ArrayDeque$$Lambda+0x0000028b1c37a088
instanceKlass com/sun/beans/introspect/MethodInfo
instanceKlass com/sun/beans/util/Cache$Ref
instanceKlass com/sun/beans/util/Cache$CacheEntry
instanceKlass com/sun/beans/util/Cache
instanceKlass com/sun/beans/introspect/ClassInfo
instanceKlass javax/swing/SwingContainer
instanceKlass java/beans/JavaBean
instanceKlass com/sun/beans/finder/ClassFinder
instanceKlass com/sun/beans/finder/InstanceFinder
instanceKlass java/beans/WeakIdentityMap
instanceKlass java/beans/ThreadGroupContext
instanceKlass  @bci groovy/lang/MetaClassImpl addProperties ()V 27 <appendix> member <vmtarget> ; # groovy/lang/MetaClassImpl$$Lambda+0x0000028b1c589da8
instanceKlass java/beans/BeanInfo
instanceKlass org/codehaus/groovy/reflection/CachedClass$CachedMethodComparatorWithString
instanceKlass org/codehaus/groovy/util/AbstractConcurrentMapBase
instanceKlass groovyjarjarasm/asm/ClassVisitor
instanceKlass  @bci org/codehaus/groovy/reflection/CachedClass$2 lambda$initValue$4 ()[Lorg/codehaus/groovy/reflection/CachedConstructor; 44 <appendix> argL0 ; # org/codehaus/groovy/reflection/CachedClass$2$$Lambda+0x0000028b1c587738
instanceKlass  @bci org/codehaus/groovy/reflection/CachedClass$2 lambda$initValue$4 ()[Lorg/codehaus/groovy/reflection/CachedConstructor; 34 <appendix> member <vmtarget> ; # org/codehaus/groovy/reflection/CachedClass$2$$Lambda+0x0000028b1c5874f0
instanceKlass  @bci org/codehaus/groovy/reflection/CachedClass$2 lambda$initValue$4 ()[Lorg/codehaus/groovy/reflection/CachedConstructor; 23 <appendix> argL0 ; # org/codehaus/groovy/reflection/CachedClass$2$$Lambda+0x0000028b1c5872a0
instanceKlass  @bci org/codehaus/groovy/reflection/CachedClass$2 lambda$initValue$4 ()[Lorg/codehaus/groovy/reflection/CachedConstructor; 13 <appendix> argL0 ; # org/codehaus/groovy/reflection/CachedClass$2$$Lambda+0x0000028b1c587050
instanceKlass groovy/lang/ExpandoMetaClass$Callable
instanceKlass org/codehaus/groovy/runtime/MethodKey
instanceKlass groovy/lang/ClosureInvokingMethod
instanceKlass  @bci org/codehaus/groovy/reflection/CachedClass$2 initValue ()[Lorg/codehaus/groovy/reflection/CachedConstructor; 1 <appendix> member <vmtarget> ; # org/codehaus/groovy/reflection/CachedClass$2$$Lambda+0x0000028b1c585d48
instanceKlass org/codehaus/groovy/runtime/metaclass/MetaMethodIndex$Header
instanceKlass org/codehaus/groovy/runtime/metaclass/MetaMethodIndex$Entry
instanceKlass org/codehaus/groovy/runtime/metaclass/MetaMethodIndex$EntryIterator
instanceKlass org/codehaus/groovy/runtime/metaclass/MetaMethodIndex
instanceKlass  @bci groovy/lang/MetaClassImpl <clinit> ()V 111 <appendix> argL0 ; # groovy/lang/MetaClassImpl$$Lambda+0x0000028b1c5849a8
instanceKlass  @bci groovy/lang/MetaClassImpl <clinit> ()V 103 <appendix> argL0 ; # groovy/lang/MetaClassImpl$$Lambda+0x0000028b1c584788
instanceKlass org/codehaus/groovy/util/SingleKeyHashMap$Copier
instanceKlass  @bci groovy/lang/MetaClassImpl <clinit> ()V 55 <appendix> argL0 ; # groovy/lang/MetaClassImpl$$Lambda+0x0000028b1c584348
instanceKlass groovy/lang/MetaClassImpl$MethodIndexAction
instanceKlass org/codehaus/groovy/runtime/GeneratedClosure
instanceKlass groovy/lang/MetaClassImpl
instanceKlass groovy/lang/MutableMetaClass
instanceKlass org/gradle/api/internal/provider/MapPropertyExtensions
instanceKlass org/w3c/dom/Document
instanceKlass org/w3c/dom/NamedNodeMap
instanceKlass org/w3c/dom/UserDataHandler
instanceKlass org/w3c/dom/TypeInfo
instanceKlass org/w3c/dom/Attr
instanceKlass org/w3c/dom/Element
instanceKlass org/w3c/dom/Node
instanceKlass org/w3c/dom/NodeList
instanceKlass org/apache/groovy/xml/extensions/XmlExtensions
instanceKlass java/sql/Blob
instanceKlass java/sql/RowId
instanceKlass java/sql/SQLType
instanceKlass java/sql/SQLXML
instanceKlass java/sql/NClob
instanceKlass java/sql/Clob
instanceKlass java/sql/Statement
instanceKlass java/sql/Array
instanceKlass java/sql/Ref
instanceKlass groovy/sql/GroovyResultSet
instanceKlass java/sql/ResultSet
instanceKlass java/sql/ResultSetMetaData
instanceKlass java/sql/Wrapper
instanceKlass org/apache/groovy/sql/extensions/SqlExtensions
instanceKlass java/nio/file/WatchKey
instanceKlass java/nio/file/WatchEvent$Modifier
instanceKlass java/nio/file/WatchEvent$Kind
instanceKlass java/nio/file/WatchService
instanceKlass org/apache/groovy/dateutil/extensions/DateUtilStaticExtensions
instanceKlass org/apache/groovy/dateutil/extensions/DateUtilExtensions
instanceKlass java/time/chrono/Chronology
instanceKlass java/time/chrono/Era
instanceKlass java/time/format/DateTimeFormatter
instanceKlass java/time/temporal/TemporalQuery
instanceKlass java/time/MonthDay
instanceKlass java/time/ZonedDateTime
instanceKlass java/time/chrono/ChronoZonedDateTime
instanceKlass java/time/Instant
instanceKlass java/time/OffsetDateTime
instanceKlass java/time/OffsetTime
instanceKlass java/time/YearMonth
instanceKlass java/time/Year
instanceKlass java/time/Period
instanceKlass java/time/chrono/ChronoPeriod
instanceKlass org/apache/groovy/datetime/extensions/DateTimeStaticExtensions
instanceKlass org/apache/groovy/datetime/extensions/DateTimeExtensions
instanceKlass org/gradle/api/artifacts/ProjectDependency
instanceKlass org/gradle/api/artifacts/SelfResolvingDependency
instanceKlass org/gradle/api/artifacts/DependencyArtifact
instanceKlass org/gradle/api/artifacts/dsl/DependencyModifier
instanceKlass org/gradle/api/artifacts/DependencyConstraint
instanceKlass org/gradle/api/provider/ProviderConvertible
instanceKlass org/gradle/api/artifacts/ExternalModuleDependency
instanceKlass org/gradle/api/artifacts/ExternalDependency
instanceKlass org/gradle/api/artifacts/ModuleVersionSelector
instanceKlass org/gradle/api/artifacts/ModuleDependency
instanceKlass org/gradle/api/artifacts/dsl/Dependencies
instanceKlass org/gradle/api/internal/artifacts/dsl/dependencies/DependenciesExtensionModule
instanceKlass  @bci org/codehaus/groovy/runtime/metaclass/MetaClassRegistryImpl$DefaultModuleListener onModule (Lorg/codehaus/groovy/runtime/m12n/ExtensionModule;)V 157 <appendix> argL0 ; # org/codehaus/groovy/runtime/metaclass/MetaClassRegistryImpl$DefaultModuleListener$$Lambda+0x0000028b1c5779c8
instanceKlass org/codehaus/groovy/runtime/metaclass/MethodHelper
instanceKlass javax/swing/event/TableColumnModelListener
instanceKlass javax/swing/ListSelectionModel
instanceKlass javax/swing/event/TableModelListener
instanceKlass java/awt/LayoutManager
instanceKlass javax/swing/ButtonModel
instanceKlass javax/swing/AbstractButton$Handler
instanceKlass javax/swing/event/ChangeListener
instanceKlass javax/swing/Icon
instanceKlass javax/swing/MenuSelectionManager
instanceKlass java/awt/BufferCapabilities
instanceKlass java/awt/ImageCapabilities
instanceKlass java/awt/image/ImageProducer
instanceKlass java/awt/image/ColorModel
instanceKlass java/awt/im/InputContext
instanceKlass java/awt/Toolkit
instanceKlass java/awt/PointerInfo
instanceKlass javax/accessibility/AccessibleStateSet
instanceKlass sun/awt/RequestFocusController
instanceKlass java/awt/im/InputMethodRequests
instanceKlass java/awt/GraphicsConfiguration
instanceKlass java/awt/image/BufferStrategy
instanceKlass java/awt/Cursor
instanceKlass java/awt/dnd/DropTarget
instanceKlass java/awt/dnd/DropTargetListener
instanceKlass java/awt/peer/ComponentPeer
instanceKlass sun/java2d/pipe/Region
instanceKlass java/awt/ComponentOrientation
instanceKlass java/awt/event/MouseWheelListener
instanceKlass java/awt/event/HierarchyBoundsListener
instanceKlass java/awt/event/HierarchyListener
instanceKlass java/awt/event/InputMethodListener
instanceKlass java/awt/event/MouseMotionListener
instanceKlass java/awt/event/MouseListener
instanceKlass java/awt/event/KeyListener
instanceKlass java/awt/event/FocusListener
instanceKlass sun/awt/ComponentFactory
instanceKlass java/awt/Event
instanceKlass java/awt/MenuComponent
instanceKlass java/awt/Image
instanceKlass javax/swing/ArrayTable
instanceKlass java/awt/Color
instanceKlass java/awt/Paint
instanceKlass java/awt/Transparency
instanceKlass javax/swing/ActionMap
instanceKlass java/awt/Insets
instanceKlass java/awt/FontMetrics
instanceKlass java/awt/Font
instanceKlass javax/swing/plaf/ComponentUI
instanceKlass javax/swing/TransferHandler$DropLocation
instanceKlass java/awt/AWTKeyStroke
instanceKlass javax/swing/InputMap
instanceKlass javax/swing/InputVerifier
instanceKlass javax/swing/border/Border
instanceKlass javax/swing/event/AncestorListener
instanceKlass javax/swing/AncestorNotifier
instanceKlass java/beans/PropertyChangeListener
instanceKlass java/awt/event/ComponentListener
instanceKlass java/beans/VetoableChangeListener
instanceKlass java/awt/geom/Dimension2D
instanceKlass java/awt/geom/Point2D
instanceKlass java/awt/geom/RectangularShape
instanceKlass java/awt/Shape
instanceKlass java/awt/Graphics
instanceKlass javax/swing/TransferHandler
instanceKlass javax/accessibility/AccessibleContext
instanceKlass java/util/EventObject
instanceKlass java/awt/event/ItemListener
instanceKlass javax/swing/Action
instanceKlass javax/swing/table/AbstractTableModel
instanceKlass javax/swing/tree/DefaultMutableTreeNode
instanceKlass javax/swing/AbstractListModel
instanceKlass javax/swing/MutableComboBoxModel
instanceKlass javax/swing/ComboBoxModel
instanceKlass javax/swing/table/TableModel
instanceKlass javax/swing/MenuElement
instanceKlass javax/accessibility/Accessible
instanceKlass java/awt/event/ActionListener
instanceKlass javax/swing/event/ListDataListener
instanceKlass javax/swing/table/TableColumn
instanceKlass javax/swing/table/TableColumnModel
instanceKlass java/awt/Component
instanceKlass java/awt/MenuContainer
instanceKlass java/awt/image/ImageObserver
instanceKlass javax/swing/TransferHandler$HasGetTransferHandler
instanceKlass javax/swing/SwingConstants
instanceKlass java/awt/ItemSelectable
instanceKlass javax/swing/ButtonGroup
instanceKlass javax/swing/tree/TreePath
instanceKlass javax/swing/tree/MutableTreeNode
instanceKlass javax/swing/tree/TreeNode
instanceKlass javax/swing/ListModel
instanceKlass org/apache/groovy/swing/extensions/SwingExtensions
instanceKlass org/codehaus/groovy/runtime/m12n/ExtensionModule
instanceKlass org/codehaus/groovy/runtime/m12n/PropertiesModuleFactory
instanceKlass org/codehaus/groovy/util/URLStreams
instanceKlass org/codehaus/groovy/runtime/metaclass/MetaClassRegistryImpl$DefaultModuleListener
instanceKlass org/codehaus/groovy/runtime/m12n/ExtensionModuleScanner
instanceKlass java/util/ResourceBundle$CacheKey
instanceKlass org/codehaus/groovy/runtime/DefaultGroovyStaticMethods
instanceKlass java/lang/constant/DynamicConstantDesc
instanceKlass java/lang/constant/ClassDesc
instanceKlass  @bci org/codehaus/groovy/runtime/metaclass/MetaClassRegistryImpl registerMethods (Ljava/lang/Class;ZZLjava/util/Map;)V 253 <appendix> argL0 ; # org/codehaus/groovy/runtime/metaclass/MetaClassRegistryImpl$$Lambda+0x0000028b1c5754d0
instanceKlass org/codehaus/groovy/runtime/RangeInfo
instanceKlass java/util/function/ToDoubleFunction
instanceKlass java/util/function/ToLongFunction
instanceKlass java/util/function/ToIntFunction
instanceKlass java/util/function/DoubleFunction
instanceKlass java/util/function/DoublePredicate
instanceKlass java/util/function/LongPredicate
instanceKlass java/util/function/IntPredicate
instanceKlass java/util/stream/DoubleStream
instanceKlass java/util/stream/LongStream
instanceKlass java/util/OptionalInt
instanceKlass java/util/OptionalDouble
instanceKlass java/util/OptionalLong
instanceKlass  @bci org/codehaus/groovy/runtime/metaclass/MetaClassRegistryImpl createMetaMethodFromClass (Ljava/util/Map;Ljava/lang/Class;)V 28 <appendix> argL0 ; # org/codehaus/groovy/runtime/metaclass/MetaClassRegistryImpl$$Lambda+0x0000028b1c574bd8
instanceKlass org/codehaus/groovy/runtime/NumberAwareComparator
instanceKlass org/codehaus/groovy/runtime/EncodingGroovyMethods
instanceKlass org/codehaus/groovy/runtime/DefaultGroovyMethodsSupport
instanceKlass java/lang/ProcessHandle
instanceKlass java/lang/ProcessHandle$Info
instanceKlass org/codehaus/groovy/runtime/MetaClassHelper
instanceKlass org/codehaus/groovy/reflection/CachedMethod$MyComparator
instanceKlass  @bci java/lang/SecurityManager nonExportedPkgs (Ljava/lang/module/ModuleDescriptor;)Ljava/util/Set; 92 <appendix> member <vmtarget> ; # java/lang/SecurityManager$$Lambda+0x0000028b1c34c070
instanceKlass  @bci java/lang/SecurityManager nonExportedPkgs (Ljava/lang/module/ModuleDescriptor;)Ljava/util/Set; 76 <appendix> argL0 ; # java/lang/SecurityManager$$Lambda+0x0000028b1c34be30
instanceKlass  @bci java/lang/SecurityManager nonExportedPkgs (Ljava/lang/module/ModuleDescriptor;)Ljava/util/Set; 66 <appendix> argL0 ; # java/lang/SecurityManager$$Lambda+0x0000028b1c34bbe0
instanceKlass  @bci java/lang/SecurityManager nonExportedPkgs (Ljava/lang/module/ModuleDescriptor;)Ljava/util/Set; 47 <appendix> member <vmtarget> ; # java/lang/SecurityManager$$Lambda+0x0000028b1c34b9a8
instanceKlass  @bci java/lang/SecurityManager nonExportedPkgs (Ljava/lang/module/ModuleDescriptor;)Ljava/util/Set; 31 <appendix> argL0 ; # java/lang/SecurityManager$$Lambda+0x0000028b1c34b768
instanceKlass  @bci java/lang/SecurityManager nonExportedPkgs (Ljava/lang/module/ModuleDescriptor;)Ljava/util/Set; 21 <appendix> argL0 ; # java/lang/SecurityManager$$Lambda+0x0000028b1c34b518
instanceKlass  @bci java/lang/SecurityManager addNonExportedPackages (Ljava/lang/ModuleLayer;)V 59 <appendix> argL0 ; # java/lang/SecurityManager$$Lambda+0x0000028b1c34b2e8
instanceKlass  @bci java/lang/SecurityManager addNonExportedPackages (Ljava/lang/ModuleLayer;)V 49 <appendix> argL0 ; # java/lang/SecurityManager$$Lambda+0x0000028b1c34b0a8
instanceKlass  @bci java/lang/SecurityManager addNonExportedPackages (Ljava/lang/ModuleLayer;)V 39 <appendix> argL0 ; # java/lang/SecurityManager$$Lambda+0x0000028b1c34ae68
instanceKlass  @bci java/lang/SecurityManager addNonExportedPackages (Ljava/lang/ModuleLayer;)V 29 <appendix> member <vmtarget> ; # java/lang/SecurityManager$$Lambda+0x0000028b1c34ac10
instanceKlass  @cpi org/gradle/api/internal/artifacts/repositories/DefaultMavenArtifactRepository 452 form vmentry <vmtarget> ; # java/lang/invoke/LambdaForm$DMH+0x0000028b1c56c400
instanceKlass  @bci java/lang/SecurityManager addNonExportedPackages (Ljava/lang/ModuleLayer;)V 17 <appendix> argL0 ; # java/lang/SecurityManager$$Lambda+0x0000028b1c34a9d0
instanceKlass  @bci org/codehaus/groovy/vmplugin/v9/Java9 lambda$static$10 (Ljava/util/Map;Ljava/util/Map;Ljava/util/Map;Ljava/lang/String;)V 41 <appendix> argL0 ; # org/codehaus/groovy/vmplugin/v9/Java9$$Lambda+0x0000028b1c56e000
instanceKlass  @bci org/codehaus/groovy/vmplugin/v9/Java9 lambda$static$10 (Ljava/util/Map;Ljava/util/Map;Ljava/util/Map;Ljava/lang/String;)V 70 <appendix> argL0 ; # org/codehaus/groovy/vmplugin/v9/Java9$$Lambda+0x0000028b1c56bd28
instanceKlass  @bci org/codehaus/groovy/vmplugin/v9/Java9 isExported (Ljava/lang/module/ModuleDescriptor;Ljava/lang/String;)Z 10 <appendix> member <vmtarget> ; # org/codehaus/groovy/vmplugin/v9/Java9$$Lambda+0x0000028b1c56bad0
instanceKlass  @bci org/codehaus/groovy/vmplugin/v9/Java9 isOpen (Ljava/lang/module/ModuleDescriptor;Ljava/lang/String;)Z 10 <appendix> member <vmtarget> ; # org/codehaus/groovy/vmplugin/v9/Java9$$Lambda+0x0000028b1c56b878
instanceKlass  @bci org/codehaus/groovy/vmplugin/v9/Java9 <clinit> ()V 69 <appendix> member <vmtarget> ; # org/codehaus/groovy/vmplugin/v9/Java9$$Lambda+0x0000028b1c56b640
instanceKlass  @cpi org/codehaus/groovy/vmplugin/v9/Java9 3507 form vmentry <vmtarget> ; # java/lang/invoke/LambdaForm$DMH+0x0000028b1c56c000
instanceKlass  @bci org/codehaus/groovy/vmplugin/v9/Java9 lambda$static$7 (Ljava/util/Map;Ljava/lang/module/ModuleDescriptor;)V 6 <appendix> member <vmtarget> ; # org/codehaus/groovy/vmplugin/v9/Java9$$Lambda+0x0000028b1c56b408
instanceKlass  @bci org/codehaus/groovy/vmplugin/v9/Java9 <clinit> ()V 34 <appendix> member <vmtarget> ; # org/codehaus/groovy/vmplugin/v9/Java9$$Lambda+0x0000028b1c56b1d0
instanceKlass  @cpi org/codehaus/groovy/vmplugin/v9/Java9 3488 form vmentry <vmtarget> ; # java/lang/invoke/LambdaForm$DMH+0x0000028b1c565c00
instanceKlass  @bci org/codehaus/groovy/vmplugin/v9/Java9 <clinit> ()V 23 <appendix> argL0 ; # org/codehaus/groovy/vmplugin/v9/Java9$$Lambda+0x0000028b1c56af90
instanceKlass org/codehaus/groovy/ast/Variable
instanceKlass groovyjarjarasm/asm/Opcodes
instanceKlass org/codehaus/groovy/vmplugin/v8/Java8
instanceKlass  @bci org/codehaus/groovy/vmplugin/VMPluginFactory createPlugin (Ljava/lang/String;Ljava/lang/String;)Lorg/codehaus/groovy/vmplugin/VMPlugin; 2 <appendix> member <vmtarget> ; # org/codehaus/groovy/vmplugin/VMPluginFactory$$Lambda+0x0000028b1c566cf8
instanceKlass org/codehaus/groovy/vmplugin/VMPlugin
instanceKlass org/codehaus/groovy/vmplugin/VMPluginFactory
instanceKlass org/codehaus/groovy/reflection/ReflectionUtils
instanceKlass  @bci org/codehaus/groovy/reflection/CachedClass$3 lambda$initValue$4 ()[Lorg/codehaus/groovy/reflection/CachedMethod; 44 <appendix> argL0 ; # org/codehaus/groovy/reflection/CachedClass$3$$Lambda+0x0000028b1c563dc8
instanceKlass  @bci org/codehaus/groovy/reflection/CachedClass$3 lambda$initValue$4 ()[Lorg/codehaus/groovy/reflection/CachedMethod; 34 <appendix> member <vmtarget> ; # org/codehaus/groovy/reflection/CachedClass$3$$Lambda+0x0000028b1c5664a0
instanceKlass  @bci org/codehaus/groovy/reflection/CachedClass$3 lambda$initValue$4 ()[Lorg/codehaus/groovy/reflection/CachedMethod; 23 <appendix> argL0 ; # org/codehaus/groovy/reflection/CachedClass$3$$Lambda+0x0000028b1c566250
instanceKlass  @bci org/codehaus/groovy/reflection/CachedClass$3 lambda$initValue$4 ()[Lorg/codehaus/groovy/reflection/CachedMethod; 13 <appendix> argL0 ; # org/codehaus/groovy/reflection/CachedClass$3$$Lambda+0x0000028b1c566000
instanceKlass org/codehaus/groovy/runtime/memoize/MemoizeCache
instanceKlass  @bci org/codehaus/groovy/reflection/CachedClass$3 initValue ()[Lorg/codehaus/groovy/reflection/CachedMethod; 1 <appendix> member <vmtarget> ; # org/codehaus/groovy/reflection/CachedClass$3$$Lambda+0x0000028b1c562320
instanceKlass  @bci org/codehaus/groovy/reflection/stdclasses/CachedSAMClass getSAMMethod (Ljava/lang/Class;)Ljava/lang/reflect/Method; 135 <appendix> member <vmtarget> ; # org/codehaus/groovy/reflection/stdclasses/CachedSAMClass$$Lambda+0x0000028b1c561b80
instanceKlass  @bci org/codehaus/groovy/reflection/stdclasses/CachedSAMClass getDeclaredMethods (Ljava/lang/Class;)[Ljava/lang/reflect/Method; 6 <appendix> member <vmtarget> ; # org/codehaus/groovy/reflection/stdclasses/CachedSAMClass$$Lambda+0x0000028b1c561958
# instanceKlass java/lang/invoke/LambdaForm$MH+0x0000028b1c565800
# instanceKlass java/lang/invoke/LambdaForm$MH+0x0000028b1c565400
# instanceKlass java/lang/invoke/LambdaForm$MH+0x0000028b1c565000
# instanceKlass java/lang/invoke/LambdaForm$MH+0x0000028b1c564c00
# instanceKlass java/lang/invoke/LambdaForm$MH+0x0000028b1c564800
# instanceKlass org/codehaus/groovy/reflection/stdclasses/CachedSAMClass$$InjectedInvoker+0x0000028b1c564400
instanceKlass java/lang/invoke/MethodHandleImpl$BindCaller$InjectedInvokerHolder
# instanceKlass java/lang/invoke/LambdaForm$MH+0x0000028b1c564000
instanceKlass java/lang/invoke/MethodHandleImpl$BindCaller
instanceKlass  @bci org/codehaus/groovy/runtime/metaclass/MetaClassRegistryImpl registerMethods (Ljava/lang/Class;ZZLjava/util/Map;)V 115 <appendix> argL0 ; # org/codehaus/groovy/runtime/metaclass/MetaClassRegistryImpl$$Lambda+0x0000028b1c561718
instanceKlass  @bci java/util/stream/Collectors joining (Ljava/lang/CharSequence;Ljava/lang/CharSequence;Ljava/lang/CharSequence;)Ljava/util/stream/Collector; 22 <appendix> argL0 ; # java/util/stream/Collectors$$Lambda+0x800000042
instanceKlass  @bci java/util/stream/Collectors joining (Ljava/lang/CharSequence;Ljava/lang/CharSequence;Ljava/lang/CharSequence;)Ljava/util/stream/Collector; 17 <appendix> argL0 ; # java/util/stream/Collectors$$Lambda+0x800000040
instanceKlass  @bci java/util/stream/Collectors joining (Ljava/lang/CharSequence;Ljava/lang/CharSequence;Ljava/lang/CharSequence;)Ljava/util/stream/Collector; 12 <appendix> argL0 ; # java/util/stream/Collectors$$Lambda+0x80000003d
instanceKlass  @bci java/util/stream/Collectors joining (Ljava/lang/CharSequence;Ljava/lang/CharSequence;Ljava/lang/CharSequence;)Ljava/util/stream/Collector; 7 <appendix> member <vmtarget> ; # java/util/stream/Collectors$$Lambda+0x800000045
instanceKlass  @bci java/lang/Class methodToString (Ljava/lang/String;[Ljava/lang/Class;)Ljava/lang/String; 42 <appendix> argL0 ; # java/lang/Class$$Lambda+0x0000028b1c349e10
instanceKlass org/codehaus/groovy/transform/trait/Traits$Implemented
instanceKlass org/codehaus/groovy/util/ReferenceType$HardRef
instanceKlass org/codehaus/groovy/util/ManagedReference
instanceKlass org/codehaus/groovy/reflection/ClassInfo$GlobalClassSet
instanceKlass org/apache/groovy/util/SystemUtil
instanceKlass org/codehaus/groovy/reflection/GroovyClassValue
instanceKlass org/codehaus/groovy/reflection/GroovyClassValueFactory
instanceKlass org/codehaus/groovy/reflection/ClassInfo$1
instanceKlass org/codehaus/groovy/reflection/CachedClass
instanceKlass org/codehaus/groovy/reflection/GroovyClassValue$ComputeValue
instanceKlass org/codehaus/groovy/util/ComplexKeyHashMap$Entry
instanceKlass org/codehaus/groovy/util/ComplexKeyHashMap$EntryIterator
instanceKlass org/codehaus/groovy/util/ComplexKeyHashMap
instanceKlass org/codehaus/groovy/reflection/ReflectionCache
instanceKlass java/util/Timer
instanceKlass java/util/TimerTask
instanceKlass groovy/lang/groovydoc/Groovydoc
instanceKlass groovy/lang/ListWithDefault
instanceKlass groovy/lang/Range
instanceKlass groovy/util/BufferedIterator
instanceKlass java/util/BitSet
instanceKlass org/codehaus/groovy/reflection/GeneratedMetaMethod$DgmMethodRecord
instanceKlass groovy/lang/MetaClassRegistry$MetaClassCreationHandle
instanceKlass org/codehaus/groovy/runtime/m12n/ExtensionModuleRegistry
instanceKlass org/codehaus/groovy/util/Reference
instanceKlass org/codehaus/groovy/util/ReferenceManager
instanceKlass org/codehaus/groovy/util/ReferenceBundle
instanceKlass org/codehaus/groovy/util/ManagedConcurrentLinkedQueue
instanceKlass org/codehaus/groovy/util/FastArray
instanceKlass groovy/lang/MetaClassRegistryChangeEventListener
instanceKlass java/util/EventListener
instanceKlass org/codehaus/groovy/reflection/ParameterTypes
instanceKlass org/codehaus/groovy/runtime/m12n/ExtensionModuleScanner$ExtensionModuleListener
instanceKlass org/codehaus/groovy/runtime/metaclass/MetaClassRegistryImpl
instanceKlass org/codehaus/groovy/runtime/InvokerHelper
instanceKlass  @bci org/gradle/internal/classpath/intercept/DefaultCallSiteDecorator addInterceptor (Lorg/gradle/internal/classpath/intercept/CallInterceptor;)V 37 <appendix> member <vmtarget> ; # org/gradle/internal/classpath/intercept/DefaultCallSiteDecorator$$Lambda+0x0000028b1c550fd0
instanceKlass  @bci org/gradle/internal/classpath/intercept/DefaultCallSiteDecorator <init> (Ljava/util/List;)V 44 <appendix> member <vmtarget> ; # org/gradle/internal/classpath/intercept/DefaultCallSiteDecorator$$Lambda+0x0000028b1c550d98
instanceKlass  @bci org/gradle/internal/classpath/intercept/DefaultCallSiteInterceptorSet getCallInterceptors (Lorg/gradle/internal/instrumentation/api/types/BytecodeInterceptorFilter;)Ljava/util/List; 20 <appendix> member <vmtarget> ; # org/gradle/internal/classpath/intercept/DefaultCallSiteInterceptorSet$$Lambda+0x0000028b1c549d98
instanceKlass org/gradle/internal/classpath/intercept/PropertyAwareCallInterceptor
instanceKlass org/gradle/internal/classpath/intercept/SignatureAwareCallInterceptor
instanceKlass org/gradle/internal/classpath/intercept/InterceptScope
# instanceKlass java/lang/invoke/LambdaForm$DMH+0x0000028b1c548000
instanceKlass org/gradle/internal/classpath/intercept/Invocation
instanceKlass org/gradle/internal/classpath/intercept/AbstractCallInterceptor
instanceKlass org/gradle/internal/classpath/intercept/FilterableCallInterceptor
instanceKlass java/lang/ProcessBuilder
instanceKlass java/lang/Process
instanceKlass org/gradle/internal/classpath/intercept/CallInterceptor
instanceKlass org/gradle/internal/classpath/intercept/DefaultCallSiteDecorator
instanceKlass org/gradle/internal/classpath/intercept/CallInterceptorResolver
